hand,multiplicity,has_pares,has_juego,juego_sum,grande_p_win,grande_p_tie,grande_p_loss,chica_p_win,chica_p_tie,chica_p_loss,pares_p_win,pares_p_tie,pares_p_loss,juego_p_win,juego_p_tie,juego_p_loss,ep_grande_prob_A_wins,ep_grande_exp_A_pts,ep_grande_exp_B_pts,ep_grande_net_A,ep_grande_total_pts,ep_chica_prob_A_wins,ep_chica_exp_A_pts,ep_chica_exp_B_pts,ep_chica_net_A,ep_chica_total_pts,ep_pares_prob_A_wins,ep_pares_exp_A_pts,ep_pares_exp_B_pts,ep_pares_net_A,ep_pares_total_pts,ep_pares_both_A,ep_pares_both_B,ep_juego_prob_A_wins,ep_juego_exp_A_pts,ep_juego_exp_B_pts,ep_juego_net_A,ep_juego_total_pts,ep_juego_both_A,ep_juego_both_B,ep_punto_prob_A_wins,ep_punto_exp_A_pts,ep_punto_exp_B_pts,ep_punto_net_A,ep_punto_total_pts,total_net_A,discard_gain_grande,discard_gain_chica,discard_gain_pares,discard_gain_juego,discard_net_gain,nd_rank,nd_imp_grande,nd_imp_chica,nd_imp_pares,nd_imp_juego
4444,1,1,0,16,0.005405,1.1e-05,0.994584,0.393468,1.1e-05,0.606522,0.96446,1.1e-05,0.035529,0.061954,0.029511,0.908535,0.333326,0.333326,0.666674,-0.333348,1.0,0.349529,0.349529,0.650471,-0.300941,1.0,0.897695,3.413201,0.38184,3.031361,3.795041,0.915836,1.0,0.250555,0.600579,1.392366,-0.791787,1.992945,0.344921,0.185974,0.080322,0.080322,0.163335,-0.083013,0.243657,1.522272,0.491691,0.167789,0.0,0.41379,-0.99046,1,0.335918,0.352296,-1.20575,0.946839
444A,32,1,0,13,0.005055,0.00035,0.994595,0.827312,0.00035,0.172338,0.932794,0.001576,0.065631,0.024051,0.019958,0.955991,0.333329,0.333329,0.666671,-0.333342,1.0,0.70721,0.70721,0.29279,0.414421,1.0,0.835147,2.297117,0.5261,1.771017,2.823217,0.889432,1.0,0.254048,0.60611,1.411383,-0.805273,2.017492,0.355561,0.192639,0.077068,0.077068,0.156574,-0.079506,0.233642,0.967317,0.492041,0.021882,0.000856,0.451694,-0.435505,1,0.335912,0.099966,0.054594,0.956817
44AA,168,1,0,10,0.003217,0.001838,0.994945,0.977788,0.001838,0.020374,0.962622,0.001838,0.03554,0.008119,0.004289,0.987592,0.333331,0.333331,0.666669,-0.333339,1.0,0.979135,0.979135,0.020865,0.958271,1.0,0.919409,3.395132,0.29323,3.101902,3.688361,0.884482,1.0,0.257391,0.611413,1.431236,-0.819823,2.042649,0.366479,0.199374,0.073792,0.073792,0.149836,-0.076044,0.223628,2.830968,0.493879,0.0,0.0,0.467626,-2.440754,1,0.335908,-0.021707,-2.470356,0.967905
4AAA,224,1,0,7,0.000766,0.002451,0.996783,0.996783,0.002451,0.000766,0.913185,0.019608,0.067206,0.000766,0.002451,0.996783,0.333332,0.333332,0.666668,-0.333337,1.0,0.99983,0.99983,0.00017,0.99966,1.0,0.846276,2.26639,0.472037,1.794353,2.738427,0.863732,1.0,0.260601,0.616512,1.451631,-0.835119,2.068142,0.377589,0.20618,0.07052,0.07052,0.143185,-0.072665,0.213704,1.552892,0.49633,0.0,0.006577,0.474979,0.241162,2,0.335906,-0.007883,0.196473,0.979823
5444,16,1,0,17,0.01487,0.000175,0.984955,0.393292,0.000175,0.606532,0.932794,0.001576,0.065631,0.091465,0.029587,0.878947,0.333328,0.333328,0.666672,-0.333344,1.0,0.349531,0.349531,0.650469,-0.300937,1.0,0.832377,2.316242,0.544405,1.771837,2.860647,0.899097,1.0,0.246995,0.593332,1.367715,-0.774383,1.961048,0.333935,0.17958,0.084149,0.084149,0.170726,-0.086577,0.254874,0.276595,0.482226,0.167964,0.000856,0.38428,0.255216,2,0.335913,0.352292,0.053774,0.932998
544A,192,1,0,14,0.012769,0.002101,0.98513,0.825211,0.002101,0.172688,0.566539,0.035715,0.397746,0.044009,0.008841,0.94715,0.33333,0.33333,0.66667,-0.33334,1.0,0.70721,0.70721,0.29279,0.414421,1.0,0.387829,0.800136,1.184206,-0.38407,1.984342,0.745542,1.0,0.250554,0.599054,1.387669,-0.788614,1.986723,0.344668,0.186138,0.080625,0.080625,0.1637,-0.083075,0.244325,-1.174679,0.484327,0.023983,0.094732,0.431736,1.154493,9,0.335909,0.099966,0.784573,0.943728
54AA,448,1,0,11,0.007867,0.004902,0.987231,0.972885,0.004902,0.022212,0.434183,0.132356,0.433461,0.012408,0.004902,0.98269,0.333331,0.333331,0.666669,-0.333338,1.0,0.977617,0.977617,0.022383,0.955234,1.0,0.373422,0.766075,1.159695,-0.39362,1.92577,0.706622,1.0,0.253984,0.604579,1.408167,-0.803588,2.012747,0.355584,0.192765,0.077182,0.077182,0.156682,-0.0795,0.233863,-0.654812,0.489229,0.0,0.191171,0.463336,1.045026,6,0.335907,-0.018671,1.025167,0.955127
5544,36,1,0,18,0.018985,0.000394,0.980622,0.391848,0.000394,0.607758,0.966309,0.000394,0.033297,0.121053,0.029981,0.848966,0.333329,0.333329,0.666671,-0.333343,1.0,0.349532,0.349532,0.650468,-0.300936,1.0,0.909187,3.417906,0.334736,3.08317,3.752642,0.904286,1.0,0.243284,0.585883,1.343789,-0.757906,1.929672,0.323233,0.17328,0.088149,0.088149,0.17797,-0.089821,0.266119,1.601164,0.478112,0.169408,0.0,0.354692,-1.62135,1,0.335912,0.352291,-2.717632,0.919765
554A,192,1,0,15,0.016884,0.002101,0.981015,0.810504,0.002101,0.187395,0.602254,0.035715,0.362031,0.05285,0.009104,0.938046,0.33333,0.33333,0.66667,-0.33334,1.0,0.693854,0.693854,0.306146,0.387707,1.0,0.402211,0.818256,1.166086,-0.34783,1.984342,0.754641,1.0,0.24693,0.591828,1.364459,-0.772631,1.956287,0.333979,0.17973,0.084178,0.084178,0.170913,-0.086735,0.255091,-1.152828,0.480212,0.018589,0.08648,0.422894,1.132642,9,0.335909,0.108811,0.806526,0.931404
5554,16,1,0,19,0.019729,0.000175,0.980096,0.36725,0.000175,0.632575,0.934369,0.001576,0.064055,0.151034,0.037466,0.8115,0.333328,0.333328,0.666672,-0.333344,1.0,0.347335,0.347335,0.652665,-0.305329,1.0,0.833362,2.318874,0.541773,1.777102,2.860647,0.899216,1.0,0.239431,0.578249,1.320656,-0.742407,1.898905,0.312831,0.167069,0.09261,0.09261,0.18474,-0.09213,0.27735,0.303891,0.477367,0.194006,0.000874,0.324711,0.223164,2,0.335913,0.356684,0.068135,0.906576
5555,1,1,0,20,0.019904,1.1e-05,0.980085,0.224029,1.1e-05,0.77596,0.966703,1.1e-05,0.033286,0.1885,0.029117,0.782383,0.333326,0.333326,0.666674,-0.333348,1.0,0.334766,0.334766,0.665234,-0.330467,1.0,0.903345,3.434015,0.361026,3.072988,3.795041,0.916362,1.0,0.235439,0.570443,1.298587,-0.728144,1.869029,0.302796,0.160937,0.096543,0.096543,0.191918,-0.095375,0.288462,1.585654,0.477192,0.273067,0.0,0.287245,-1.058599,1,0.335918,0.333037,-1.227751,0.895557
555A,32,1,0,16,0.019378,0.00035,0.980271,0.679899,0.00035,0.319751,0.934369,0.001576,0.064055,0.061954,0.029511,0.908535,0.333329,0.333329,0.666671,-0.333342,1.0,0.51399,0.51399,0.48601,0.027981,1.0,0.839068,2.307381,0.515836,1.791545,2.823217,0.889949,1.0,0.243176,0.584435,1.341908,-0.757473,1.926342,0.323541,0.173407,0.087723,0.087723,0.178154,-0.090431,0.265877,0.63828,0.477718,0.079291,0.000874,0.41379,-0.111225,1,0.335912,0.329759,0.053692,0.919942
55AA,168,1,0,12,0.015045,0.001838,0.983116,0.941635,0.001838,0.056527,0.964471,0.001838,0.033691,0.01731,0.00674,0.975949,0.333331,0.333331,0.666669,-0.333339,1.0,0.924181,0.924181,0.075819,0.848362,1.0,0.922602,3.406668,0.281694,3.124974,3.688361,0.884882,1.0,0.25046,0.597594,1.385464,-0.78787,1.983058,0.344841,0.186248,0.080581,0.080581,0.163636,-0.083055,0.244217,2.769072,0.482051,0.000265,0.0,0.458434,-2.378858,1,0.335908,0.016072,-2.493428,0.942963
5AAA,224,1,0,8,0.005416,0.002451,0.992133,0.994332,0.002451,0.003217,0.913185,0.019608,0.067206,0.003217,0.002451,0.994332,0.333332,0.333332,0.666668,-0.333337,1.0,0.998472,0.998472,0.001528,0.996944,1.0,0.846276,2.26639,0.472037,1.794353,2.738427,0.863732,1.0,0.257294,0.609918,1.429008,-0.81909,2.038926,0.366625,0.199465,0.073766,0.073766,0.149788,-0.076022,0.223555,1.562848,0.49168,0.0,0.006577,0.472528,0.231206,2,0.335906,-0.005166,0.196473,0.96715
6444,16,1,0,18,0.029369,0.000175,0.970456,0.393117,0.000175,0.606708,0.932794,0.001576,0.065631,0.121053,0.029981,0.848966,0.333328,0.333328,0.666672,-0.333344,1.0,0.349531,0.349531,0.650469,-0.300937,1.0,0.832377,2.316242,0.544405,1.771837,2.860647,0.899097,1.0,0.244226,0.587797,1.349815,-0.762018,1.937612,0.325989,0.174844,0.087176,0.087176,0.176122,-0.088947,0.263298,0.286591,0.467727,0.168139,0.000856,0.354692,0.24522,2,0.335913,0.352292,0.053774,0.923003
644A,192,1,0,15,0.027268,0.002101,0.970631,0.82311,0.002101,0.174789,0.566539,0.035715,0.397746,0.05285,0.009104,0.938046,0.33333,0.33333,0.66667,-0.33334,1.0,0.706534,0.706534,0.293466,0.413068,1.0,0.387823,0.800123,1.184219,-0.384096,1.984342,0.745538,1.0,0.247869,0.593685,1.369987,-0.776301,1.963672,0.336652,0.181306,0.08329,0.08329,0.169181,-0.085891,0.252471,-1.166559,0.469828,0.026084,0.094732,0.422894,1.146373,9,0.335909,0.101319,0.784599,0.93423
64AA,448,1,0,12,0.022366,0.004902,0.972732,0.967983,0.004902,0.027115,0.434183,0.132356,0.433461,0.01731,0.00674,0.975949,0.333331,0.333331,0.666669,-0.333338,1.0,0.971552,0.971552,0.028448,0.943104,1.0,0.373416,0.766061,1.159709,-0.393647,1.92577,0.706616,1.0,0.251385,0.599382,1.390669,-0.791287,1.990051,0.347484,0.187838,0.079756,0.079756,0.161988,-0.082232,0.241743,-0.6574,0.47473,0.0,0.191171,0.458434,1.047614,7,0.335907,-0.006541,1.025194,0.945558
6544,96,1,0,19,0.040048,0.00105,0.958901,0.390798,0.00105,0.608152,0.566539,0.035715,0.397746,0.151034,0.037466,0.8115,0.33333,0.33333,0.66667,-0.33334,1.0,0.349526,0.349526,0.650474,-0.300948,1.0,0.399092,0.830624,1.210772,-0.380147,2.041396,0.774733,1.0,0.241424,0.583746,1.334517,-0.750772,1.918263,0.317905,0.170141,0.090716,0.090716,0.181249,-0.090533,0.271966,-1.85574,0.457048,0.170459,0.087932,0.324711,1.835554,11,0.335909,0.352303,0.687588,0.913343
654A,512,0,0,16,0.034446,0.005602,0.959952,0.804902,0.005602,0.189496,0.0,0.434183,0.565817,0.061954,0.029511,0.908535,0.333331,0.333331,0.666669,-0.333338,1.0,0.692347,0.692347,0.307653,0.384694,1.0,0.323892,0.40156,1.241216,-0.839656,1.642777,0.685537,0.430541,0.245132,0.589814,1.355317,-0.765503,1.945131,0.328582,0.176525,0.086017,0.086017,0.174736,-0.088718,0.260753,-1.642521,0.46265,0.024191,0.400199,0.41379,1.622335,15,0.335907,0.111824,0.804527,0.926259
6554,96,1,0,20,0.043199,0.00105,0.95575,0.3662,0.00105,0.63275,0.602254,0.035715,0.362031,0.1885,0.029117,0.782383,0.33333,0.33333,0.66667,-0.33334,1.0,0.347337,0.347337,0.652663,-0.305326,1.0,0.414022,0.850231,1.191164,-0.340933,2.041396,0.782857,1.0,0.238526,0.579575,1.319933,-0.740358,1.899508,0.310044,0.165492,0.09423,0.09423,0.186296,-0.092067,0.280526,-1.812023,0.453897,0.195057,0.08018,0.287245,1.791837,11,0.335909,0.356681,0.706471,0.904463
6555,16,1,0,21,0.04425,0.000175,0.955575,0.223854,0.000175,0.775971,0.934369,0.001576,0.064055,0.217617,0.03624,0.746143,0.333328,0.333328,0.666672,-0.333343,1.0,0.334768,0.334768,0.665232,-0.330463,1.0,0.836262,2.326536,0.534111,1.792424,2.860647,0.899566,1.0,0.235524,0.575268,1.306332,-0.731064,1.8816,0.302486,0.160889,0.098436,0.098436,0.190449,-0.092012,0.288885,0.305542,0.452846,0.273242,0.000874,0.258128,0.221513,2,0.335912,0.333033,0.052813,0.895115
655A,192,1,0,17,0.041099,0.002101,0.956801,0.677798,0.002101,0.320101,0.602254,0.035715,0.362031,0.091465,0.029587,0.878947,0.333331,0.333331,0.666669,-0.333339,1.0,0.513991,0.513991,0.486009,0.027981,1.0,0.41677,0.836623,1.147802,-0.31118,1.984425,0.763212,1.0,0.242307,0.585835,1.341231,-0.755397,1.927066,0.320697,0.171795,0.088719,0.088719,0.180245,-0.091526,0.268964,-1.463459,0.455997,0.081392,0.08648,0.38428,1.443273,11,0.335908,0.329759,0.769876,0.918961
65AA,448,1,0,13,0.029544,0.004902,0.965554,0.936733,0.004902,0.058365,0.434183,0.132356,0.433461,0.024051,0.019958,0.955991,0.333331,0.333331,0.666669,-0.333337,1.0,0.922714,0.922714,0.077286,0.845429,1.0,0.373409,0.766048,1.159722,-0.393674,1.92577,0.706611,1.0,0.248723,0.595704,1.376435,-0.780731,1.972139,0.33937,0.182978,0.082346,0.082346,0.167356,-0.085011,0.249702,-0.747324,0.467552,0.005167,0.191171,0.451694,1.137538,8,0.335907,0.019005,1.025221,0.93778
6644,36,1,0,20,0.048364,0.000394,0.951242,0.385152,0.000394,0.614455,0.968552,0.000394,0.031054,0.1885,0.029117,0.782383,0.33333,0.33333,0.66667,-0.333341,1.0,0.349309,0.349309,0.650691,-0.301382,1.0,0.915198,3.439861,0.312781,3.12708,3.752642,0.904915,1.0,0.238541,0.5764,1.313614,-0.737214,1.890013,0.309986,0.165465,0.094337,0.094337,0.186227,-0.09189,0.280565,1.663253,0.448732,0.176105,0.0,0.287245,-1.683439,1,0.33591,0.352737,-2.692274,0.901142
664A,192,1,0,17,0.046263,0.002101,0.951636,0.774789,0.002101,0.22311,0.637969,0.035715,0.326316,0.091465,0.029587,0.878947,0.333331,0.333331,0.666669,-0.333338,1.0,0.647885,0.647885,0.352115,0.295771,1.0,0.433737,0.859015,1.12541,-0.266395,1.984425,0.772475,1.0,0.242335,0.582638,1.334605,-0.751967,1.917244,0.320579,0.171754,0.088848,0.088848,0.180231,-0.091383,0.269079,-1.147312,0.450833,0.051687,0.078302,0.38428,1.127126,10,0.335907,0.200747,0.796127,0.915388
6654,96,1,0,21,0.050859,0.00105,0.948091,0.359897,0.00105,0.639052,0.637969,0.035715,0.326316,0.217617,0.03624,0.746143,0.333331,0.333331,0.666669,-0.333339,1.0,0.34688,0.34688,0.65312,-0.306239,1.0,0.430277,0.872063,1.169333,-0.29727,2.041396,0.791059,1.0,0.236598,0.575719,1.307773,-0.732053,1.883492,0.304723,0.162384,0.097587,0.097587,0.188824,-0.091237,0.286411,-1.760138,0.446237,0.201359,0.072459,0.258128,1.739952,11,0.335908,0.357594,0.732075,0.895329
6655,36,1,0,22,0.051909,0.000394,0.947697,0.222585,0.000394,0.777022,0.968946,0.000394,0.03066,0.253857,0.086574,0.659569,0.33333,0.33333,0.66667,-0.333341,1.0,0.334769,0.334769,0.665231,-0.330462,1.0,0.915398,3.440611,0.312031,3.12858,3.752642,0.904935,1.0,0.234579,0.574916,1.30276,-0.727844,1.877676,0.2997,0.159335,0.109527,0.109527,0.182486,-0.072959,0.292013,1.663975,0.445187,0.274512,0.0,0.221888,-1.684161,1,0.33591,0.333031,-2.693775,0.872841
665A,192,1,0,18,0.048758,0.002101,0.949141,0.665193,0.002101,0.332706,0.637969,0.035715,0.326316,0.121053,0.029981,0.848966,0.333331,0.333331,0.666669,-0.333338,1.0,0.507118,0.507118,0.492882,0.014236,1.0,0.433737,0.859015,1.12541,-0.266395,1.984425,0.772475,1.0,0.240439,0.5821,1.329192,-0.747093,1.911292,0.315306,0.168625,0.090724,0.090724,0.183943,-0.093219,0.274667,-1.425808,0.448338,0.093997,0.078302,0.354692,1.405622,11,0.335907,0.343504,0.796127,0.91235
6664,16,1,0,22,0.052653,0.000175,0.947171,0.312452,0.000175,0.687373,0.935945,0.001576,0.062479,0.253857,0.086574,0.659569,0.333329,0.333329,0.666671,-0.333342,1.0,0.341426,0.341426,0.658574,-0.317148,1.0,0.837252,2.329189,0.531458,1.79773,2.860647,0.899684,1.0,0.233633,0.566653,1.283968,-0.717315,1.850621,0.296782,0.157737,0.10971,0.10971,0.185396,-0.075686,0.295105,0.354239,0.444443,0.248804,0.000903,0.221888,0.301992,2,0.335912,0.368503,0.067511,0.865039
6665,16,1,0,23,0.052829,0.000175,0.946996,0.204683,0.000175,0.795142,0.935945,0.001576,0.062479,0.340431,0.038341,0.621228,0.333329,0.333329,0.666671,-0.333342,1.0,0.334504,0.334504,0.665496,-0.330993,1.0,0.837252,2.329189,0.531458,1.79773,2.860647,0.899684,1.0,0.232604,0.569429,1.287897,-0.718468,1.857326,0.294376,0.156238,0.118149,0.118149,0.17971,-0.061561,0.297859,0.353365,0.444268,0.292413,0.000903,0.135314,0.302866,2,0.335912,0.333562,0.067511,0.852068
6666,1,1,0,24,0.053004,1.1e-05,0.946985,0.11626,1.1e-05,0.883729,0.96934,1.1e-05,0.030649,0.378772,0.033319,0.587909,0.333327,0.333327,0.666673,-0.333346,1.0,0.333393,0.333393,0.666607,-0.333214,1.0,0.910209,3.459421,0.33562,3.123801,3.795041,0.916993,1.0,0.22959,0.558747,1.261302,-0.702555,1.820049,0.286364,0.151593,0.125401,0.125401,0.181154,-0.055753,0.306555,1.698933,0.444092,0.380836,0.0,0.096972,-1.042702,1,0.335916,0.335783,-1.25856,0.830346
666A,32,1,0,19,0.052303,0.00035,0.947347,0.570303,0.00035,0.429347,0.935945,0.001576,0.062479,0.151034,0.037466,0.8115,0.33333,0.33333,0.66667,-0.33334,1.0,0.428129,0.428129,0.571871,-0.143743,1.0,0.843014,2.317725,0.505492,1.812233,2.823217,0.890464,1.0,0.23756,0.573203,1.305582,-0.732379,1.878785,0.307281,0.163886,0.09409,0.09409,0.188994,-0.094904,0.283084,0.507866,0.444793,0.177459,0.000903,0.324711,0.148365,2,0.33591,0.501483,0.053008,0.899322
66AA,168,1,0,14,0.044425,0.001838,0.953737,0.910384,0.001838,0.087778,0.966714,0.001838,0.031448,0.044009,0.008841,0.94715,0.333331,0.333331,0.666669,-0.333337,1.0,0.878748,0.878748,0.121252,0.757497,1.0,0.927056,3.422811,0.26555,3.157262,3.688361,0.885435,1.0,0.246013,0.588701,1.355897,-0.767196,1.944598,0.331278,0.178114,0.085,0.085,0.172761,-0.087761,0.257761,2.726465,0.452671,0.015917,0.0,0.431736,-2.336251,1,0.335906,0.066142,-2.525715,0.926995
6AAA,224,1,0,9,0.019915,0.002451,0.977634,0.991881,0.002451,0.005668,0.913185,0.019608,0.067206,0.005668,0.002451,0.991881,0.333332,0.333332,0.666668,-0.333337,1.0,0.997114,0.997114,0.002886,0.994228,1.0,0.846276,2.26639,0.472037,1.794353,2.738427,0.863732,1.0,0.254782,0.604895,1.411671,-0.806775,2.016566,0.358434,0.194442,0.076257,0.076257,0.15492,-0.078663,0.231177,1.569805,0.477181,0.0,0.006577,0.470077,0.224248,2,0.335906,-0.00245,0.196473,0.957477
7444,16,1,0,19,0.062469,0.000175,0.937356,0.392942,0.000175,0.606883,0.932794,0.001576,0.065631,0.151034,0.037466,0.8115,0.333334,0.333334,0.666666,-0.333332,1.0,0.349531,0.349531,0.650469,-0.300937,1.0,0.832377,2.316242,0.544405,1.771837,2.860647,0.899097,1.0,0.242949,0.589467,1.349635,-0.760168,1.939102,0.322265,0.17259,0.088962,0.088962,0.178225,-0.089263,0.267187,0.288136,0.434628,0.168314,0.000856,0.346008,0.243675,2,0.335902,0.352292,0.053774,0.92147
744A,192,1,0,16,0.060368,0.002101,0.937531,0.821009,0.002101,0.17689,0.566539,0.035715,0.397746,0.061954,0.029511,0.908535,0.333336,0.333336,0.666664,-0.333328,1.0,0.705858,0.705858,0.294142,0.411716,1.0,0.387816,0.80011,1.184232,-0.384122,1.984342,0.745534,1.0,0.245717,0.592003,1.360792,-0.768789,1.952795,0.33017,0.177417,0.085411,0.085411,0.173661,-0.08825,0.259073,-1.162774,0.436728,0.028185,0.094732,0.435087,1.142587,10,0.335897,0.102671,0.784625,0.929078
74AA,448,1,0,13,0.055466,0.004902,0.939632,0.963081,0.004902,0.032017,0.434183,0.132356,0.433461,0.024051,0.019958,0.955991,0.333336,0.333336,0.666664,-0.333327,1.0,0.965503,0.965503,0.034497,0.931007,1.0,0.373409,0.766048,1.159722,-0.393674,1.92577,0.706611,1.0,0.248383,0.594374,1.37269,-0.778316,1.967065,0.338301,0.182279,0.082749,0.082749,0.168118,-0.085369,0.250868,-0.65968,0.44163,0.002418,0.191171,0.472991,1.049894,7,0.335896,0.005557,1.025221,0.935724
7544,96,1,0,20,0.073148,0.00105,0.925802,0.389747,0.00105,0.609202,0.566539,0.035715,0.397746,0.1885,0.029117,0.782383,0.333343,0.333343,0.666657,-0.333314,1.0,0.349497,0.349497,0.650503,-0.301005,1.0,0.399086,0.830612,1.210784,-0.380172,2.041396,0.774729,1.0,0.23916,0.580216,1.321965,-0.74175,1.902181,0.31145,0.166332,0.093576,0.093576,0.185303,-0.091727,0.278879,-1.847969,0.423948,0.171509,0.087932,0.308542,1.827783,11,0.335884,0.35236,0.687613,0.905515
754A,512,0,0,17,0.067546,0.005602,0.926852,0.7993,0.005602,0.195098,0.0,0.434183,0.565817,0.091465,0.029587,0.878947,0.333344,0.333344,0.666656,-0.333313,1.0,0.686339,0.686339,0.313661,0.372678,1.0,0.323886,0.401554,1.241229,-0.839675,1.642783,0.685531,0.430547,0.241976,0.582875,1.333856,-0.750981,1.916731,0.319438,0.171084,0.089245,0.089245,0.181088,-0.091843,0.270333,-1.643133,0.42955,0.029793,0.400199,0.405577,1.622947,15,0.335882,0.123839,0.804547,0.914862
7554,96,1,0,21,0.076299,0.00105,0.92265,0.365149,0.00105,0.6338,0.602254,0.035715,0.362031,0.217617,0.03624,0.746143,0.333344,0.333344,0.666656,-0.333311,1.0,0.34731,0.34731,0.65269,-0.305381,1.0,0.414016,0.850219,1.191177,-0.340958,2.041396,0.782853,1.0,0.235226,0.570745,1.294955,-0.72421,1.8657,0.300895,0.160162,0.099189,0.099189,0.191414,-0.092225,0.290603,-1.796085,0.420797,0.196107,0.08018,0.279425,1.775899,11,0.33588,0.356736,0.706496,0.888474
7555,16,1,0,22,0.07735,0.000175,0.922475,0.223679,0.000175,0.776146,0.934369,0.001576,0.064055,0.253857,0.086574,0.659569,0.333343,0.333343,0.666657,-0.333314,1.0,0.334768,0.334768,0.665232,-0.330463,1.0,0.836262,2.326536,0.534111,1.792424,2.860647,0.899566,1.0,0.23116,0.561084,1.268652,-0.707568,1.829735,0.290599,0.15407,0.112875,0.112875,0.189449,-0.076574,0.302324,0.344504,0.419746,0.273417,0.000874,0.243185,0.18255,2,0.335884,0.333033,0.052813,0.85618
755A,192,1,0,18,0.074198,0.002101,0.923701,0.675698,0.002101,0.322202,0.602254,0.035715,0.362031,0.121053,0.029981,0.848966,0.333345,0.333345,0.666655,-0.33331,1.0,0.51358,0.51358,0.48642,0.027161,1.0,0.416763,0.83661,1.147815,-0.311205,1.984425,0.763208,1.0,0.23811,0.573564,1.307358,-0.733794,1.880922,0.308887,0.164834,0.0932,0.0932,0.18848,-0.09528,0.281681,-1.446429,0.422898,0.083493,0.08648,0.375989,1.426243,11,0.33588,0.330579,0.769902,0.901113
75AA,448,1,0,14,0.062644,0.004902,0.932454,0.931831,0.004902,0.063267,0.434183,0.132356,0.433461,0.044009,0.008841,0.94715,0.33334,0.33334,0.66666,-0.33332,1.0,0.916857,0.916857,0.083143,0.833714,1.0,0.373402,0.766034,1.159736,-0.393701,1.92577,0.706606,1.0,0.24471,0.585406,1.346209,-0.760802,1.931615,0.327559,0.175868,0.086364,0.086364,0.175412,-0.089047,0.261776,-0.743157,0.434452,0.010069,0.191171,0.453033,1.133371,8,0.335889,0.030719,1.025248,0.921888
7644,96,1,0,21,0.088029,0.00105,0.91092,0.384101,0.00105,0.614848,0.566539,0.035715,0.397746,0.217617,0.03624,0.746143,0.33336,0.33336,0.66664,-0.333279,1.0,0.349303,0.349303,0.650697,-0.301395,1.0,0.399079,0.8306,1.210796,-0.380197,2.041396,0.774726,1.0,0.236233,0.574363,1.303778,-0.729414,1.878141,0.303531,0.161706,0.098043,0.098043,0.189702,-0.091659,0.287744,-1.835944,0.409067,0.177155,0.087932,0.279425,1.815758,11,0.335849,0.35275,0.687637,0.893111
764A,512,0,0,18,0.082427,0.005602,0.911971,0.769187,0.005602,0.225211,0.0,0.434183,0.565817,0.121053,0.029981,0.848966,0.333361,0.333361,0.666639,-0.333279,1.0,0.646484,0.646484,0.353516,0.292968,1.0,0.323879,0.401547,1.241242,-0.839695,1.64279,0.685524,0.430552,0.239116,0.577156,1.315831,-0.738675,1.892987,0.311454,0.166384,0.092267,0.092267,0.186717,-0.09445,0.278984,-1.713131,0.414669,0.05729,0.400199,0.375989,1.692945,15,0.335848,0.20355,0.804567,0.905163
7654,256,0,0,22,0.094682,0.002801,0.902517,0.357096,0.002801,0.640103,0.0,0.434183,0.565817,0.253857,0.086574,0.659569,0.333374,0.333374,0.666626,-0.333252,1.0,0.34682,0.34682,0.65318,-0.306359,1.0,0.321104,0.416467,1.28426,-0.867793,1.700728,0.710813,0.448943,0.233259,0.568387,1.285405,-0.717018,1.853792,0.295553,0.157102,0.11084,0.11084,0.185929,-0.075089,0.296769,-2.299511,0.402414,0.20416,0.383947,0.243185,2.279325,16,0.335821,0.357714,0.77043,0.864145
7655,96,1,0,23,0.097483,0.00105,0.901466,0.221534,0.00105,0.777415,0.602254,0.035715,0.362031,0.340431,0.038341,0.621228,0.333374,0.333374,0.666626,-0.333252,1.0,0.334769,0.334769,0.665231,-0.330463,1.0,0.429068,0.869963,1.171509,-0.301547,2.041472,0.790471,1.0,0.230194,0.562297,1.267744,-0.705447,1.830041,0.287783,0.152542,0.119538,0.119538,0.186143,-0.066605,0.305681,-1.737313,0.399613,0.275562,0.08018,0.156611,1.717127,11,0.335821,0.333032,0.667085,0.844091
765A,512,0,0,19,0.08908,0.005602,0.905318,0.659591,0.005602,0.334807,0.0,0.434183,0.565817,0.151034,0.037466,0.8115,0.333371,0.333371,0.666629,-0.333259,1.0,0.506205,0.506205,0.493795,0.012409,1.0,0.323873,0.401541,1.241255,-0.839715,1.642796,0.685518,0.430558,0.236191,0.571312,1.297941,-0.726629,1.869254,0.303491,0.161724,0.095635,0.095635,0.192065,-0.09643,0.2877,-1.983623,0.408016,0.0996,0.400199,0.346008,1.963437,16,0.335828,0.345331,0.804586,0.895098
7664,96,1,0,23,0.100635,0.00105,0.898315,0.311402,0.00105,0.687548,0.637969,0.035715,0.326316,0.340431,0.038341,0.621228,0.333379,0.333379,0.666621,-0.333243,1.0,0.341427,0.341427,0.658573,-0.317145,1.0,0.446583,0.89391,1.147562,-0.253652,2.041472,0.798689,1.0,0.230223,0.560738,1.264287,-0.703549,1.825025,0.28767,0.152517,0.120869,0.120869,0.184927,-0.064058,0.305796,-1.671646,0.396461,0.249855,0.072459,0.156611,1.65146,11,0.335812,0.3685,0.688457,0.839645
7665,96,1,0,24,0.101685,0.00105,0.897264,0.203633,0.00105,0.795317,0.637969,0.035715,0.326316,0.378772,0.033319,0.587909,0.333379,0.333379,0.666621,-0.333242,1.0,0.334505,0.334505,0.665495,-0.33099,1.0,0.446583,0.89391,1.147562,-0.253652,2.041472,0.798689,1.0,0.228163,0.558234,1.255377,-0.697142,1.813611,0.282464,0.149499,0.128135,0.128135,0.183734,-0.055599,0.311869,-1.670624,0.395411,0.293463,0.072459,0.118269,1.650438,11,0.335811,0.333559,0.688457,0.824779
7666,16,1,0,25,0.102736,0.000175,0.897089,0.116085,0.000175,0.88374,0.935945,0.001576,0.062479,0.412091,0.067929,0.51998,0.333377,0.333377,0.666623,-0.333245,1.0,0.333395,0.333395,0.666605,-0.33321,1.0,0.84017,2.336909,0.523738,1.813171,2.860647,0.900033,1.0,0.22505,0.548864,1.231384,-0.68252,1.780248,0.274566,0.144925,0.158667,0.158667,0.162312,-0.003646,0.320979,0.46055,0.394361,0.381011,0.000903,0.084951,0.195681,2,0.335815,0.335779,0.05207,0.758204
766A,192,1,0,20,0.098534,0.002101,0.899365,0.568202,0.002101,0.429697,0.637969,0.035715,0.326316,0.1885,0.029117,0.782383,0.333379,0.333379,0.666621,-0.333243,1.0,0.428129,0.428129,0.571871,-0.143742,1.0,0.450752,0.881432,1.103076,-0.221644,1.984508,0.781063,1.0,0.233224,0.563791,1.27693,-0.713139,1.840721,0.295531,0.157068,0.099607,0.099607,0.196913,-0.097306,0.296521,-1.509073,0.398562,0.17956,0.078302,0.308542,1.488887,11,0.335812,0.501482,0.751376,0.882483
76AA,448,1,0,15,0.077525,0.004902,0.917573,0.905482,0.004902,0.089616,0.434183,0.132356,0.433461,0.05285,0.009104,0.938046,0.333354,0.333354,0.666646,-0.333291,1.0,0.877326,0.877326,0.122674,0.754651,1.0,0.373395,0.766021,1.159749,-0.393729,1.92577,0.7066,1.0,0.24192,0.579825,1.328322,-0.748496,1.908147,0.3195,0.171095,0.089124,0.089124,0.181097,-0.091973,0.270221,-0.812838,0.419571,0.020819,0.191171,0.444191,1.203052,8,0.335861,0.068987,1.025275,0.912508
7744,36,1,0,22,0.10685,0.000394,0.892756,0.379505,0.000394,0.620101,0.971189,0.000394,0.028417,0.253857,0.086574,0.659569,0.333391,0.333391,0.666609,-0.333218,1.0,0.349124,0.349124,0.650876,-0.301753,1.0,0.922467,3.466535,0.286108,3.180427,3.752642,0.905664,1.0,0.234149,0.573219,1.296784,-0.723565,1.870003,0.297934,0.158409,0.110121,0.110121,0.183895,-0.073775,0.294016,1.748117,0.390246,0.181751,0.0,0.256841,-1.768303,1,0.335787,0.353108,-2.664029,0.869378
774A,192,1,0,19,0.104749,0.002101,0.89315,0.744677,0.002101,0.253222,0.673684,0.035715,0.290601,0.151034,0.037466,0.8115,0.333393,0.333393,0.666607,-0.333215,1.0,0.61227,0.61227,0.38773,0.22454,1.0,0.470551,0.908588,1.075919,-0.167331,1.984508,0.790275,1.0,0.236092,0.572553,1.299793,-0.72724,1.872346,0.303156,0.161497,0.095679,0.095679,0.192449,-0.09677,0.288128,-1.100015,0.392347,0.0818,0.070198,0.359664,1.079829,11,0.335784,0.271977,0.782116,0.896048
7754,96,1,0,23,0.109345,0.00105,0.889605,0.344841,0.00105,0.654109,0.673684,0.035715,0.290601,0.340431,0.038341,0.621228,0.333394,0.333394,0.666606,-0.333212,1.0,0.345332,0.345332,0.654668,-0.309336,1.0,0.465548,0.920333,1.121138,-0.200805,2.041472,0.806889,1.0,0.230109,0.561915,1.266029,-0.704115,1.827944,0.287301,0.152296,0.120819,0.120819,0.185441,-0.064622,0.30626,-1.61209,0.387752,0.216416,0.064777,0.170267,1.591903,11,0.335781,0.360691,0.717203,0.840775
7755,36,1,0,24,0.110395,0.000394,0.889211,0.216938,0.000394,0.782668,0.971583,0.000394,0.028023,0.378772,0.033319,0.587909,0.333393,0.333393,0.666607,-0.333214,1.0,0.334737,0.334737,0.665263,-0.330526,1.0,0.922669,3.467295,0.285347,3.181948,3.752642,0.905685,1.0,0.225936,0.55037,1.235768,-0.685398,1.786139,0.276878,0.146262,0.131467,0.131467,0.187089,-0.055622,0.318556,1.777189,0.386701,0.280158,0.0,0.131925,-1.797375,1,0.335783,0.333095,-2.66555,0.813059
775A,192,1,0,20,0.107244,0.002101,0.890655,0.63508,0.002101,0.362819,0.673684,0.035715,0.290601,0.1885,0.029117,0.782383,0.333394,0.333394,0.666606,-0.333212,1.0,0.484016,0.484016,0.515984,-0.031969,1.0,0.470551,0.908588,1.075919,-0.167331,1.984508,0.790275,1.0,0.232083,0.561295,1.269503,-0.708208,1.830797,0.292584,0.155339,0.100561,0.100561,0.199492,-0.098931,0.300053,-1.33965,0.389852,0.12411,0.070198,0.322198,1.319464,11,0.335781,0.389709,0.782116,0.879177
7764,96,1,0,24,0.11289,0.00105,0.88606,0.306149,0.00105,0.6928,0.673684,0.035715,0.290601,0.378772,0.033319,0.587909,0.333396,0.333396,0.666604,-0.333208,1.0,0.341155,0.341155,0.658845,-0.317689,1.0,0.465548,0.920333,1.121138,-0.200805,2.041472,0.806889,1.0,0.227012,0.555719,1.247496,-0.691777,1.803215,0.279417,0.147782,0.130074,0.130074,0.185551,-0.055478,0.315625,-1.598957,0.384206,0.255107,0.064777,0.131925,1.578771,11,0.335777,0.369045,0.717203,0.819293
7765,96,1,0,25,0.11394,0.00105,0.885009,0.198381,0.00105,0.800569,0.673684,0.035715,0.290601,0.412091,0.067929,0.51998,0.333397,0.333397,0.666603,-0.333207,1.0,0.334442,0.334442,0.665558,-0.331115,1.0,0.465548,0.920333,1.121138,-0.200805,2.041472,0.806889,1.0,0.22385,0.547785,1.22599,-0.678205,1.773774,0.271552,0.143281,0.160481,0.160481,0.164584,-0.004103,0.325065,-1.547435,0.383156,0.298716,0.064777,0.098607,1.527249,11,0.335776,0.333685,0.717203,0.754346
7766,36,1,0,26,0.114991,0.000394,0.884615,0.114991,0.000394,0.884615,0.971977,0.000394,0.027629,0.48002,0.062195,0.457785,0.333396,0.333396,0.666604,-0.333209,1.0,0.333396,0.333396,0.666604,-0.333209,1.0,0.922871,3.468056,0.284587,3.183469,3.752642,0.905705,1.0,0.220648,0.539793,1.204516,-0.664723,1.74431,0.263697,0.138793,0.204623,0.204623,0.129969,0.074654,0.334592,1.926983,0.382105,0.382105,0.0,0.030678,-1.947169,1,0.335778,0.335778,-2.667071,0.662108
776A,192,1,0,21,0.110789,0.002101,0.88711,0.557698,0.002101,0.440201,0.673684,0.035715,0.290601,0.217617,0.03624,0.746143,0.333396,0.333396,0.666604,-0.333208,1.0,0.42445,0.42445,0.57555,-0.151099,1.0,0.470551,0.908588,1.075919,-0.167331,1.984508,0.790275,1.0,0.229035,0.555197,1.251078,-0.695881,1.806274,0.284648,0.150774,0.105737,0.105737,0.203532,-0.097795,0.309269,-1.445314,0.386307,0.190065,0.070198,0.293081,1.425128,11,0.335777,0.508839,0.782116,0.865715
7774,16,1,0,25,0.115735,0.000175,0.88409,0.273761,0.000175,0.726064,0.937521,0.001576,0.060904,0.412091,0.067929,0.51998,0.333395,0.333395,0.666605,-0.33321,1.0,0.338473,0.338473,0.661527,-0.323054,1.0,0.841166,2.339583,0.521064,1.818519,2.860647,0.900151,1.0,0.223888,0.551153,1.232469,-0.681316,1.783622,0.271642,0.143302,0.153974,0.153974,0.170975,-0.017001,0.324949,0.463937,0.381361,0.287496,0.000942,0.206946,2.004917,2,0.335779,0.374409,0.067117,1.87968
7775,16,1,0,26,0.11591,0.000175,0.883915,0.165992,0.000175,0.833833,0.937521,0.001576,0.060904,0.48002,0.062195,0.457785,0.333395,0.333395,0.666605,-0.33321,1.0,0.33387,0.33387,0.66613,-0.33226,1.0,0.841166,2.339583,0.521064,1.818519,2.860647,0.900151,1.0,0.219575,0.537697,1.198354,-0.660657,1.736051,0.261171,0.137347,0.196679,0.196679,0.141187,0.055492,0.337866,0.547884,0.381186,0.331104,0.000942,0.139017,1.920971,2,0.335779,0.334829,0.067117,1.786527
7776,16,1,0,27,0.116085,0.000175,0.88374,0.102736,0.000175,0.897089,0.937521,0.001576,0.060904,0.542215,0.061801,0.395984,0.333395,0.333395,0.666605,-0.33321,1.0,0.333377,0.333377,0.666623,-0.333245,1.0,0.841166,2.339583,0.521064,1.818519,2.860647,0.900151,1.0,0.216289,0.531122,1.179411,-0.648288,1.710533,0.253343,0.132951,0.251333,0.251333,0.096468,0.154865,0.347801,0.65864,0.381011,0.394361,0.000942,0.076822,1.810214,2,0.335779,0.335815,0.067117,1.674786
7777,1,1,0,28,0.11626,1.1e-05,0.883729,0.053004,1.1e-05,0.946985,0.972371,1.1e-05,0.027618,0.604016,0.066014,0.32997,0.333393,0.333393,0.666607,-0.333214,1.0,0.333327,0.333327,0.666673,-0.333346,1.0,0.918326,3.4896,0.305441,3.184159,3.795041,0.917727,1.0,0.211851,0.522395,1.154758,-0.632363,1.677153,0.243101,0.127203,0.283153,0.283153,0.077899,0.205255,0.361052,2.09049,0.380836,0.444092,0.0,0.015021,0.378364,2,0.335783,0.335916,-1.298524,1.608471
777A,32,1,0,22,0.115385,0.00035,0.884265,0.49292,0.00035,0.506729,0.937521,0.001576,0.060904,0.253857,0.086574,0.659569,0.333396,0.333396,0.666604,-0.333208,1.0,0.389352,0.389352,0.610648,-0.221296,1.0,0.846984,2.32815,0.495068,1.833082,2.823217,0.890977,1.0,0.224891,0.546998,1.2268,-0.679802,1.773798,0.274226,0.14477,0.118731,0.118731,0.202973,-0.084242,0.321704,0.514534,0.381711,0.254842,0.000942,0.36518,1.95432,2,0.335777,0.579036,0.052554,1.945406
77AA,168,1,0,16,0.102911,0.001838,0.895251,0.884035,0.001838,0.114126,0.969351,0.001838,0.028811,0.061954,0.029511,0.908535,0.333392,0.333392,0.666608,-0.333216,1.0,0.842102,0.842102,0.157898,0.684205,1.0,0.932792,3.443665,0.244696,3.19897,3.688361,0.886139,1.0,0.237974,0.571759,1.303364,-0.731604,1.875123,0.30854,0.164599,0.093073,0.093073,0.189025,-0.095951,0.282098,2.722402,0.394185,0.042266,0.0,0.448743,-2.332189,1,0.335785,0.139434,-2.567423,0.899594
7AAA,224,1,0,10,0.053015,0.002451,0.944534,0.98943,0.002451,0.008119,0.913185,0.019608,0.067206,0.008119,0.004289,0.987592,0.333335,0.333335,0.666665,-0.33333,1.0,0.995756,0.995756,0.004244,0.991512,1.0,0.846276,2.26639,0.472037,1.794353,2.738427,0.863732,1.0,0.250964,0.596612,1.385038,-0.788426,1.98165,0.34657,0.187175,0.080055,0.080055,0.162604,-0.082548,0.242659,1.58156,0.444082,0.0,0.006577,0.488923,0.212494,2,0.335899,0.000266,0.196473,0.943013
AAAA,70,1,0,4,0.0,0.000766,0.999234,0.999234,0.000766,0.0,0.961856,0.000766,0.037378,0.0,0.000766,0.999234,0.333332,0.333332,0.666668,-0.333336,1.0,1.0,1.0,0.0,1.0,1.0,0.925667,3.385283,0.26855,3.116733,3.653833,0.871991,1.0,0.263689,0.621418,1.47237,-0.850952,2.093788,0.388832,0.213062,0.067276,0.067276,0.136657,-0.069382,0.203933,2.863063,0.497096,0.0,0.0,0.475745,-1.06901,1,0.335906,-0.008222,-1.125908,0.992372
C444,16,1,0,22,0.233494,0.000175,0.766331,0.392592,0.000175,0.607233,0.932794,0.001576,0.065631,0.253857,0.086574,0.659569,0.33636,0.33636,0.66364,-0.32728,1.0,0.349531,0.349531,0.650469,-0.300937,1.0,0.832377,2.316242,0.544405,1.771837,2.860647,0.899097,1.0,0.229862,0.549882,1.245283,-0.695401,1.795165,0.288115,0.152534,0.111868,0.111868,0.194059,-0.082191,0.305926,0.366027,0.327763,0.168664,0.000856,0.358047,0.165784,2,0.378635,0.352292,0.053774,1.365142
C44A,192,1,0,19,0.231393,0.002101,0.766506,0.816807,0.002101,0.181092,0.566539,0.035715,0.397746,0.151034,0.037466,0.8115,0.336362,0.336362,0.663638,-0.327276,1.0,0.704505,0.704505,0.295495,0.409011,1.0,0.387803,0.800084,1.184257,-0.384173,1.984342,0.745525,1.0,0.233375,0.556173,1.264693,-0.708521,1.820866,0.297283,0.157898,0.098229,0.098229,0.197188,-0.09896,0.295417,-1.109919,0.329863,0.032386,0.094732,0.46087,1.409429,11,0.378631,0.105376,0.784676,1.39503
C4AA,448,1,0,16,0.226491,0.004902,0.768607,0.953277,0.004902,0.041821,0.434183,0.132356,0.433461,0.061954,0.029511,0.908535,0.336303,0.336303,0.663697,-0.327393,1.0,0.953455,0.953455,0.046545,0.90691,1.0,0.373395,0.766021,1.159749,-0.393729,1.92577,0.7066,1.0,0.236792,0.562317,1.284542,-0.722225,1.84686,0.306587,0.163305,0.094074,0.094074,0.190891,-0.096817,0.284966,-0.633254,0.334766,0.012222,0.191171,0.54995,1.023468,9,0.378748,0.029653,1.025275,1.406592
C544,96,1,0,23,0.244173,0.00105,0.754776,0.387646,0.00105,0.611303,0.566539,0.035715,0.397746,0.340431,0.038341,0.621228,0.336918,0.336918,0.663082,-0.326164,1.0,0.34944,0.34944,0.65056,-0.301119,1.0,0.399073,0.830587,1.210809,-0.380221,2.041396,0.774722,1.0,0.226225,0.542554,1.223329,-0.680775,1.765883,0.279008,0.147354,0.123991,0.123991,0.193049,-0.069058,0.31704,-1.757337,0.317083,0.17361,0.087932,0.271473,2.056847,12,0.377519,0.352474,0.687662,1.337383
C54A,512,0,0,20,0.238571,0.005602,0.755827,0.788095,0.005602,0.206303,0.0,0.434183,0.565817,0.1885,0.029117,0.782383,0.336889,0.336889,0.663111,-0.326222,1.0,0.674442,0.674442,0.325558,0.348885,1.0,0.323873,0.401541,1.241255,-0.839715,1.642796,0.685518,0.430558,0.229816,0.54904,1.243293,-0.694253,1.792332,0.288156,0.152633,0.102526,0.102526,0.203622,-0.101097,0.306148,-1.612402,0.322685,0.040998,0.400199,0.423405,1.911912,15,0.377577,0.147633,0.804586,1.3829
C554,96,1,0,24,0.247325,0.00105,0.751625,0.363048,0.00105,0.635901,0.602254,0.035715,0.362031,0.378772,0.033319,0.587909,0.337022,0.337022,0.662978,-0.325956,1.0,0.347255,0.347255,0.652745,-0.30549,1.0,0.414004,0.850195,1.191201,-0.341007,2.041396,0.782847,1.0,0.222493,0.535107,1.201852,-0.666745,1.736959,0.270062,0.142231,0.137284,0.137284,0.190903,-0.053619,0.328186,-1.692816,0.313932,0.198208,0.08018,0.233132,1.992326,12,0.377311,0.356845,0.706545,1.307913
C555,16,1,0,25,0.248375,0.000175,0.75145,0.223329,0.000175,0.776496,0.934369,0.001576,0.064055,0.412091,0.067929,0.51998,0.33702,0.33702,0.66298,-0.325959,1.0,0.334768,0.334768,0.665232,-0.330463,1.0,0.836262,2.326536,0.534111,1.792424,2.860647,0.899566,1.0,0.218664,0.527544,1.180995,-0.653451,1.708539,0.261312,0.137162,0.169813,0.169813,0.169494,0.000319,0.339307,0.48287,0.312881,0.273767,0.000874,0.199813,0.044184,2,0.377314,0.333033,0.052813,1.240681
C55A,192,1,0,21,0.245224,0.002101,0.752675,0.671496,0.002101,0.326403,0.602254,0.035715,0.362031,0.217617,0.03624,0.746143,0.337009,0.337009,0.662991,-0.325982,1.0,0.51276,0.51276,0.48724,0.025519,1.0,0.416751,0.836584,1.147841,-0.311257,1.984425,0.763201,1.0,0.226169,0.541797,1.222261,-0.680465,1.764058,0.279155,0.147425,0.107862,0.107862,0.209079,-0.101216,0.316941,-1.3934,0.316033,0.087695,0.08648,0.394288,1.69291,12,0.377337,0.33222,0.769953,1.369231
C5AA,448,1,0,17,0.233669,0.004902,0.761429,0.922026,0.004902,0.073071,0.434183,0.132356,0.433461,0.091465,0.029587,0.878947,0.336622,0.336622,0.663378,-0.326755,1.0,0.905191,0.905191,0.094809,0.810382,1.0,0.373389,0.766007,1.159763,-0.393756,1.92577,0.706595,1.0,0.233318,0.555388,1.263536,-0.708148,1.818924,0.297394,0.157956,0.097545,0.097545,0.197821,-0.100277,0.295366,-0.718553,0.327587,0.019873,0.191171,0.520439,1.108767,10,0.37811,0.054051,1.025302,1.395974
C644,96,1,0,24,0.259055,0.00105,0.739895,0.382,0.00105,0.616949,0.566539,0.035715,0.397746,0.378772,0.033319,0.587909,0.337782,0.337782,0.662218,-0.324436,1.0,0.349246,0.349246,0.650754,-0.301509,1.0,0.399067,0.830575,1.210821,-0.380246,2.041396,0.774719,1.0,0.223446,0.536997,1.206973,-0.669976,1.74397,0.272294,0.1435,0.136171,0.136171,0.189304,-0.053133,0.325475,-1.729299,0.302202,0.179256,0.087932,0.233132,2.028809,12,0.375791,0.352864,0.687687,1.310659
C64A,512,0,0,21,0.253452,0.005602,0.740945,0.757982,0.005602,0.236415,0.0,0.434183,0.565817,0.217617,0.03624,0.746143,0.33775,0.33775,0.66225,-0.3245,1.0,0.635349,0.635349,0.364651,0.270698,1.0,0.323866,0.401534,1.241268,-0.839734,1.642803,0.685512,0.430563,0.227107,0.543622,1.227091,-0.683469,1.770713,0.281364,0.148707,0.106895,0.106895,0.207469,-0.100574,0.314364,-1.677579,0.307804,0.068494,0.400199,0.394288,1.977089,16,0.375855,0.22582,0.804606,1.371593
C654,256,0,0,25,0.265707,0.002801,0.731491,0.351494,0.002801,0.645705,0.0,0.434183,0.565817,0.412091,0.067929,0.51998,0.338273,0.338273,0.661727,-0.323454,1.0,0.346337,0.346337,0.653663,-0.307326,1.0,0.321092,0.416455,1.284285,-0.86783,1.70074,0.710802,0.448953,0.220623,0.532795,1.193384,-0.660588,1.726179,0.265558,0.139679,0.16172,0.16172,0.172284,-0.010564,0.334004,-2.169763,0.295549,0.209763,0.383947,0.203744,2.469273,16,0.374809,0.358681,0.770467,1.750387
C655,96,1,0,26,0.268509,0.00105,0.730441,0.219433,0.00105,0.779516,0.602254,0.035715,0.362031,0.48002,0.062195,0.457785,0.338307,0.338307,0.661693,-0.323386,1.0,0.334759,0.334759,0.665241,-0.330482,1.0,0.429056,0.869938,1.171534,-0.301596,2.041472,0.790465,1.0,0.217739,0.528524,1.180361,-0.651837,1.708885,0.258969,0.135886,0.192423,0.192423,0.15001,0.042413,0.342433,-1.564888,0.292748,0.277663,0.08018,0.135816,1.864398,12,0.374741,0.333051,0.667134,1.688659
C65A,512,0,0,22,0.260105,0.005602,0.734293,0.648386,0.005602,0.346012,0.0,0.434183,0.565817,0.253857,0.086574,0.659569,0.338135,0.338135,0.661865,-0.32373,1.0,0.498957,0.498957,0.501043,-0.002086,1.0,0.323859,0.401528,1.241282,-0.839754,1.642809,0.685505,0.430569,0.22435,0.539583,1.213875,-0.674291,1.753458,0.274585,0.144823,0.117656,0.117656,0.20496,-0.087304,0.322617,-1.927166,0.301151,0.110804,0.400199,0.361978,2.226676,16,0.375085,0.359826,0.804625,1.840831
C664,96,1,0,26,0.27166,0.00105,0.72729,0.309301,0.00105,0.689649,0.637969,0.035715,0.326316,0.48002,0.062195,0.457785,0.338459,0.338459,0.661541,-0.323082,1.0,0.341388,0.341388,0.658612,-0.317224,1.0,0.446571,0.893885,1.147586,-0.253701,2.041472,0.798683,1.0,0.217763,0.525648,1.174287,-0.648638,1.699935,0.258841,0.135854,0.201524,0.201524,0.141052,0.060471,0.342576,-1.482174,0.289596,0.251956,0.072459,0.165687,1.781684,11,0.374437,0.368579,0.688506,1.175717
C665,96,1,0,27,0.27271,0.00105,0.726239,0.201532,0.00105,0.797418,0.637969,0.035715,0.326316,0.542215,0.061801,0.395984,0.338474,0.338474,0.661526,-0.323051,1.0,0.334496,0.334496,0.665504,-0.331008,1.0,0.446571,0.893885,1.147586,-0.253701,2.041472,0.798683,1.0,0.215824,0.524695,1.169254,-0.64456,1.693949,0.254454,0.133345,0.231736,0.231736,0.11654,0.115197,0.348276,-1.437123,0.288546,0.295564,0.072459,0.103492,1.736633,12,0.374406,0.333577,0.688506,1.608598
C666,16,1,0,28,0.273761,0.000175,0.726064,0.115735,0.000175,0.88409,0.935945,0.001576,0.062479,0.604016,0.066014,0.32997,0.338473,0.338473,0.661527,-0.323054,1.0,0.333395,0.333395,0.666605,-0.33321,1.0,0.84017,2.336909,0.523738,1.813171,2.860647,0.900033,1.0,0.212907,0.51603,1.14751,-0.63148,1.663541,0.247697,0.129526,0.300846,0.300846,0.05607,0.244776,0.356916,0.770203,0.287496,0.381361,0.000903,0.041691,-0.113972,1,0.374409,0.335779,0.05207,0.974254
C66A,192,1,0,23,0.269559,0.002101,0.72834,0.564,0.002101,0.433899,0.637969,0.035715,0.326316,0.340431,0.038341,0.621228,0.338444,0.338444,0.661556,-0.323112,1.0,0.427594,0.427594,0.572406,-0.144812,1.0,0.450739,0.881406,1.103102,-0.221695,1.984508,0.781057,1.0,0.22156,0.532579,1.194932,-0.662353,1.727511,0.267787,0.140927,0.127854,0.127854,0.203116,-0.075262,0.33097,-1.427235,0.291697,0.183762,0.078302,0.305276,1.726745,12,0.374467,0.502552,0.751427,1.325165
C6AA,448,1,0,18,0.24855,0.004902,0.746548,0.895678,0.004902,0.09942,0.434183,0.132356,0.433461,0.121053,0.029981,0.848966,0.337454,0.337454,0.662546,-0.325091,1.0,0.865976,0.865976,0.134024,0.731952,1.0,0.373382,0.765994,1.159776,-0.393783,1.92577,0.70659,1.0,0.23068,0.550113,1.247469,-0.697356,1.797582,0.290519,0.153957,0.10028,0.10028,0.203091,-0.10281,0.303371,-0.787088,0.312706,0.030623,0.191171,0.490852,1.177302,10,0.376446,0.091687,1.025329,1.387716
C744,96,1,0,25,0.28444,0.00105,0.714509,0.377405,0.00105,0.621545,0.566539,0.035715,0.397746,0.412091,0.067929,0.51998,0.339627,0.339627,0.660373,-0.320746,1.0,0.349089,0.349089,0.650911,-0.301822,1.0,0.399061,0.830563,1.210833,-0.380271,2.041396,0.774716,1.0,0.221189,0.534798,1.198182,-0.663384,1.732981,0.266796,0.140352,0.155056,0.155056,0.177294,-0.022239,0.33235,-1.688461,0.276816,0.183852,0.087932,0.231864,1.987971,12,0.372101,0.353177,0.687711,1.763974
C74A,512,0,0,22,0.278838,0.005602,0.71556,0.733472,0.005602,0.260926,0.0,0.434183,0.565817,0.253857,0.086574,0.659569,0.339588,0.339588,0.660412,-0.320824,1.0,0.605701,0.605701,0.394299,0.211403,1.0,0.323859,0.401528,1.241282,-0.839754,1.642809,0.685505,0.430569,0.223964,0.538189,1.210153,-0.671964,1.748342,0.273581,0.144231,0.11802,0.11802,0.205892,-0.087872,0.323912,-1.709011,0.282418,0.093005,0.400199,0.390098,2.008521,16,0.372179,0.285115,0.804625,1.838187
C754,256,0,0,26,0.291093,0.002801,0.706106,0.339238,0.002801,0.65796,0.0,0.434183,0.565817,0.48002,0.062195,0.457785,0.340219,0.340219,0.659781,-0.319562,1.0,0.345046,0.345046,0.654954,-0.309908,1.0,0.321086,0.416449,1.284298,-0.867849,1.700747,0.710797,0.448958,0.217358,0.52566,1.173305,-0.647645,1.698964,0.257805,0.135282,0.193411,0.193411,0.150524,0.042887,0.343934,-2.102078,0.270163,0.222018,0.383947,0.165573,2.401588,16,0.370917,0.361263,0.770486,1.683109
C755,96,1,0,27,0.293894,0.00105,0.705055,0.214838,0.00105,0.784112,0.602254,0.035715,0.362031,0.542215,0.061801,0.395984,0.34026,0.34026,0.65974,-0.31948,1.0,0.334732,0.334732,0.665268,-0.330536,1.0,0.429049,0.869926,1.171546,-0.301621,2.041472,0.790462,1.0,0.213434,0.516389,1.148863,-0.632474,1.665252,0.248961,0.130264,0.246084,0.246084,0.109469,0.136615,0.355553,-1.447495,0.267362,0.282259,0.08018,0.103378,1.747005,12,0.370835,0.333105,0.667158,1.083409
C75A,512,0,0,23,0.285491,0.005602,0.708907,0.623876,0.005602,0.370522,0.0,0.434183,0.565817,0.340431,0.038341,0.621228,0.340052,0.340052,0.659948,-0.319895,1.0,0.479794,0.479794,0.520206,-0.040412,1.0,0.323853,0.401521,1.241295,-0.839773,1.642816,0.685499,0.430574,0.220193,0.529191,1.185698,-0.656507,1.714889,0.264577,0.1391,0.128619,0.128619,0.206571,-0.077952,0.33519,-1.934539,0.275766,0.135315,0.400199,0.305162,2.234049,16,0.37125,0.398152,0.804645,1.322009
C764,256,0,0,27,0.300547,0.002801,0.696652,0.300547,0.002801,0.696652,0.0,0.434183,0.565817,0.542215,0.061801,0.395984,0.340936,0.340936,0.659064,-0.318129,1.0,0.340936,0.340936,0.659064,-0.318129,1.0,0.321079,0.416442,1.28431,-0.867868,1.700753,0.710791,0.448963,0.214438,0.51982,1.156664,-0.636844,1.676484,0.251123,0.131518,0.245141,0.245141,0.107639,0.137502,0.35278,-2.003467,0.260709,0.260709,0.383947,0.101741,2.302977,16,0.369484,0.369484,0.770505,1.577693
C765,256,0,0,28,0.303348,0.002801,0.693851,0.192778,0.002801,0.804421,0.0,0.434183,0.565817,0.604016,0.066014,0.32997,0.341112,0.341112,0.658888,-0.317776,1.0,0.334393,0.334393,0.665607,-0.331214,1.0,0.321073,0.416436,1.284323,-0.867887,1.700759,0.710785,0.448968,0.211469,0.513887,1.140166,-0.626279,1.654053,0.244463,0.127776,0.304126,0.304126,0.057534,0.246592,0.36166,-1.896565,0.257908,0.304318,0.383947,0.041577,2.196075,16,0.369131,0.333784,0.770524,1.458923
C766,96,1,0,29,0.306149,0.00105,0.6928,0.11289,0.00105,0.88606,0.637969,0.035715,0.326316,0.67003,0.029412,0.300558,0.341155,0.341155,0.658845,-0.317689,1.0,0.333396,0.333396,0.666604,-0.333208,1.0,0.464069,0.917728,1.12382,-0.206092,2.041548,0.806274,1.0,0.20847,0.50646,1.12082,-0.61436,1.62728,0.237784,0.124027,0.341279,0.341279,0.029356,0.311924,0.370635,-1.159425,0.255107,0.384206,0.072459,0.0,1.458935,11,0.369045,0.335777,0.640898,0.889986
C76A,512,0,0,24,0.294945,0.005602,0.699453,0.546493,0.005602,0.447905,0.0,0.434183,0.565817,0.378772,0.033319,0.587909,0.340761,0.340761,0.659239,-0.318477,1.0,0.421484,0.421484,0.578516,-0.157031,1.0,0.323846,0.401515,1.241308,-0.839793,1.642822,0.685493,0.43058,0.217329,0.523462,1.16917,-0.645708,1.692632,0.257829,0.13528,0.139489,0.139489,0.20438,-0.064891,0.343869,-2.0259,0.266312,0.201269,0.400199,0.265183,2.32541,16,0.369832,0.514771,0.804664,1.298149
C774,96,1,0,28,0.309301,0.00105,0.689649,0.27166,0.00105,0.72729,0.673684,0.035715,0.290601,0.604016,0.066014,0.32997,0.341388,0.341388,0.658612,-0.317224,1.0,0.338459,0.338459,0.661541,-0.323082,1.0,0.484406,0.946487,1.095061,-0.148573,2.041548,0.814407,1.0,0.211349,0.514924,1.141748,-0.626824,1.656671,0.244146,0.127586,0.301056,0.301056,0.061065,0.23999,0.362121,-1.175713,0.251956,0.289596,0.064777,0.053019,1.475223,12,0.368579,0.374437,0.664971,1.465185
C775,96,1,0,29,0.310351,0.00105,0.688598,0.163891,0.00105,0.835059,0.673684,0.035715,0.290601,0.67003,0.029412,0.300558,0.341408,0.341408,0.658592,-0.317185,1.0,0.333869,0.333869,0.666131,-0.332263,1.0,0.484406,0.946487,1.095061,-0.148573,2.041548,0.814407,1.0,0.207306,0.503925,1.113862,-0.609937,1.617787,0.235281,0.122633,0.335834,0.335834,0.038405,0.297429,0.374238,-1.110528,0.250905,0.333205,0.064777,0.0,1.410038,11,0.36854,0.334832,0.664971,0.900057
C776,96,1,0,30,0.311402,0.00105,0.687548,0.100635,0.00105,0.898315,0.673684,0.035715,0.290601,0.699442,0.033089,0.267469,0.341427,0.341427,0.658573,-0.317145,1.0,0.333379,0.333379,0.666621,-0.333243,1.0,0.484406,0.946487,1.095061,-0.148573,2.041548,0.814407,1.0,0.204234,0.49778,1.096895,-0.599115,1.594675,0.228645,0.11896,0.38354,0.38354,0.0,0.38354,0.38354,-1.014536,0.249855,0.396461,0.064777,0.0,1.314046,10,0.3685,0.335812,0.664971,0.803125
C777,16,1,1,31,0.312452,0.000175,0.687373,0.052653,0.000175,0.947171,0.937521,0.001576,0.060904,0.908261,0.091739,0.0,0.341426,0.341426,0.658574,-0.317148,1.0,0.333329,0.333329,0.666671,-0.333342,1.0,0.844102,2.347363,0.513284,1.834079,2.860647,0.900499,1.0,1.0,3.589845,0.0,3.589845,3.589845,0.447873,0.0,0.0,0.0,0.0,0.0,0.0,4.773434,0.248804,0.444443,0.000942,0.0,-2.30458,1,0.368503,0.335912,0.051556,-2.408483
C77A,192,1,0,25,0.3072,0.002101,0.690699,0.488719,0.002101,0.50918,0.673684,0.035715,0.290601,0.412091,0.067929,0.51998,0.341369,0.341369,0.658631,-0.317263,1.0,0.389159,0.389159,0.610841,-0.221681,1.0,0.49023,0.935476,1.049115,-0.113639,1.984591,0.798694,1.0,0.213293,0.515218,1.14601,-0.630792,1.661228,0.248609,0.130063,0.168238,0.168238,0.187813,-0.019575,0.356051,-1.30295,0.254056,0.259044,0.070198,0.244944,1.60246,11,0.368618,0.579421,0.728423,1.237917
C7AA,448,1,0,19,0.273936,0.004902,0.721162,0.874231,0.004902,0.120867,0.434183,0.132356,0.433461,0.151034,0.037466,0.8115,0.33923,0.33923,0.66077,-0.321541,1.0,0.835173,0.835173,0.164827,0.670346,1.0,0.373375,0.76598,1.15979,-0.39381,1.92577,0.706585,1.0,0.22668,0.541492,1.222528,-0.681035,1.76402,0.280467,0.148127,0.104636,0.104636,0.210813,-0.106177,0.315448,-0.832216,0.28732,0.05207,0.191171,0.492921,1.22243,10,0.372896,0.153292,1.025356,1.374762
CAAA,224,1,0,13,0.22404,0.002451,0.773509,0.984528,0.002451,0.013021,0.913185,0.019608,0.067206,0.024051,0.019958,0.955991,0.336132,0.336132,0.663868,-0.327735,1.0,0.99304,0.99304,0.00696,0.986079,1.0,0.846276,2.26639,0.472037,1.794353,2.738427,0.863732,1.0,0.240117,0.568321,1.304672,-0.736351,1.872993,0.315988,0.168756,0.090636,0.090636,0.183988,-0.093353,0.274624,1.622993,0.337217,0.004902,0.006577,0.587854,0.171061,2,0.37909,0.005699,0.196473,1.417254
CC44,36,1,0,28,0.371364,0.000394,0.628242,0.371364,0.000394,0.628242,0.977645,0.000394,0.021961,0.604016,0.066014,0.32997,0.348867,0.348867,0.651133,-0.302265,1.0,0.348867,0.348867,0.651133,-0.302265,1.0,0.940944,3.534836,0.217807,3.317029,3.752642,0.907516,1.0,0.207389,0.495721,1.099921,-0.604201,1.595642,0.236603,0.123254,0.318595,0.318595,0.054771,0.263824,0.373366,2.372121,0.189892,0.189892,0.0,0.142794,-0.650441,1,0.353621,0.353621,-2.595783,1.590483
CC4A,192,1,0,25,0.369264,0.002101,0.628636,0.701258,0.002101,0.296641,0.745114,0.035715,0.219171,0.412091,0.067929,0.51998,0.348862,0.348862,0.651138,-0.302277,1.0,0.566571,0.566571,0.433429,0.133142,1.0,0.561889,1.03788,0.946794,0.091086,1.984673,0.824367,1.0,0.210859,0.502495,1.118965,-0.616469,1.62146,0.244274,0.127522,0.169339,0.169339,0.193453,-0.024114,0.362792,-0.718632,0.191993,0.125218,0.054215,0.334719,2.440312,9,0.353632,0.363376,0.740634,1.890689
CC54,96,1,0,29,0.373859,0.00105,0.62509,0.323132,0.00105,0.675818,0.745114,0.035715,0.219171,0.67003,0.029412,0.300558,0.34897,0.34897,0.65103,-0.302059,1.0,0.343333,0.343333,0.656667,-0.313335,1.0,0.553044,1.045907,0.995717,0.050191,2.041624,0.837441,1.0,0.203812,0.488555,1.080347,-0.591792,1.568902,0.22909,0.11909,0.351494,0.351494,0.032675,0.318819,0.384169,-0.838176,0.187397,0.238125,0.049555,0.076781,2.559857,10,0.353414,0.36469,0.671055,1.523079
CC55,36,1,0,30,0.37491,0.000394,0.624696,0.208797,0.000394,0.790809,0.978039,0.000394,0.021567,0.699442,0.033089,0.267469,0.348976,0.348976,0.651024,-0.302047,1.0,0.334693,0.334693,0.665307,-0.330613,1.0,0.941151,3.535623,0.217019,3.318604,3.752642,0.907537,1.0,0.200172,0.481317,1.061118,-0.579801,1.542436,0.221669,0.114958,0.394996,0.394996,0.0,0.394996,0.394996,2.501139,0.186347,0.288299,0.0,0.047368,-0.779459,1,0.353402,0.333183,-2.597358,1.434911
CC5A,192,1,0,26,0.371758,0.002101,0.626141,0.591662,0.002101,0.406237,0.745114,0.035715,0.219171,0.48002,0.062195,0.457785,0.348942,0.348942,0.651058,-0.302115,1.0,0.454874,0.454874,0.545126,-0.090252,1.0,0.561889,1.03788,0.946794,0.091086,1.984673,0.824367,1.0,0.207353,0.495498,1.099721,-0.604222,1.595219,0.236698,0.123293,0.205368,0.205368,0.167957,0.037411,0.373324,-0.868092,0.189498,0.167528,0.054215,0.26679,2.589773,10,0.35347,0.447992,0.740634,1.816917
CC64,96,1,0,30,0.377405,0.00105,0.621545,0.28444,0.00105,0.714509,0.745114,0.035715,0.219171,0.699442,0.033089,0.267469,0.349089,0.349089,0.650911,-0.301822,1.0,0.339627,0.339627,0.660373,-0.320746,1.0,0.553044,1.045907,0.995717,0.050191,2.041624,0.837441,1.0,0.201096,0.483124,1.065548,-0.582424,1.548671,0.22349,0.115983,0.392406,0.392406,0.0,0.392406,0.392406,-0.762394,0.183852,0.276816,0.049555,0.048745,2.484075,10,0.353177,0.372101,0.671055,1.440123
CC65,96,1,1,31,0.378455,0.00105,0.620495,0.176671,0.00105,0.822278,0.745114,0.035715,0.219171,0.908261,0.091739,0.0,0.349117,0.349117,0.650883,-0.301765,1.0,0.334104,0.334104,0.665896,-0.331793,1.0,0.553044,1.045907,0.995717,0.050191,2.041624,0.837441,1.0,1.0,3.576276,0.0,3.576276,3.576276,0.444234,0.0,0.0,0.0,0.0,0.0,0.0,2.992909,0.182801,0.320425,0.049555,0.0,-1.271229,1,0.35312,0.334362,0.671055,-2.32617
CC66,36,1,1,32,0.379505,0.000394,0.620101,0.10685,0.000394,0.892756,0.978433,0.000394,0.021173,0.879374,0.028887,0.091739,0.349124,0.349124,0.650876,-0.301753,1.0,0.333391,0.333391,0.666609,-0.333218,1.0,0.941359,3.536411,0.216231,3.32018,3.752642,0.907557,1.0,0.837891,2.179417,0.539757,1.63966,2.719174,0.328026,1.0,0.0,0.0,0.0,0.0,0.0,4.32487,0.181751,0.390246,0.0,0.0,-2.60319,1,0.353108,0.335787,-2.598934,-0.389555
CC6A,192,1,0,27,0.375304,0.002101,0.622595,0.514279,0.002101,0.48362,0.745114,0.035715,0.219171,0.542215,0.061801,0.395984,0.349061,0.349061,0.650939,-0.301878,1.0,0.404133,0.404133,0.595867,-0.191733,1.0,0.561889,1.03788,0.946794,0.091086,1.984673,0.824367,1.0,0.204693,0.490178,1.085029,-0.594851,1.575207,0.231026,0.120132,0.252697,0.252697,0.128699,0.123999,0.381396,-0.873377,0.185953,0.233483,0.054215,0.205972,2.595058,10,0.353233,0.549473,0.740634,1.720958
CC74,96,1,1,31,0.382,0.00105,0.616949,0.259055,0.00105,0.739895,0.745114,0.035715,0.219171,0.908261,0.091739,0.0,0.349246,0.349246,0.650754,-0.301509,1.0,0.337782,0.337782,0.662218,-0.324436,1.0,0.553044,1.045907,0.995717,0.050191,2.041624,0.837441,1.0,1.0,3.574094,0.0,3.574094,3.574094,0.442991,0.0,0.0,0.0,0.0,0.0,0.0,2.99834,0.179256,0.302202,0.049555,0.0,-1.27666,1,0.352864,0.375791,0.671055,-2.323988
CC75,96,1,1,32,0.383051,0.00105,0.615899,0.151286,0.00105,0.847664,0.745114,0.035715,0.219171,0.879374,0.028887,0.091739,0.349274,0.349274,0.650726,-0.301452,1.0,0.333747,0.333747,0.666253,-0.332506,1.0,0.553044,1.045907,0.995717,0.050191,2.041624,0.837441,1.0,0.839176,2.177913,0.534788,1.643125,2.7127,0.324623,1.0,0.0,0.0,0.0,0.0,0.0,1.059358,0.178206,0.34581,0.049555,0.0,0.662322,3,0.352807,0.335076,0.671055,-0.393019
CC76,96,1,1,33,0.384101,0.00105,0.614848,0.088029,0.00105,0.91092,0.745114,0.035715,0.219171,0.732531,0.021009,0.24646,0.349303,0.349303,0.650697,-0.301395,1.0,0.33336,0.33336,0.66664,-0.333279,1.0,0.553044,1.045907,0.995717,0.050191,2.041624,0.837441,1.0,0.631597,1.726419,0.97558,0.750839,2.701999,0.090902,1.0,0.0,0.0,0.0,0.0,0.0,0.166356,0.177155,0.409067,0.049555,0.047542,1.555325,5,0.35275,0.335849,0.671055,0.499267
CC77,36,1,1,34,0.385152,0.000394,0.614455,0.048364,0.000394,0.951242,0.978827,0.000394,0.020779,0.75354,0.032389,0.214072,0.349309,0.349309,0.650691,-0.301382,1.0,0.33333,0.33333,0.66667,-0.333341,1.0,0.941566,3.537199,0.215443,3.321756,3.752642,0.907577,1.0,0.675554,1.80797,0.88114,0.926831,2.68911,0.13477,1.0,0.0,0.0,0.0,0.0,0.0,3.613863,0.176105,0.448732,0.0,0.026533,-1.892182,1,0.352737,0.33591,-2.600509,0.323275
CC7A,192,1,0,28,0.379899,0.002101,0.618,0.463508,0.002101,0.534391,0.745114,0.035715,0.219171,0.604016,0.066014,0.32997,0.349218,0.349218,0.650782,-0.301565,1.0,0.380809,0.380809,0.619191,-0.238382,1.0,0.561889,1.03788,0.946794,0.091086,1.984673,0.824367,1.0,0.200655,0.481511,1.061955,-0.580445,1.543466,0.222648,0.11548,0.319162,0.319162,0.074454,0.244709,0.393616,-0.784596,0.181357,0.284254,0.054215,0.176057,2.506277,10,0.35292,0.596122,0.740634,1.585842
CCAA,168,1,0,22,0.367425,0.001838,0.630736,0.846044,0.001838,0.152117,0.975807,0.001838,0.022355,0.253857,0.086574,0.659569,0.348798,0.348798,0.651202,-0.302404,1.0,0.792895,0.792895,0.207105,0.58579,1.0,0.948233,3.500108,0.188254,3.311854,3.688361,0.887994,1.0,0.214263,0.50917,1.138226,-0.629056,1.647396,0.252007,0.131815,0.125801,0.125801,0.226495,-0.100694,0.352296,2.86549,0.193831,0.080257,0.0,0.492953,-1.14381,1,0.353759,0.237849,-2.480134,1.979856
CCC4,16,1,1,34,0.392592,0.000175,0.607233,0.233494,0.000175,0.766331,0.940672,0.001576,0.057752,0.75354,0.032389,0.214072,0.349531,0.349531,0.650469,-0.300937,1.0,0.33636,0.33636,0.66364,-0.32728,1.0,0.849067,2.360613,0.500035,1.860578,2.860647,0.90108,1.0,0.690416,1.822623,0.83106,0.991564,2.653683,0.14082,1.0,0.0,0.0,0.0,0.0,0.0,2.223924,0.168664,0.327763,0.001053,0.089122,1.066439,2,0.352292,0.378635,0.067064,0.83682
CCC5,16,1,1,35,0.392767,0.000175,0.607058,0.125725,0.000175,0.8741,0.940672,0.001576,0.057752,0.785928,0.02451,0.189561,0.349531,0.349531,0.650469,-0.300937,1.0,0.333521,0.333521,0.666479,-0.332958,1.0,0.849067,2.360613,0.500035,1.860578,2.860647,0.90108,1.0,0.728831,1.895752,0.747704,1.148049,2.643456,0.174282,1.0,0.0,0.0,0.0,0.0,0.0,2.374731,0.168489,0.371371,0.001053,0.056733,0.915633,2,0.352292,0.335528,0.067064,0.680335
CCC6,16,1,1,36,0.392942,0.000175,0.606883,0.062469,0.000175,0.937356,0.940672,0.001576,0.057752,0.810439,0.02451,0.165051,0.349531,0.349531,0.650469,-0.300937,1.0,0.333334,0.333334,0.666666,-0.333332,1.0,0.849067,2.360613,0.500035,1.860578,2.860647,0.90108,1.0,0.758324,1.952069,0.683566,1.268503,2.635635,0.197759,1.0,0.0,0.0,0.0,0.0,0.0,2.494811,0.168314,0.434628,0.001053,0.032223,0.795552,2,0.352292,0.335902,0.067064,0.559881
CCC7,16,1,1,37,0.393117,0.000175,0.606708,0.029369,0.000175,0.970456,0.940672,0.001576,0.057752,0.834949,0.02451,0.140541,0.349531,0.349531,0.650469,-0.300937,1.0,0.333328,0.333328,0.666672,-0.333344,1.0,0.849067,2.360613,0.500035,1.860578,2.860647,0.90108,1.0,0.794341,2.018835,0.603334,1.415502,2.622169,0.221667,1.0,0.0,0.0,0.0,0.0,0.0,2.641798,0.168139,0.467727,0.001053,0.007713,0.648565,2,0.352292,0.335913,0.067064,0.412882
CCCA,32,1,1,31,0.392242,0.00035,0.607408,0.412386,0.00035,0.587263,0.940672,0.001576,0.057752,0.908261,0.091739,0.0,0.349532,0.349532,0.650468,-0.300936,1.0,0.363964,0.363964,0.636036,-0.272072,1.0,0.854996,2.349241,0.473976,1.875265,2.823217,0.891999,1.0,1.0,3.528022,0.0,3.528022,3.528022,0.415536,0.0,0.0,0.0,0.0,0.0,0.0,4.83028,0.169014,0.335376,0.001053,0.0,-1.539916,1,0.352291,0.629812,0.052378,-1.699639
CCCC,1,1,1,40,0.393468,1.1e-05,0.606522,0.005405,1.1e-05,0.994584,0.979615,1.1e-05,0.020374,0.859459,0.019915,0.120626,0.349529,0.349529,0.650471,-0.300941,1.0,0.333326,0.333326,0.666674,-0.333348,1.0,0.938502,3.56519,0.229851,3.335339,3.795041,0.919496,1.0,0.830001,2.052307,0.503811,1.548496,2.556118,0.213212,1.0,0.0,0.0,0.0,0.0,0.0,4.249545,0.167789,0.491691,0.0,0.0,-0.959182,1,0.352296,0.335918,-1.407697,0.279888
CCCS,16,1,1,40,0.393292,0.000175,0.606532,0.01487,0.000175,0.984955,0.940672,0.001576,0.057752,0.859459,0.019915,0.120626,0.349531,0.349531,0.650469,-0.300937,1.0,0.333328,0.333328,0.666672,-0.333344,1.0,0.849067,2.360613,0.500035,1.860578,2.860647,0.90108,1.0,0.829988,2.052322,0.50365,1.548672,2.555972,0.213268,1.0,0.0,0.0,0.0,0.0,0.0,2.774968,0.167964,0.482226,0.001053,0.0,0.515395,2,0.352292,0.335913,0.067064,0.279713
CCS4,96,1,1,34,0.387646,0.00105,0.611303,0.244173,0.00105,0.754776,0.745114,0.035715,0.219171,0.75354,0.032389,0.214072,0.34944,0.34944,0.65056,-0.301119,1.0,0.336918,0.336918,0.663082,-0.326164,1.0,0.553044,1.045907,0.995717,0.050191,2.041624,0.837441,1.0,0.69038,1.822564,0.831034,0.991529,2.653598,0.140849,1.0,0.0,0.0,0.0,0.0,0.0,0.414437,0.17361,0.317083,0.049555,0.089122,1.407807,5,0.352474,0.377519,0.671055,0.836856
CCS5,96,1,1,35,0.388697,0.00105,0.610253,0.136404,0.00105,0.862545,0.745114,0.035715,0.219171,0.785928,0.02451,0.189561,0.349469,0.349469,0.650531,-0.301062,1.0,0.333604,0.333604,0.666396,-0.332791,1.0,0.553044,1.045907,0.995717,0.050191,2.041624,0.837441,1.0,0.728798,1.895699,0.747685,1.148015,2.643384,0.174318,1.0,0.0,0.0,0.0,0.0,0.0,0.564352,0.17256,0.360692,0.049555,0.056733,1.257892,5,0.352417,0.33536,0.671055,0.68037
CCS6,96,1,1,36,0.389747,0.00105,0.609202,0.073148,0.00105,0.925802,0.745114,0.035715,0.219171,0.810439,0.02451,0.165051,0.349497,0.349497,0.650503,-0.301005,1.0,0.333343,0.333343,0.666657,-0.333314,1.0,0.553044,1.045907,0.995717,0.050191,2.041624,0.837441,1.0,0.758299,1.952032,0.683531,1.268501,2.635563,0.1978,1.0,0.0,0.0,0.0,0.0,0.0,0.684372,0.171509,0.423948,0.049555,0.032223,1.137872,4,0.35236,0.335884,0.671055,0.559884
CCS7,96,1,1,37,0.390798,0.00105,0.608152,0.040048,0.00105,0.958901,0.745114,0.035715,0.219171,0.834949,0.02451,0.140541,0.349526,0.349526,0.650474,-0.300948,1.0,0.33333,0.33333,0.66667,-0.33334,1.0,0.553044,1.045907,0.995717,0.050191,2.041624,0.837441,1.0,0.794318,2.018804,0.603305,1.415499,2.622109,0.221711,1.0,0.0,0.0,0.0,0.0,0.0,0.831402,0.170459,0.457048,0.049555,0.007713,0.990842,4,0.352303,0.335909,0.671055,0.412885
CCSA,192,1,1,31,0.385545,0.002101,0.612354,0.433745,0.002101,0.564154,0.745114,0.035715,0.219171,0.908261,0.091739,0.0,0.349412,0.349412,0.650588,-0.301175,1.0,0.370437,0.370437,0.629563,-0.259127,1.0,0.561889,1.03788,0.946794,0.091086,1.984673,0.824367,1.0,1.0,3.528042,0.0,3.528042,3.528042,0.415578,0.0,0.0,0.0,0.0,0.0,0.0,3.058826,0.175711,0.314017,0.054215,0.0,-1.236582,1,0.35253,0.616867,0.740634,-1.699657
CCSS,36,1,1,40,0.391848,0.000394,0.607758,0.018985,0.000394,0.980622,0.979221,0.000394,0.020385,0.859459,0.019915,0.120626,0.349532,0.349532,0.650468,-0.300936,1.0,0.333329,0.333329,0.666671,-0.333343,1.0,0.941774,3.537987,0.214656,3.323331,3.752642,0.907598,1.0,0.82998,2.052318,0.503619,1.548699,2.555938,0.21329,1.0,0.0,0.0,0.0,0.0,0.0,4.237751,0.169408,0.478112,0.0,0.0,-2.415507,1,0.352291,0.335912,-2.602085,0.279686
CS44,96,1,0,28,0.323132,0.00105,0.675818,0.373859,0.00105,0.62509,0.566539,0.035715,0.397746,0.604016,0.066014,0.32997,0.343333,0.343333,0.656667,-0.313335,1.0,0.34897,0.34897,0.65103,-0.302059,1.0,0.399055,0.83055,1.210846,-0.380295,2.041396,0.774712,1.0,0.207389,0.495721,1.099935,-0.604214,1.595655,0.236625,0.123255,0.318565,0.318565,0.054776,0.263789,0.373341,-1.336114,0.238125,0.187397,0.087932,0.142794,1.910943,12,0.36469,0.353414,0.687736,1.590514
CS4A,512,0,0,25,0.317529,0.005602,0.676868,0.714564,0.005602,0.279834,0.0,0.434183,0.565817,0.412091,0.067929,0.51998,0.343281,0.343281,0.656719,-0.313439,1.0,0.584285,0.584285,0.415715,0.16857,1.0,0.323853,0.401521,1.241295,-0.839773,1.642816,0.685499,0.430574,0.210859,0.502496,1.118964,-0.616468,1.621461,0.244291,0.127523,0.169328,0.169328,0.193444,-0.024115,0.362772,-1.625225,0.243727,0.111913,0.400199,0.334719,2.200054,16,0.364794,0.327948,0.804645,1.890672
CS54,256,0,0,29,0.329784,0.002801,0.667414,0.329784,0.002801,0.667414,0.0,0.434183,0.565817,0.67003,0.029412,0.300558,0.34411,0.34411,0.65589,-0.31178,1.0,0.34411,0.34411,0.65589,-0.31178,1.0,0.321079,0.416442,1.28431,-0.867868,1.700753,0.710791,0.448963,0.203812,0.488555,1.080363,-0.591808,1.568919,0.22911,0.11909,0.351467,0.351467,0.032677,0.31879,0.384144,-1.764445,0.231472,0.231472,0.383947,0.076781,2.339273,16,0.363135,0.363135,0.770505,1.523106
CS55,96,1,0,30,0.332586,0.00105,0.666364,0.211292,0.00105,0.787657,0.602254,0.035715,0.362031,0.699442,0.033089,0.267469,0.344164,0.344164,0.655836,-0.311672,1.0,0.334712,0.334712,0.665288,-0.330576,1.0,0.429043,0.869913,1.171559,-0.301645,2.041472,0.790459,1.0,0.200171,0.481317,1.061138,-0.579821,1.542456,0.22169,0.114959,0.39497,0.39497,0.0,0.39497,0.39497,-1.128745,0.228671,0.285804,0.08018,0.047368,1.703573,12,0.363027,0.333146,0.667183,1.43494
CS5A,512,0,0,26,0.324182,0.005602,0.670216,0.604968,0.005602,0.38943,0.0,0.434183,0.565817,0.48002,0.062195,0.457785,0.343892,0.343892,0.656108,-0.312217,1.0,0.466099,0.466099,0.533901,-0.067802,1.0,0.323846,0.401515,1.241308,-0.839793,1.642822,0.685493,0.43058,0.207353,0.495499,1.099725,-0.604226,1.595224,0.236715,0.123293,0.205354,0.205354,0.16795,0.037403,0.373304,-1.786635,0.237074,0.154223,0.400199,0.26679,2.361463,16,0.363572,0.425542,0.804664,1.816912
CS64,256,0,0,30,0.339238,0.002801,0.65796,0.291093,0.002801,0.706106,0.0,0.434183,0.565817,0.699442,0.033089,0.267469,0.345046,0.345046,0.654954,-0.309908,1.0,0.340219,0.340219,0.659781,-0.319562,1.0,0.321073,0.416436,1.284323,-0.867887,1.700759,0.710785,0.448968,0.201096,0.483124,1.065562,-0.582438,1.548687,0.22351,0.115984,0.392383,0.392383,0.0,0.392383,0.392383,-1.687412,0.222018,0.270163,0.383947,0.048745,2.262241,16,0.361263,0.370917,0.770524,1.440144
CS65,256,0,1,31,0.34204,0.002801,0.655159,0.183324,0.002801,0.813875,0.0,0.434183,0.565817,0.908261,0.091739,0.0,0.345275,0.345275,0.654725,-0.30945,1.0,0.334232,0.334232,0.665768,-0.331536,1.0,0.321067,0.41643,1.284335,-0.867905,1.700765,0.71078,0.448973,1.0,3.576282,0.0,3.576282,3.576282,0.444262,0.0,0.0,0.0,0.0,0.0,0.0,2.067392,0.219217,0.313772,0.383947,0.0,-1.492563,1,0.360805,0.334105,0.770542,-2.326194
CS66,96,1,1,32,0.344841,0.00105,0.654109,0.109345,0.00105,0.889605,0.637969,0.035715,0.326316,0.879374,0.028887,0.091739,0.345332,0.345332,0.654668,-0.309336,1.0,0.333394,0.333394,0.666606,-0.333212,1.0,0.464063,0.917716,1.123832,-0.206117,2.041548,0.806272,1.0,0.837883,2.179406,0.53975,1.639656,2.719157,0.328055,1.0,0.0,0.0,0.0,0.0,0.0,0.790991,0.216416,0.387752,0.072459,0.0,-0.216162,1,0.360691,0.335781,0.640922,-0.389567
CS6A,512,0,0,27,0.333636,0.005602,0.660762,0.527585,0.005602,0.466813,0.0,0.434183,0.565817,0.542215,0.061801,0.395984,0.344819,0.344819,0.655181,-0.310362,1.0,0.41191,0.41191,0.58809,-0.176181,1.0,0.32384,0.401508,1.241321,-0.839813,1.642829,0.685486,0.430585,0.204693,0.490179,1.085032,-0.594853,1.575211,0.231044,0.120132,0.252679,0.252679,0.128697,0.123982,0.381376,-1.797227,0.22762,0.220177,0.400199,0.205972,2.372055,16,0.361717,0.533921,0.804684,1.72096
CS74,256,0,1,31,0.351494,0.002801,0.645705,0.265707,0.002801,0.731491,0.0,0.434183,0.565817,0.908261,0.091739,0.0,0.346337,0.346337,0.653663,-0.307326,1.0,0.338273,0.338273,0.661727,-0.323454,1.0,0.321067,0.41643,1.284335,-0.867905,1.700765,0.71078,0.448973,1.0,3.5741,0.0,3.5741,3.5741,0.443019,0.0,0.0,0.0,0.0,0.0,0.0,2.075414,0.209763,0.295549,0.383947,0.0,-1.500586,1,0.358681,0.374809,0.770542,-2.324011
CS75,256,0,1,32,0.354295,0.002801,0.642904,0.157939,0.002801,0.83926,0.0,0.434183,0.565817,0.879374,0.028887,0.091739,0.346578,0.346578,0.653422,-0.306844,1.0,0.333835,0.333835,0.666165,-0.332329,1.0,0.321061,0.416424,1.284348,-0.867924,1.700771,0.710774,0.448978,0.83917,2.177903,0.534781,1.643121,2.712684,0.324652,1.0,0.0,0.0,0.0,0.0,0.0,0.136024,0.206962,0.339158,0.383947,0.0,0.438805,4,0.358199,0.334899,0.770561,-0.393033
CS76,256,0,1,33,0.357096,0.002801,0.640103,0.094682,0.002801,0.902517,0.0,0.434183,0.565817,0.732531,0.021009,0.24646,0.34682,0.34682,0.65318,-0.306359,1.0,0.333374,0.333374,0.666626,-0.333252,1.0,0.321054,0.416417,1.28436,-0.867943,1.700778,0.710768,0.448983,0.631573,1.726373,0.975598,0.750774,2.701971,0.090913,1.0,0.0,0.0,0.0,0.0,0.0,-0.756779,0.20416,0.402414,0.383947,0.047542,1.331608,13,0.357714,0.335821,0.77058,0.499314
CS77,96,1,1,34,0.359897,0.00105,0.639052,0.050859,0.00105,0.948091,0.673684,0.035715,0.290601,0.75354,0.032389,0.214072,0.34688,0.34688,0.65312,-0.306239,1.0,0.333331,0.333331,0.666669,-0.333339,1.0,0.504558,0.974843,1.066781,-0.091938,2.041624,0.82182,1.0,0.675532,1.807927,0.881158,0.926769,2.689085,0.134786,1.0,0.0,0.0,0.0,0.0,0.0,0.195253,0.201359,0.446237,0.064777,0.026533,0.379575,3,0.357594,0.335908,0.608336,0.323319
CS7A,512,0,0,28,0.345891,0.005602,0.648506,0.476814,0.005602,0.517584,0.0,0.434183,0.565817,0.604016,0.066014,0.32997,0.346098,0.346098,0.653902,-0.307804,1.0,0.386842,0.386842,0.613158,-0.226315,1.0,0.323833,0.401502,1.241334,-0.839832,1.642836,0.68548,0.430591,0.200655,0.481511,1.061963,-0.580451,1.543474,0.222665,0.11548,0.31914,0.31914,0.074455,0.244685,0.393595,-1.709718,0.215365,0.270949,0.400199,0.176057,2.284546,16,0.35916,0.584055,0.804704,1.585855
CSAA,448,1,0,22,0.312627,0.004902,0.682471,0.857687,0.004902,0.137411,0.434183,0.132356,0.433461,0.253857,0.086574,0.659569,0.342807,0.342807,0.657193,-0.314386,1.0,0.812281,0.812281,0.187719,0.624561,1.0,0.373368,0.765967,1.159804,-0.393837,1.92577,0.706579,1.0,0.214264,0.509172,1.138214,-0.629043,1.647386,0.252022,0.131815,0.125794,0.125794,0.226486,-0.100692,0.35228,-0.813396,0.248629,0.068614,0.191171,0.492953,1.388224,12,0.365741,0.199077,1.025383,1.979823
CSS4,96,1,1,34,0.363048,0.00105,0.635901,0.247325,0.00105,0.751625,0.709399,0.035715,0.254886,0.75354,0.032389,0.214072,0.347255,0.347255,0.652745,-0.30549,1.0,0.337022,0.337022,0.662978,-0.325956,1.0,0.527951,1.008886,1.032738,-0.023852,2.041624,0.829715,1.0,0.69038,1.822564,0.831034,0.991529,2.653598,0.140849,1.0,0.0,0.0,0.0,0.0,0.0,0.336232,0.198208,0.313932,0.05714,0.089122,1.410324,5,0.356845,0.377311,0.635336,0.836856
CSS5,96,1,1,35,0.364099,0.00105,0.634851,0.139556,0.00105,0.859394,0.709399,0.035715,0.254886,0.785928,0.02451,0.189561,0.347282,0.347282,0.652718,-0.305435,1.0,0.33362,0.33362,0.66638,-0.332759,1.0,0.527951,1.008886,1.032738,-0.023852,2.041624,0.829715,1.0,0.728798,1.895699,0.747685,1.148015,2.643384,0.174318,1.0,0.0,0.0,0.0,0.0,0.0,0.485968,0.197157,0.35754,0.05714,0.056733,1.260587,5,0.35679,0.335328,0.635336,0.68037
CSS6,96,1,1,36,0.365149,0.00105,0.6338,0.076299,0.00105,0.92265,0.709399,0.035715,0.254886,0.810439,0.02451,0.165051,0.34731,0.34731,0.65269,-0.305381,1.0,0.333344,0.333344,0.666656,-0.333311,1.0,0.527951,1.008886,1.032738,-0.023852,2.041624,0.829715,1.0,0.758299,1.952032,0.683531,1.268501,2.635563,0.1978,1.0,0.0,0.0,0.0,0.0,0.0,0.605957,0.196107,0.420797,0.05714,0.032223,1.140598,4,0.356736,0.33588,0.635336,0.559884
CSS7,96,1,1,37,0.3662,0.00105,0.63275,0.043199,0.00105,0.95575,0.709399,0.035715,0.254886,0.834949,0.02451,0.140541,0.347337,0.347337,0.652663,-0.305326,1.0,0.33333,0.33333,0.66667,-0.33334,1.0,0.527951,1.008886,1.032738,-0.023852,2.041624,0.829715,1.0,0.794318,2.018804,0.603305,1.415499,2.622109,0.221711,1.0,0.0,0.0,0.0,0.0,0.0,0.752982,0.195057,0.453897,0.05714,0.007713,0.993574,4,0.356681,0.335909,0.635336,0.412885
CSSA,192,1,1,31,0.360948,0.002101,0.636952,0.440048,0.002101,0.557851,0.709399,0.035715,0.254886,0.908261,0.091739,0.0,0.347228,0.347228,0.652772,-0.305543,1.0,0.37166,0.37166,0.62834,-0.25668,1.0,0.535688,0.999719,0.984955,0.014764,1.984673,0.815777,1.0,1.0,3.528042,0.0,3.528042,3.528042,0.415578,0.0,0.0,0.0,0.0,0.0,0.0,2.980582,0.200309,0.307714,0.06217,0.0,-1.234026,1,0.356898,0.61442,0.700282,-1.699657
CSSS,16,1,1,40,0.36725,0.000175,0.632575,0.019729,0.000175,0.980096,0.939096,0.001576,0.059328,0.859459,0.019915,0.120626,0.347335,0.347335,0.652665,-0.305329,1.0,0.333328,0.333328,0.666672,-0.333344,1.0,0.848058,2.357898,0.50275,1.855148,2.860647,0.900963,1.0,0.829988,2.052322,0.50365,1.548672,2.555972,0.213268,1.0,0.0,0.0,0.0,0.0,0.0,2.765146,0.194006,0.477367,0.000992,0.0,0.40352,2,0.356684,0.335913,0.051283,0.279713
R444,32,1,0,22,0.412386,0.00035,0.587263,0.392242,0.00035,0.607408,0.932794,0.001576,0.065631,0.253857,0.086574,0.659569,0.363964,0.363964,0.636036,-0.272072,1.0,0.349532,0.349532,0.650468,-0.300936,1.0,0.85358,2.343617,0.479696,1.863921,2.823313,0.89182,1.0,0.229851,0.549859,1.245385,-0.695526,1.795244,0.288174,0.152535,0.111833,0.111833,0.194044,-0.082211,0.305877,0.513177,0.335376,0.169014,0.000856,0.358047,0.643903,3,0.629812,0.352291,-0.03831,1.365191
R44A,384,1,0,19,0.408185,0.004202,0.587614,0.812605,0.004202,0.183193,0.566539,0.035715,0.397746,0.151034,0.037466,0.8115,0.363966,0.363966,0.636034,-0.272069,1.0,0.703829,0.703829,0.296171,0.407658,1.0,0.396592,0.792945,1.137233,-0.344288,1.930179,0.72747,1.0,0.233367,0.556156,1.264757,-0.708601,1.820913,0.297329,0.157898,0.098208,0.098208,0.197173,-0.098965,0.29538,-1.016264,0.339578,0.036588,0.099572,0.46087,2.173345,12,0.629808,0.106729,0.862047,1.395021
R4AA,896,1,0,16,0.398381,0.009804,0.591815,0.943473,0.009804,0.046723,0.434183,0.132356,0.433461,0.061954,0.029511,0.908535,0.363283,0.363283,0.636717,-0.273434,1.0,0.947455,0.947455,0.052545,0.894911,1.0,0.380752,0.757073,1.115427,-0.358354,1.8725,0.685609,1.0,0.236785,0.562304,1.284583,-0.722279,1.846887,0.306626,0.163305,0.094057,0.094057,0.190878,-0.096821,0.284935,-0.555979,0.349382,0.022026,0.191171,0.54995,1.713059,9,0.631174,0.041653,1.086961,1.406555
R544,192,1,0,23,0.433745,0.002101,0.564154,0.385545,0.002101,0.612354,0.566539,0.035715,0.397746,0.340431,0.038341,0.621228,0.370437,0.370437,0.629563,-0.259127,1.0,0.349412,0.349412,0.650588,-0.301175,1.0,0.409083,0.8251,1.161285,-0.336185,1.986385,0.758763,1.0,0.226216,0.542536,1.223416,-0.68088,1.765951,0.279058,0.147354,0.123959,0.123959,0.193038,-0.069079,0.316997,-1.646446,0.314017,0.175711,0.099572,0.271473,2.803527,12,0.616867,0.35253,0.853944,1.337414
R54A,1024,0,0,20,0.422541,0.011205,0.566255,0.77689,0.011205,0.211905,0.0,0.434183,0.565817,0.1885,0.029117,0.782383,0.370085,0.370085,0.629915,-0.25983,1.0,0.668553,0.668553,0.331447,0.337106,1.0,0.325602,0.385092,1.201829,-0.816738,1.586921,0.657642,0.41367,0.229809,0.549024,1.243356,-0.694332,1.79238,0.288198,0.152634,0.102505,0.102505,0.203608,-0.101103,0.306113,-1.534896,0.325222,0.052203,0.492182,0.423405,2.691977,16,0.61757,0.159412,1.1568,1.382889
R554,192,1,0,24,0.440048,0.002101,0.557851,0.360948,0.002101,0.636952,0.602254,0.035715,0.362031,0.378772,0.033319,0.587909,0.37166,0.37166,0.62834,-0.25668,1.0,0.347228,0.347228,0.652772,-0.305543,1.0,0.42552,0.846566,1.139819,-0.293253,1.986385,0.768081,1.0,0.222484,0.535089,1.20194,-0.666851,1.737029,0.270111,0.142232,0.137247,0.137247,0.190896,-0.053648,0.328143,-1.575976,0.307714,0.200309,0.091318,0.233132,2.733057,12,0.61442,0.356898,0.875999,1.307955
R555,32,1,0,25,0.442149,0.00035,0.557501,0.222978,0.00035,0.776671,0.934369,0.001576,0.064055,0.412091,0.067929,0.51998,0.371659,0.371659,0.628341,-0.256683,1.0,0.334769,0.334769,0.665231,-0.330462,1.0,0.857609,2.354233,0.46908,1.885152,2.823313,0.892328,1.0,0.218653,0.527522,1.1811,-0.653578,1.708623,0.261368,0.137162,0.169765,0.169765,0.169492,0.000273,0.339257,0.644703,0.305613,0.274118,0.000874,0.199813,0.512378,2,0.614423,0.333031,-0.039915,1.24076
R55A,384,1,0,21,0.435846,0.004202,0.559952,0.667294,0.004202,0.328504,0.602254,0.035715,0.362031,0.217617,0.03624,0.746143,0.371502,0.371502,0.628498,-0.256995,1.0,0.51235,0.51235,0.48765,0.024699,1.0,0.428456,0.832926,1.097343,-0.264416,1.930269,0.747738,1.0,0.226161,0.54178,1.222332,-0.680552,1.764112,0.2792,0.147426,0.107838,0.107838,0.209065,-0.101227,0.316903,-1.278491,0.311916,0.091896,0.091318,0.394288,2.435571,12,0.614735,0.33304,0.847162,1.369234
R5AA,896,1,0,17,0.412737,0.009804,0.577459,0.912222,0.009804,0.077974,0.434183,0.132356,0.433461,0.091465,0.029587,0.878947,0.366965,0.366965,0.633035,-0.26607,1.0,0.899383,0.899383,0.100617,0.798765,1.0,0.380745,0.757059,1.115441,-0.358383,1.8725,0.685604,1.0,0.233312,0.555375,1.263583,-0.708208,1.818957,0.297433,0.157957,0.097527,0.097527,0.197808,-0.100281,0.295335,-0.634176,0.335026,0.029677,0.191171,0.520439,1.791257,9,0.623809,0.065668,1.086989,1.395944
R644,192,1,0,24,0.463508,0.002101,0.534391,0.379899,0.002101,0.618,0.566539,0.035715,0.397746,0.378772,0.033319,0.587909,0.380809,0.380809,0.619191,-0.238382,1.0,0.349218,0.349218,0.650782,-0.301565,1.0,0.409077,0.825087,1.161298,-0.336211,1.986385,0.758759,1.0,0.223438,0.536979,1.207057,-0.670078,1.744036,0.272343,0.1435,0.136134,0.136134,0.189298,-0.053164,0.325432,-1.599398,0.284254,0.181357,0.099572,0.233132,2.756479,12,0.596122,0.35292,0.853969,1.310696
R64A,1024,0,0,21,0.452303,0.011205,0.536492,0.746778,0.011205,0.242018,0.0,0.434183,0.565817,0.217617,0.03624,0.746143,0.380404,0.380404,0.619596,-0.239192,1.0,0.629839,0.629839,0.370161,0.259679,1.0,0.325595,0.385085,1.201843,-0.816758,1.586928,0.657635,0.413676,0.2271,0.543607,1.227152,-0.683544,1.770759,0.281406,0.148707,0.106873,0.106873,0.207456,-0.100583,0.314329,-1.580398,0.295459,0.079699,0.492182,0.394288,2.737479,16,0.596931,0.236839,1.156821,1.371582
R654,512,0,0,25,0.476814,0.005602,0.517584,0.345891,0.005602,0.648506,0.0,0.434183,0.565817,0.412091,0.067929,0.51998,0.386842,0.386842,0.613158,-0.226315,1.0,0.346098,0.346098,0.653902,-0.307804,1.0,0.322424,0.400089,1.244159,-0.84407,1.644248,0.684105,0.431775,0.220616,0.532779,1.19346,-0.660681,1.72624,0.265604,0.139679,0.161683,0.161683,0.17228,-0.010597,0.333964,-2.049467,0.270949,0.215365,0.492182,0.203744,3.206548,16,0.584055,0.35916,1.184132,1.75044
R655,192,1,0,26,0.482416,0.002101,0.515483,0.217332,0.002101,0.780567,0.602254,0.035715,0.362031,0.48002,0.062195,0.457785,0.387273,0.387273,0.612727,-0.225454,1.0,0.334755,0.334755,0.665245,-0.330491,1.0,0.442047,0.868133,1.118335,-0.250201,1.986468,0.776752,1.0,0.21773,0.528507,1.180443,-0.651935,1.70895,0.259017,0.135886,0.192381,0.192381,0.15001,0.042371,0.34239,-1.41571,0.265347,0.279764,0.091318,0.135816,2.572791,12,0.583194,0.33306,0.832947,1.688726
R65A,1024,0,0,22,0.465609,0.011205,0.523186,0.637181,0.011205,0.351614,0.0,0.434183,0.565817,0.253857,0.086574,0.659569,0.385128,0.385128,0.614872,-0.229743,1.0,0.495379,0.495379,0.504621,-0.009242,1.0,0.325588,0.385078,1.201857,-0.816779,1.586935,0.657628,0.413682,0.224343,0.539569,1.213935,-0.674366,1.753504,0.274627,0.144823,0.117629,0.117629,0.204952,-0.087324,0.322581,-1.817453,0.282154,0.122009,0.492182,0.361978,2.974534,16,0.587483,0.366982,1.156841,1.840851
R664,192,1,0,26,0.488719,0.002101,0.50918,0.3072,0.002101,0.690699,0.637969,0.035715,0.326316,0.48002,0.062195,0.457785,0.389159,0.389159,0.610841,-0.221681,1.0,0.341369,0.341369,0.658631,-0.317263,1.0,0.461253,0.894236,1.092231,-0.197995,1.986468,0.786048,1.0,0.217755,0.525632,1.17437,-0.648738,1.700001,0.258888,0.135854,0.201478,0.201478,0.141055,0.060422,0.342533,-1.325254,0.259044,0.254056,0.083063,0.165687,2.482335,11,0.579421,0.368618,0.857446,1.17577
R665,192,1,0,27,0.49082,0.002101,0.50708,0.199431,0.002101,0.798468,0.637969,0.035715,0.326316,0.542215,0.061801,0.395984,0.389353,0.389353,0.610647,-0.221294,1.0,0.334492,0.334492,0.665508,-0.331016,1.0,0.461253,0.894236,1.092231,-0.197995,1.986468,0.786048,1.0,0.215816,0.524679,1.169333,-0.644655,1.694012,0.254501,0.133345,0.231693,0.231693,0.116541,0.115152,0.348234,-1.279808,0.256943,0.297665,0.083063,0.103492,2.436889,12,0.579034,0.333585,0.857446,1.608665
R666,32,1,0,28,0.49292,0.00035,0.506729,0.115385,0.00035,0.884265,0.935945,0.001576,0.062479,0.604016,0.066014,0.32997,0.389352,0.389352,0.610648,-0.221296,1.0,0.333396,0.333396,0.666604,-0.333208,1.0,0.861662,2.36493,0.458383,1.906547,2.823313,0.892834,1.0,0.212897,0.516011,1.147608,-0.631597,1.663619,0.24775,0.129525,0.30079,0.30079,0.056077,0.244713,0.356867,0.965159,0.254842,0.381711,0.000903,0.041691,0.191922,2,0.579036,0.335777,-0.041305,0.974339
R66A,384,1,0,23,0.484517,0.004202,0.511281,0.559799,0.004202,0.436,0.637969,0.035715,0.326316,0.340431,0.038341,0.621228,0.388967,0.388967,0.611033,-0.222067,1.0,0.427327,0.427327,0.572673,-0.145346,1.0,0.46572,0.881803,1.048556,-0.166753,1.930359,0.767923,1.0,0.221552,0.532564,1.194998,-0.662434,1.727561,0.26783,0.140926,0.127822,0.127822,0.20311,-0.075289,0.330932,-1.271888,0.263246,0.187964,0.083063,0.305276,2.428969,12,0.579807,0.503086,0.826204,1.325177
R6AA,896,1,0,18,0.442499,0.009804,0.547697,0.885874,0.009804,0.104322,0.434183,0.132356,0.433461,0.121053,0.029981,0.848966,0.376809,0.376809,0.623191,-0.246382,1.0,0.860325,0.860325,0.139675,0.72065,1.0,0.380737,0.757045,1.115456,-0.358411,1.8725,0.685598,1.0,0.230674,0.5501,1.247513,-0.697413,1.797613,0.290558,0.153957,0.100262,0.100262,0.203078,-0.102816,0.303341,-0.684371,0.305263,0.040427,0.191171,0.490852,1.841452,10,0.604122,0.102988,1.087017,1.387684
R744,192,1,0,25,0.514279,0.002101,0.48362,0.375304,0.002101,0.622595,0.566539,0.035715,0.397746,0.412091,0.067929,0.51998,0.404133,0.404133,0.595867,-0.191733,1.0,0.349061,0.349061,0.650939,-0.301878,1.0,0.40907,0.825074,1.161311,-0.336236,1.986385,0.758755,1.0,0.22118,0.534781,1.198261,-0.66348,1.733043,0.266844,0.140352,0.155019,0.155019,0.177289,-0.02227,0.332308,-1.515597,0.233483,0.185953,0.099572,0.231864,2.672678,12,0.549473,0.353233,0.853995,1.764028
R74A,1024,0,0,22,0.503075,0.011205,0.485721,0.722267,0.011205,0.266528,0.0,0.434183,0.565817,0.253857,0.086574,0.659569,0.403609,0.403609,0.596391,-0.192783,1.0,0.600488,0.600488,0.399512,0.200976,1.0,0.325588,0.385078,1.201857,-0.816779,1.586935,0.657628,0.413682,0.223957,0.538175,1.210212,-0.672037,1.748387,0.273622,0.144231,0.117992,0.117992,0.205884,-0.087892,0.323877,-1.568514,0.244688,0.104209,0.492182,0.390098,2.725595,16,0.550522,0.295541,1.156841,1.838207
R754,512,0,0,26,0.527585,0.005602,0.466813,0.333636,0.005602,0.660762,0.0,0.434183,0.565817,0.48002,0.062195,0.457785,0.41191,0.41191,0.58809,-0.176181,1.0,0.344819,0.344819,0.655181,-0.310362,1.0,0.322417,0.400083,1.244172,-0.844089,1.644255,0.684098,0.431781,0.21735,0.525644,1.173383,-0.647739,1.699026,0.257849,0.135282,0.193372,0.193372,0.150522,0.042849,0.343894,-1.935521,0.220177,0.22762,0.492182,0.165573,3.092602,16,0.533921,0.361717,1.184152,1.683167
R755,192,1,0,27,0.533187,0.002101,0.464712,0.212737,0.002101,0.785162,0.602254,0.035715,0.362031,0.542215,0.061801,0.395984,0.412463,0.412463,0.587537,-0.175073,1.0,0.334728,0.334728,0.665272,-0.330544,1.0,0.442041,0.86812,1.118348,-0.250227,1.986468,0.776749,1.0,0.213426,0.516371,1.148952,-0.63258,1.665323,0.249007,0.130264,0.246035,0.246035,0.109475,0.13656,0.35551,-1.251865,0.214575,0.284359,0.091318,0.103378,2.408946,12,0.532813,0.333114,0.832973,1.083475
R75A,1024,0,0,23,0.51638,0.011205,0.472415,0.612671,0.011205,0.376124,0.0,0.434183,0.565817,0.340431,0.038341,0.621228,0.409705,0.409705,0.590295,-0.180589,1.0,0.47645,0.47645,0.52355,-0.0471,1.0,0.325581,0.385071,1.20187,-0.816799,1.586942,0.657621,0.413687,0.220186,0.529176,1.185765,-0.656588,1.714941,0.264617,0.1391,0.12859,0.12859,0.206564,-0.077974,0.335154,-1.779051,0.231382,0.146519,0.492182,0.305162,2.936131,16,0.538329,0.40484,1.156862,1.322017
R764,512,0,0,27,0.546493,0.005602,0.447905,0.294945,0.005602,0.699453,0.0,0.434183,0.565817,0.542215,0.061801,0.395984,0.421484,0.421484,0.578516,-0.157031,1.0,0.340761,0.340761,0.659239,-0.318477,1.0,0.32241,0.400076,1.244185,-0.844109,1.644261,0.684092,0.431786,0.214431,0.519805,1.156739,-0.636935,1.676544,0.251167,0.131518,0.245095,0.245095,0.107645,0.137451,0.35274,-1.819102,0.201269,0.266312,0.492182,0.101741,2.976182,15,0.514771,0.369832,1.184171,1.577762
R765,512,0,0,28,0.552095,0.005602,0.442302,0.187176,0.005602,0.807222,0.0,0.434183,0.565817,0.604016,0.066014,0.32997,0.423855,0.423855,0.576145,-0.15229,1.0,0.334353,0.334353,0.665647,-0.331293,1.0,0.322404,0.40007,1.244198,-0.844128,1.644268,0.684085,0.431792,0.211461,0.513872,1.140243,-0.626371,1.654115,0.244506,0.127775,0.304081,0.304081,0.05754,0.246541,0.36162,-1.707542,0.195667,0.30992,0.492182,0.041577,2.864623,15,0.51003,0.333862,1.184191,1.458993
R766,192,1,0,29,0.557698,0.002101,0.440201,0.110789,0.002101,0.88711,0.637969,0.035715,0.326316,0.67003,0.029412,0.300558,0.42445,0.42445,0.57555,-0.151099,1.0,0.333396,0.333396,0.666604,-0.333208,1.0,0.480399,0.920181,1.06637,-0.146189,1.986551,0.794575,1.0,0.208462,0.506444,1.120904,-0.61446,1.627348,0.237828,0.124027,0.341233,0.341233,0.02936,0.311873,0.370593,-0.933083,0.190065,0.386307,0.083063,0.0,2.090164,10,0.508839,0.335777,0.80564,0.890042
R76A,1024,0,0,24,0.535288,0.011205,0.453507,0.535288,0.011205,0.453507,0.0,0.434183,0.565817,0.378772,0.033319,0.587909,0.419139,0.419139,0.580861,-0.161722,1.0,0.419139,0.419139,0.580861,-0.161722,1.0,0.325574,0.385064,1.201884,-0.81682,1.586948,0.657614,0.413693,0.217322,0.523448,1.169235,-0.645787,1.692683,0.257869,0.13528,0.139458,0.139458,0.204375,-0.064916,0.343833,-1.850967,0.212474,0.212474,0.492182,0.265183,3.008048,16,0.519462,0.519462,1.156882,1.298158
R774,192,1,0,28,0.564,0.002101,0.433899,0.269559,0.002101,0.72834,0.673684,0.035715,0.290601,0.604016,0.066014,0.32997,0.427594,0.427594,0.572406,-0.144812,1.0,0.338444,0.338444,0.661556,-0.323112,1.0,0.502618,0.951413,1.035138,-0.083725,1.986551,0.803656,1.0,0.211341,0.514908,1.141828,-0.62692,1.656736,0.244192,0.127586,0.301007,0.301007,0.061072,0.239935,0.362078,-0.938633,0.183762,0.291697,0.074809,0.053019,2.095714,12,0.502552,0.374467,0.832735,1.465263
R775,192,1,0,29,0.566101,0.002101,0.431798,0.16179,0.002101,0.836109,0.673684,0.035715,0.290601,0.67003,0.029412,0.300558,0.427862,0.427862,0.572138,-0.144277,1.0,0.333866,0.333866,0.666134,-0.332267,1.0,0.502618,0.951413,1.035138,-0.083725,1.986551,0.803656,1.0,0.207298,0.503909,1.11395,-0.610041,1.617859,0.235325,0.122633,0.335788,0.335788,0.038407,0.297381,0.374195,-0.872929,0.181661,0.335306,0.074809,0.0,2.03001,10,0.502017,0.334836,0.832735,0.900115
R776,192,1,0,30,0.568202,0.002101,0.429697,0.098534,0.002101,0.899365,0.673684,0.035715,0.290601,0.699442,0.033089,0.267469,0.428129,0.428129,0.571871,-0.143742,1.0,0.333379,0.333379,0.666621,-0.333243,1.0,0.502618,0.951413,1.035138,-0.083725,1.986551,0.803656,1.0,0.204226,0.497764,1.096981,-0.599217,1.594744,0.228688,0.11896,0.383498,0.383498,0.0,0.383498,0.383498,-0.776428,0.17956,0.398562,0.074809,0.0,1.933509,10,0.501482,0.335812,0.832735,0.803174
R777,32,1,1,31,0.570303,0.00035,0.429347,0.052303,0.00035,0.947347,0.937521,0.001576,0.060904,0.908261,0.091739,0.0,0.428129,0.428129,0.571871,-0.143743,1.0,0.33333,0.33333,0.66667,-0.33334,1.0,0.86574,2.375709,0.447604,1.928105,2.823313,0.893339,1.0,1.0,3.589841,0.0,3.589841,3.589841,0.447938,0.0,0.0,0.0,0.0,0.0,0.0,5.040863,0.177459,0.444793,0.000942,0.0,-2.572009,1,0.501483,0.33591,-0.04247,-2.408479
R77A,384,1,0,25,0.559799,0.004202,0.436,0.484517,0.004202,0.511281,0.673684,0.035715,0.290601,0.412091,0.067929,0.51998,0.427327,0.427327,0.572673,-0.145346,1.0,0.388967,0.388967,0.611033,-0.222067,1.0,0.508866,0.940541,0.989908,-0.049367,1.93045,0.7876,1.0,0.213286,0.515203,1.146082,-0.630879,1.661285,0.248651,0.130063,0.168201,0.168201,0.187812,-0.019612,0.356013,-1.067271,0.187964,0.263246,0.074809,0.244944,2.224352,12,0.503086,0.579807,0.798378,1.237945
R7AA,896,1,0,19,0.493271,0.009804,0.496925,0.864427,0.009804,0.125769,0.434183,0.132356,0.433461,0.151034,0.037466,0.8115,0.398944,0.398944,0.601056,-0.202113,1.0,0.829648,0.829648,0.170352,0.659295,1.0,0.38073,0.757031,1.11547,-0.358439,1.8725,0.685592,1.0,0.226673,0.541479,1.222577,-0.681098,1.764056,0.280505,0.148128,0.104617,0.104617,0.2108,-0.106183,0.315417,-0.688538,0.254492,0.061874,0.191171,0.492921,1.845618,10,0.559853,0.164343,1.087045,1.374736
RAAA,448,1,0,13,0.393478,0.004902,0.601619,0.979626,0.004902,0.015472,0.913185,0.019608,0.067206,0.024051,0.019958,0.955991,0.361326,0.361326,0.638674,-0.277349,1.0,0.991682,0.991682,0.008318,0.983363,1.0,0.866552,2.290065,0.413514,1.876551,2.703579,0.854751,1.0,0.240111,0.568309,1.304698,-0.736389,1.873007,0.316025,0.168757,0.090621,0.090621,0.183977,-0.093356,0.274598,1.752821,0.354284,0.009804,0.006577,0.587854,0.041233,2,0.635088,0.008415,0.114275,1.417199
RC44,192,1,0,28,0.701258,0.002101,0.296641,0.369264,0.002101,0.628636,0.566539,0.035715,0.397746,0.604016,0.066014,0.32997,0.566571,0.566571,0.433429,0.133142,1.0,0.348862,0.348862,0.651138,-0.302277,1.0,0.409057,0.825049,1.161336,-0.336288,1.986385,0.758748,1.0,0.20738,0.495703,1.100029,-0.604326,1.595732,0.236668,0.123255,0.318514,0.318514,0.054784,0.26373,0.373298,-0.846019,0.125218,0.191993,0.099572,0.142794,2.413305,11,0.363376,0.353632,0.854047,1.590583
RC4A,1024,0,0,25,0.690054,0.011205,0.298742,0.690054,0.011205,0.298742,0.0,0.434183,0.565817,0.412091,0.067929,0.51998,0.565362,0.565362,0.434638,0.130723,1.0,0.565362,0.565362,0.434638,0.130723,1.0,0.325574,0.385064,1.201884,-0.81682,1.586948,0.657614,0.413693,0.210851,0.502481,1.119037,-0.616555,1.621518,0.244329,0.127523,0.169291,0.169291,0.193445,-0.024154,0.362736,-1.196082,0.136423,0.136423,0.492182,0.334719,2.763367,15,0.365794,0.365794,1.156882,1.890695
RC54,512,0,0,29,0.714564,0.005602,0.279834,0.317529,0.005602,0.676868,0.0,0.434183,0.565817,0.67003,0.029412,0.300558,0.584285,0.584285,0.415715,0.16857,1.0,0.343281,0.343281,0.656719,-0.313439,1.0,0.322404,0.40007,1.244198,-0.844128,1.644268,0.684085,0.431792,0.203804,0.488539,1.080453,-0.591914,1.568992,0.22915,0.119091,0.351423,0.351423,0.032681,0.318742,0.384104,-1.262169,0.111913,0.243727,0.492182,0.076781,2.829454,14,0.327948,0.364794,1.184191,1.523158
RC55,192,1,0,30,0.720166,0.002101,0.277733,0.206697,0.002101,0.791203,0.602254,0.035715,0.362031,0.699442,0.033089,0.267469,0.585539,0.585539,0.414461,0.171077,1.0,0.334694,0.334694,0.665306,-0.330613,1.0,0.442028,0.868095,1.118373,-0.250279,1.986468,0.776743,1.0,0.200163,0.4813,1.061235,-0.579936,1.542535,0.221732,0.114959,0.394927,0.394927,0.0,0.394927,0.394927,-0.594823,0.10631,0.290399,0.091318,0.047368,2.162109,9,0.32544,0.333182,0.833025,1.434995
RC5A,1024,0,0,26,0.703359,0.011205,0.285436,0.580457,0.011205,0.408338,0.0,0.434183,0.565817,0.48002,0.062195,0.457785,0.579288,0.579288,0.420712,0.158577,1.0,0.454112,0.454112,0.545888,-0.091776,1.0,0.325567,0.385058,1.201898,-0.81684,1.586955,0.657606,0.413699,0.207345,0.495484,1.0998,-0.604316,1.595284,0.236753,0.123293,0.205315,0.205315,0.167953,0.037361,0.373268,-1.316995,0.123117,0.178733,0.492182,0.26679,2.88428,15,0.337941,0.449516,1.156903,1.816942
RC64,512,0,0,30,0.733472,0.005602,0.260926,0.278838,0.005602,0.71556,0.0,0.434183,0.565817,0.699442,0.033089,0.267469,0.605701,0.605701,0.394299,0.211403,1.0,0.339588,0.339588,0.660412,-0.320824,1.0,0.322397,0.400063,1.244211,-0.844148,1.644274,0.684079,0.431797,0.201089,0.483108,1.065649,-0.582541,1.548758,0.223549,0.115984,0.392343,0.392343,0.0,0.392343,0.392343,-1.143768,0.093005,0.282418,0.492182,0.048745,2.711053,14,0.285115,0.372179,1.184211,1.440185
RC65,512,0,1,31,0.739074,0.005602,0.255323,0.171069,0.005602,0.823329,0.0,0.434183,0.565817,0.908261,0.091739,0.0,0.610953,0.610953,0.389047,0.221905,1.0,0.334096,0.334096,0.665904,-0.331807,1.0,0.322391,0.400057,1.244224,-0.844168,1.644281,0.684073,0.431803,1.0,3.576278,0.0,3.576278,3.576278,0.444315,0.0,0.0,0.0,0.0,0.0,0.0,2.622209,0.087402,0.326027,0.492182,0.0,-1.054923,1,0.274612,0.334377,1.18423,-2.326292
RC66,192,1,1,32,0.744677,0.002101,0.253222,0.104749,0.002101,0.89315,0.637969,0.035715,0.326316,0.879374,0.028887,0.091739,0.61227,0.61227,0.38773,0.22454,1.0,0.333393,0.333393,0.666607,-0.333215,1.0,0.480386,0.920155,1.066396,-0.146241,1.986551,0.794569,1.0,0.837865,2.179358,0.539788,1.63957,2.719146,0.328108,1.0,0.0,0.0,0.0,0.0,0.0,1.384654,0.0818,0.392347,0.083063,0.0,0.182631,2,0.271977,0.335784,0.805692,-0.389583
RC6A,1024,0,0,27,0.722267,0.011205,0.266528,0.503075,0.011205,0.485721,0.0,0.434183,0.565817,0.542215,0.061801,0.395984,0.600488,0.600488,0.399512,0.200976,1.0,0.403609,0.403609,0.596391,-0.192783,1.0,0.325561,0.385051,1.201911,-0.816861,1.586962,0.657599,0.413705,0.204686,0.490165,1.085105,-0.59494,1.57527,0.231081,0.120132,0.252637,0.252637,0.128703,0.123934,0.38134,-1.279673,0.104209,0.244688,0.492182,0.205972,2.846959,15,0.295541,0.550522,1.156923,1.720993
RC74,512,0,1,31,0.757982,0.005602,0.236415,0.253452,0.005602,0.740945,0.0,0.434183,0.565817,0.908261,0.091739,0.0,0.635349,0.635349,0.364651,0.270698,1.0,0.33775,0.33775,0.66225,-0.3245,1.0,0.322391,0.400057,1.244224,-0.844168,1.644281,0.684073,0.431803,1.0,3.574096,0.0,3.574096,3.574096,0.443072,0.0,0.0,0.0,0.0,0.0,0.0,2.676126,0.068494,0.307804,0.492182,0.0,-1.10884,1,0.22582,0.375855,1.18423,-2.324109
RC75,512,0,1,32,0.763585,0.005602,0.230813,0.145683,0.005602,0.848714,0.0,0.434183,0.565817,0.879374,0.028887,0.091739,0.640897,0.640897,0.359103,0.281794,1.0,0.333742,0.333742,0.666258,-0.332515,1.0,0.322384,0.40005,1.244237,-0.844187,1.644287,0.684066,0.431808,0.839153,2.177858,0.534816,1.643042,2.712673,0.324702,1.0,0.0,0.0,0.0,0.0,0.0,0.748133,0.062892,0.351413,0.492182,0.0,0.819152,4,0.214724,0.335085,1.18425,-0.393055
RC76,512,0,1,33,0.769187,0.005602,0.225211,0.082427,0.005602,0.911971,0.0,0.434183,0.565817,0.732531,0.021009,0.24646,0.646484,0.646484,0.353516,0.292968,1.0,0.333361,0.333361,0.666639,-0.333279,1.0,0.322378,0.400043,1.24425,-0.844207,1.644294,0.68406,0.431814,0.631529,1.726269,0.975682,0.750587,2.701951,0.090932,1.0,0.0,0.0,0.0,0.0,0.0,-0.133931,0.05729,0.414669,0.492182,0.047542,1.701217,9,0.20355,0.335848,1.184269,0.4994
RC77,192,1,1,34,0.774789,0.002101,0.22311,0.046263,0.002101,0.951636,0.673684,0.035715,0.290601,0.75354,0.032389,0.214072,0.647885,0.647885,0.352115,0.295771,1.0,0.333331,0.333331,0.666669,-0.333338,1.0,0.524593,0.982155,1.004479,-0.022324,1.986634,0.811881,1.0,0.67549,1.807828,0.881239,0.926589,2.689067,0.134814,1.0,0.0,0.0,0.0,0.0,0.0,0.866697,0.051687,0.450833,0.074809,0.026533,0.700589,4,0.200747,0.335907,0.771335,0.323398
RC7A,1024,0,0,28,0.746778,0.011205,0.242018,0.452303,0.011205,0.536492,0.0,0.434183,0.565817,0.604016,0.066014,0.32997,0.629839,0.629839,0.370161,0.259679,1.0,0.380404,0.380404,0.619596,-0.239192,1.0,0.325554,0.385044,1.201925,-0.816881,1.586969,0.657592,0.413711,0.200648,0.481497,1.062038,-0.580541,1.543535,0.222701,0.11548,0.319099,0.319099,0.074461,0.244638,0.393559,-1.132297,0.079699,0.295459,0.492182,0.176057,2.699582,15,0.236839,0.596931,1.156944,1.585889
RCAA,896,1,0,22,0.680249,0.009804,0.309946,0.83624,0.009804,0.153956,0.434183,0.132356,0.433461,0.253857,0.086574,0.659569,0.554574,0.554574,0.445426,0.109149,1.0,0.791554,0.791554,0.208446,0.583108,1.0,0.380716,0.757002,1.115498,-0.358496,1.8725,0.68558,1.0,0.214257,0.509158,1.138273,-0.629115,1.647431,0.252058,0.131815,0.125767,0.125767,0.226481,-0.100714,0.352248,-0.396068,0.146227,0.090061,0.191171,0.492953,1.963353,12,0.387369,0.240531,1.087102,1.979815
RCC4,192,1,1,34,0.816807,0.002101,0.181092,0.231393,0.002101,0.766506,0.745114,0.035715,0.219171,0.75354,0.032389,0.214072,0.704505,0.704505,0.295495,0.409011,1.0,0.336362,0.336362,0.663638,-0.327276,1.0,0.604099,1.097986,0.88873,0.209256,1.986717,0.836639,1.0,0.690339,1.822466,0.83112,0.991345,2.653586,0.140877,1.0,0.0,0.0,0.0,0.0,0.0,1.282336,0.032386,0.329863,0.0583,0.089122,1.712179,4,0.105376,0.378631,0.761987,0.836933
RCC5,192,1,1,35,0.818908,0.002101,0.178991,0.123624,0.002101,0.874275,0.745114,0.035715,0.219171,0.785928,0.02451,0.189561,0.705182,0.705182,0.294818,0.410363,1.0,0.333523,0.333523,0.666477,-0.332954,1.0,0.604099,1.097986,0.88873,0.209256,1.986717,0.836639,1.0,0.728762,1.895611,0.747763,1.147849,2.643374,0.174351,1.0,0.0,0.0,0.0,0.0,0.0,1.434514,0.030285,0.373472,0.0583,0.056733,1.560001,4,0.104024,0.335523,0.761987,0.68043
RCC6,192,1,1,36,0.821009,0.002101,0.17689,0.060368,0.002101,0.937531,0.745114,0.035715,0.219171,0.810439,0.02451,0.165051,0.705858,0.705858,0.294142,0.411716,1.0,0.333336,0.333336,0.666664,-0.333328,1.0,0.604099,1.097986,0.88873,0.209256,1.986717,0.836639,1.0,0.758268,1.951955,0.683598,1.268357,2.635553,0.197837,1.0,0.0,0.0,0.0,0.0,0.0,1.556001,0.028185,0.436728,0.0583,0.032223,1.438514,4,0.102671,0.335897,0.761987,0.559922
RCC7,192,1,1,37,0.82311,0.002101,0.174789,0.027268,0.002101,0.970631,0.745114,0.035715,0.219171,0.834949,0.02451,0.140541,0.706534,0.706534,0.293466,0.413068,1.0,0.33333,0.33333,0.66667,-0.33334,1.0,0.604099,1.097986,0.88873,0.209256,1.986717,0.836639,1.0,0.794291,2.018737,0.603364,1.415373,2.622102,0.221751,1.0,0.0,0.0,0.0,0.0,0.0,1.704357,0.026084,0.469828,0.0583,0.007713,1.290157,3,0.101319,0.335909,0.761987,0.412906
RCCA,384,1,1,31,0.812605,0.004202,0.183193,0.408185,0.004202,0.587614,0.745114,0.035715,0.219171,0.908261,0.091739,0.0,0.703829,0.703829,0.296171,0.407658,1.0,0.363966,0.363966,0.636034,-0.272069,1.0,0.614738,1.091466,0.839164,0.252301,1.93063,0.82418,1.0,1.0,3.528037,0.0,3.528037,3.528037,0.415628,0.0,0.0,0.0,0.0,0.0,0.0,3.915928,0.036588,0.339578,0.0583,0.0,-0.921413,1,0.106729,0.629808,0.718941,-1.699758
RCCC,32,1,1,40,0.827312,0.00035,0.172338,0.005055,0.00035,0.994595,0.940672,0.001576,0.057752,0.859459,0.019915,0.120626,0.70721,0.70721,0.29279,0.414421,1.0,0.333329,0.333329,0.666671,-0.333342,1.0,0.873969,2.397516,0.425797,1.971718,2.823313,0.894343,1.0,0.829961,2.052257,0.503712,1.548545,2.555969,0.213311,1.0,0.0,0.0,0.0,0.0,0.0,3.601342,0.021882,0.492041,0.001053,0.0,-0.310978,1,0.099966,0.335912,-0.044076,0.279838
RCCS,192,1,1,40,0.825211,0.002101,0.172688,0.012769,0.002101,0.98513,0.745114,0.035715,0.219171,0.859459,0.019915,0.120626,0.70721,0.70721,0.29279,0.414421,1.0,0.33333,0.33333,0.66667,-0.33334,1.0,0.604099,1.097986,0.88873,0.209256,1.986717,0.836639,1.0,0.829944,2.052234,0.503698,1.548536,2.555933,0.213352,1.0,0.0,0.0,0.0,0.0,0.0,1.838873,0.023983,0.484327,0.0583,0.0,1.155642,2,0.099966,0.335909,0.761987,0.279849
RCS4,512,0,1,34,0.788095,0.005602,0.206303,0.238571,0.005602,0.755827,0.0,0.434183,0.565817,0.75354,0.032389,0.214072,0.674442,0.674442,0.325558,0.348885,1.0,0.336889,0.336889,0.663111,-0.326222,1.0,0.322384,0.40005,1.244237,-0.844187,1.644287,0.684066,0.431808,0.690319,1.822426,0.831147,0.99128,2.653573,0.14089,1.0,0.0,0.0,0.0,0.0,0.0,0.169756,0.040998,0.322685,0.492182,0.089122,1.470854,9,0.147633,0.377577,1.18425,0.836971
RCS5,512,0,1,35,0.793697,0.005602,0.2007,0.130802,0.005602,0.863596,0.0,0.434183,0.565817,0.785928,0.02451,0.189561,0.680371,0.680371,0.319629,0.360742,1.0,0.333601,0.333601,0.666399,-0.332798,1.0,0.322378,0.400043,1.24425,-0.844207,1.644294,0.68406,0.431814,0.728744,1.895576,0.747788,1.147788,2.643364,0.174367,1.0,0.0,0.0,0.0,0.0,0.0,0.331526,0.035396,0.366294,0.492182,0.056733,1.309084,7,0.135776,0.335367,1.184269,0.680462
RCS6,512,0,1,36,0.7993,0.005602,0.195098,0.067546,0.005602,0.926852,0.0,0.434183,0.565817,0.810439,0.02451,0.165051,0.686339,0.686339,0.313661,0.372678,1.0,0.333344,0.333344,0.666656,-0.333313,1.0,0.322371,0.400037,1.244263,-0.844226,1.6443,0.684053,0.431819,0.758254,1.951927,0.683614,1.268313,2.635542,0.197856,1.0,0.0,0.0,0.0,0.0,0.0,0.463452,0.029793,0.42955,0.492182,0.032223,1.177157,7,0.123839,0.335882,1.184289,0.559937
RCS7,512,0,1,37,0.804902,0.005602,0.189496,0.034446,0.005602,0.959952,0.0,0.434183,0.565817,0.834949,0.02451,0.140541,0.692347,0.692347,0.307653,0.384694,1.0,0.333331,0.333331,0.666669,-0.333338,1.0,0.322365,0.40003,1.244276,-0.844246,1.644307,0.684047,0.431825,0.794279,2.018714,0.603379,1.415334,2.622093,0.221772,1.0,0.0,0.0,0.0,0.0,0.0,0.622444,0.024191,0.46265,0.492182,0.007713,1.018165,7,0.111824,0.335907,1.184308,0.412916
RCSA,1024,0,1,31,0.77689,0.011205,0.211905,0.422541,0.011205,0.566255,0.0,0.434183,0.565817,0.908261,0.091739,0.0,0.668553,0.668553,0.331447,0.337106,1.0,0.370085,0.370085,0.629915,-0.25983,1.0,0.325547,0.385037,1.201939,-0.816902,1.586976,0.657585,0.413717,1.0,3.528041,0.0,3.528041,3.528041,0.41565,0.0,0.0,0.0,0.0,0.0,0.0,2.788416,0.052203,0.325222,0.492182,0.0,-1.147806,1,0.159412,0.61757,1.156964,-1.699791
RCSS,192,1,1,40,0.810504,0.002101,0.187395,0.016884,0.002101,0.981015,0.709399,0.035715,0.254886,0.859459,0.019915,0.120626,0.693854,0.693854,0.306146,0.387707,1.0,0.33333,0.33333,0.66667,-0.33334,1.0,0.575112,1.055019,0.931698,0.123322,1.986717,0.828405,1.0,0.829944,2.052234,0.503698,1.548536,2.555933,0.213352,1.0,0.0,0.0,0.0,0.0,0.0,1.726225,0.018589,0.480212,0.066554,0.0,0.85948,3,0.108811,0.335909,0.729241,0.279849
RR44,168,1,0,28,0.846044,0.001838,0.152117,0.367425,0.001838,0.630736,0.988204,0.001838,0.009957,0.604016,0.066014,0.32997,0.792895,0.792895,0.207105,0.58579,1.0,0.348798,0.348798,0.651202,-0.302404,1.0,0.98242,3.623343,0.065019,3.558324,3.688361,0.891891,1.0,0.207373,0.495689,1.10011,-0.604421,1.595799,0.236703,0.123256,0.318472,0.318472,0.05479,0.263681,0.373262,3.50097,0.080257,0.193831,0.0,0.142794,-0.116523,1,0.237849,0.353759,-2.00142,1.590644
RR4A,896,1,0,25,0.83624,0.009804,0.153956,0.680249,0.009804,0.309946,0.780829,0.132356,0.086815,0.412091,0.067929,0.51998,0.791554,0.791554,0.208446,0.583108,1.0,0.554574,0.554574,0.445426,0.109149,1.0,0.847134,1.40872,0.467175,0.941546,1.875895,0.858694,1.0,0.210846,0.50247,1.119097,-0.616628,1.621567,0.244359,0.127523,0.169263,0.169263,0.193444,-0.024181,0.362707,0.992994,0.090061,0.146227,0.067519,0.334719,2.391453,5,0.240531,0.387369,0.681431,1.890712
RR54,448,1,0,29,0.857687,0.004902,0.137411,0.312627,0.004902,0.682471,0.780829,0.132356,0.086815,0.67003,0.029412,0.300558,0.812281,0.812281,0.187719,0.624561,1.0,0.342807,0.342807,0.657193,-0.314386,1.0,0.82726,1.405462,0.525591,0.879871,1.931053,0.86757,1.0,0.203798,0.488526,1.08053,-0.592004,1.569056,0.229182,0.119091,0.351386,0.351386,0.032684,0.318702,0.38407,0.916744,0.068614,0.248629,0.067519,0.076781,2.467702,5,0.199077,0.365741,0.677033,1.523206
RR55,168,1,0,30,0.862589,0.001838,0.135573,0.204858,0.001838,0.793303,0.990043,0.001838,0.008119,0.699442,0.033089,0.267469,0.813641,0.813641,0.186359,0.627282,1.0,0.334683,0.334683,0.665317,-0.330634,1.0,0.985808,3.635858,0.052503,3.583355,3.688361,0.892263,1.0,0.200157,0.481286,1.061319,-0.580033,1.542605,0.221766,0.114959,0.39489,0.39489,0.0,0.39489,0.39489,3.69486,0.063712,0.292238,0.0,0.047368,-0.310413,1,0.196357,0.333203,-2.02645,1.435047
RR5A,896,1,0,26,0.847883,0.009804,0.142313,0.570653,0.009804,0.419543,0.780829,0.132356,0.086815,0.48002,0.062195,0.457785,0.806848,0.806848,0.193152,0.613695,1.0,0.447327,0.447327,0.552673,-0.105347,1.0,0.847134,1.40872,0.467175,0.941546,1.875895,0.858694,1.0,0.20734,0.495472,1.099864,-0.604391,1.595336,0.236783,0.123293,0.205284,0.205284,0.167954,0.03733,0.373238,0.882833,0.078418,0.188537,0.067519,0.26679,2.501614,5,0.209943,0.463087,0.681431,1.816965
RR64,448,1,0,30,0.874231,0.004902,0.120867,0.273936,0.004902,0.721162,0.780829,0.132356,0.086815,0.699442,0.033089,0.267469,0.835173,0.835173,0.164827,0.670346,1.0,0.33923,0.33923,0.66077,-0.321541,1.0,0.82726,1.405462,0.525591,0.879871,1.931053,0.86757,1.0,0.201083,0.483096,1.065725,-0.582629,1.548821,0.223581,0.115984,0.392309,0.392309,0.0,0.392309,0.392309,1.038357,0.05207,0.28732,0.067519,0.048745,2.34609,5,0.153292,0.372896,0.677033,1.440224
RR65,448,1,1,31,0.879133,0.004902,0.115965,0.166167,0.004902,0.828931,0.780829,0.132356,0.086815,0.908261,0.091739,0.0,0.840715,0.840715,0.159285,0.68143,1.0,0.334022,0.334022,0.665978,-0.331957,1.0,0.82726,1.405462,0.525591,0.879871,1.931053,0.86757,1.0,1.0,3.576275,0.0,3.576275,3.576275,0.444359,0.0,0.0,0.0,0.0,0.0,0.0,4.80562,0.047168,0.330929,0.067519,0.0,-1.421173,1,0.142209,0.334526,0.677033,-2.326372
RR66,168,1,1,32,0.884035,0.001838,0.114126,0.102911,0.001838,0.895251,0.991881,0.001838,0.006281,0.879374,0.028887,0.091739,0.842102,0.842102,0.157898,0.684205,1.0,0.333392,0.333392,0.666608,-0.333216,1.0,0.989204,3.648407,0.039955,3.608452,3.688361,0.892633,1.0,0.83785,2.179318,0.539823,1.639495,2.719141,0.328151,1.0,0.0,0.0,0.0,0.0,0.0,5.598935,0.042266,0.394185,0.0,0.0,-2.214489,1,0.139434,0.335785,-2.051548,-0.389591
RR6A,896,1,0,27,0.864427,0.009804,0.125769,0.493271,0.009804,0.496925,0.780829,0.132356,0.086815,0.542215,0.061801,0.395984,0.829648,0.829648,0.170352,0.659295,1.0,0.398944,0.398944,0.601056,-0.202113,1.0,0.847134,1.40872,0.467175,0.941546,1.875895,0.858694,1.0,0.204681,0.490154,1.085167,-0.595013,1.57532,0.23111,0.120132,0.252604,0.252604,0.128707,0.123897,0.381311,0.927613,0.061874,0.254492,0.067519,0.205972,2.456834,5,0.164343,0.559853,0.681431,1.72102
RR74,448,1,1,31,0.895678,0.004902,0.09942,0.24855,0.004902,0.746548,0.780829,0.132356,0.086815,0.908261,0.091739,0.0,0.865976,0.865976,0.134024,0.731952,1.0,0.337454,0.337454,0.662546,-0.325091,1.0,0.82726,1.405462,0.525591,0.879871,1.931053,0.86757,1.0,1.0,3.574093,0.0,3.574093,3.574093,0.443116,0.0,0.0,0.0,0.0,0.0,0.0,4.860824,0.030623,0.312706,0.067519,0.0,-1.476378,1,0.091687,0.376446,0.677033,-2.324189
RR75,448,1,1,32,0.90058,0.004902,0.094518,0.140781,0.004902,0.854317,0.780829,0.132356,0.086815,0.879374,0.028887,0.091739,0.871643,0.871643,0.128357,0.743285,1.0,0.333692,0.333692,0.666308,-0.332616,1.0,0.82726,1.405462,0.525591,0.879871,1.931053,0.86757,1.0,0.839138,2.17782,0.534848,1.642972,2.712669,0.324743,1.0,0.0,0.0,0.0,0.0,0.0,2.933512,0.025721,0.356315,0.067519,0.0,0.450935,3,0.080353,0.335185,0.677033,-0.393068
RR76,448,1,1,33,0.905482,0.004902,0.089616,0.077525,0.004902,0.917573,0.780829,0.132356,0.086815,0.732531,0.021009,0.24646,0.877326,0.877326,0.122674,0.754651,1.0,0.333354,0.333354,0.666646,-0.333291,1.0,0.82726,1.405462,0.525591,0.879871,1.931053,0.86757,1.0,0.631492,1.726183,0.975757,0.750426,2.701939,0.090947,1.0,0.0,0.0,0.0,0.0,0.0,2.051657,0.020819,0.419571,0.067519,0.047542,1.33279,4,0.068987,0.335861,0.677033,0.499478
RR77,168,1,1,34,0.910384,0.001838,0.087778,0.044425,0.001838,0.953737,0.993719,0.001838,0.004442,0.75354,0.032389,0.214072,0.878748,0.878748,0.121252,0.757497,1.0,0.333331,0.333331,0.666669,-0.333337,1.0,0.992606,3.660989,0.027373,3.633616,3.688361,0.893001,1.0,0.675456,1.807746,0.881311,0.926435,2.689057,0.134837,1.0,0.0,0.0,0.0,0.0,0.0,4.984211,0.015917,0.452671,0.0,0.026533,-1.599764,1,0.066142,0.335906,-2.076712,0.323469
RR7A,896,1,0,28,0.885874,0.009804,0.104322,0.442499,0.009804,0.547697,0.780829,0.132356,0.086815,0.604016,0.066014,0.32997,0.860325,0.860325,0.139675,0.72065,1.0,0.376809,0.376809,0.623191,-0.246382,1.0,0.847134,1.40872,0.467175,0.941546,1.875895,0.858694,1.0,0.200643,0.481486,1.062102,-0.580616,1.543588,0.22273,0.11548,0.319064,0.319064,0.074465,0.244599,0.393529,1.079798,0.040427,0.305263,0.067519,0.176057,2.304649,5,0.102988,0.604122,0.681431,1.58592
RRAA,784,1,0,22,0.827662,0.008579,0.16376,0.827662,0.008579,0.16376,0.979626,0.008579,0.011796,0.253857,0.086574,0.659569,0.779526,0.779526,0.220474,0.559053,1.0,0.779526,0.779526,0.220474,0.559053,1.0,0.978747,3.548541,0.076923,3.471618,3.625463,0.868824,1.0,0.214252,0.509148,1.138321,-0.629173,1.647468,0.252086,0.131815,0.125747,0.125747,0.226475,-0.100728,0.352222,3.859822,0.098639,0.098639,0.0,0.492953,-0.475375,1,0.264586,0.264586,-1.848642,1.979805
RRC4,448,1,1,34,0.953277,0.004902,0.041821,0.226491,0.004902,0.768607,0.780829,0.132356,0.086815,0.75354,0.032389,0.214072,0.953455,0.953455,0.046545,0.90691,1.0,0.336303,0.336303,0.663697,-0.327393,1.0,0.82726,1.405462,0.525591,0.879871,1.931053,0.86757,1.0,0.690288,1.822351,0.831214,0.991137,2.653565,0.140912,1.0,0.0,0.0,0.0,0.0,0.0,2.450525,0.012222,0.334766,0.067519,0.089122,1.327101,3,0.029653,0.378748,0.677033,0.837032
RRC5,448,1,1,35,0.958179,0.004902,0.036919,0.118722,0.004902,0.876376,0.780829,0.132356,0.086815,0.785928,0.02451,0.189561,0.959471,0.959471,0.040529,0.918942,1.0,0.333516,0.333516,0.666484,-0.332969,1.0,0.82726,1.405462,0.525591,0.879871,1.931053,0.86757,1.0,0.728716,1.895509,0.747849,1.14766,2.643358,0.174393,1.0,0.0,0.0,0.0,0.0,0.0,2.613504,0.00732,0.378374,0.067519,0.056733,1.164121,4,0.017621,0.335538,0.677033,0.680509
RRC6,448,1,1,36,0.963081,0.004902,0.032017,0.055466,0.004902,0.939632,0.780829,0.132356,0.086815,0.810439,0.02451,0.165051,0.965503,0.965503,0.034497,0.931007,1.0,0.333336,0.333336,0.666664,-0.333327,1.0,0.82726,1.405462,0.525591,0.879871,1.931053,0.86757,1.0,0.75823,1.951868,0.683667,1.268202,2.635535,0.197884,1.0,0.0,0.0,0.0,0.0,0.0,2.745753,0.002418,0.44163,0.067519,0.032223,1.031873,4,0.005557,0.335896,0.677033,0.559967
RRC7,448,1,1,37,0.967983,0.004902,0.027115,0.022366,0.004902,0.972732,0.780829,0.132356,0.086815,0.834949,0.02451,0.140541,0.971552,0.971552,0.028448,0.943104,1.0,0.333331,0.333331,0.666669,-0.333338,1.0,0.82726,1.405462,0.525591,0.879871,1.931053,0.86757,1.0,0.794258,2.018662,0.603426,1.415236,2.622088,0.221803,1.0,0.0,0.0,0.0,0.0,0.0,2.904874,0.0,0.47473,0.067519,0.007713,0.872751,4,-0.006541,0.335907,0.677033,0.412932
RRCA,896,1,1,31,0.943473,0.009804,0.046723,0.398381,0.009804,0.591815,0.780829,0.132356,0.086815,0.908261,0.091739,0.0,0.947455,0.947455,0.052545,0.894911,1.0,0.363283,0.363283,0.636717,-0.273434,1.0,0.847134,1.40872,0.467175,0.941546,1.875895,0.858694,1.0,1.0,3.528038,0.0,3.528038,3.528038,0.415689,0.0,0.0,0.0,0.0,0.0,0.0,5.09106,0.022026,0.349382,0.067519,0.0,-1.313434,1,0.041653,0.631174,0.681431,-1.699869
RRCC,168,1,1,40,0.977788,0.001838,0.020374,0.003217,0.001838,0.994945,0.997396,0.001838,0.000766,0.859459,0.019915,0.120626,0.979135,0.979135,0.020865,0.958271,1.0,0.333331,0.333331,0.666669,-0.333339,1.0,0.999431,3.686253,0.002109,3.684144,3.688361,0.893731,1.0,0.829925,2.052186,0.503745,1.548441,2.555931,0.213383,1.0,0.0,0.0,0.0,0.0,0.0,5.857517,0.0,0.493879,0.0,0.0,-2.079891,1,-0.021707,0.335908,-2.12724,0.279838
RRCS,448,1,1,40,0.972885,0.004902,0.022212,0.007867,0.004902,0.987231,0.780829,0.132356,0.086815,0.859459,0.019915,0.120626,0.977617,0.977617,0.022383,0.955234,1.0,0.333331,0.333331,0.666669,-0.333338,1.0,0.82726,1.405462,0.525591,0.879871,1.931053,0.86757,1.0,0.829916,2.052168,0.503759,1.548408,2.555927,0.213402,1.0,0.0,0.0,0.0,0.0,0.0,3.050176,0.0,0.489229,0.067519,0.0,0.72745,4,-0.018671,0.335907,0.677033,0.279842
RRR4,224,1,1,34,0.984528,0.002451,0.013021,0.22404,0.002451,0.773509,0.942248,0.019608,0.038144,0.75354,0.032389,0.214072,0.99304,0.99304,0.00696,0.986079,1.0,0.336132,0.336132,0.663868,-0.327735,1.0,0.923835,2.462935,0.275635,2.1873,2.73857,0.875172,1.0,0.690263,1.822294,0.831269,0.991026,2.653563,0.140927,1.0,0.0,0.0,0.0,0.0,0.0,3.836669,0.004902,0.337217,0.007701,0.089122,1.049111,2,0.005699,0.37909,0.199186,0.837082
RRR5,224,1,1,35,0.986979,0.002451,0.01057,0.116271,0.002451,0.881278,0.942248,0.019608,0.038144,0.785928,0.02451,0.189561,0.994398,0.994398,0.005602,0.988796,1.0,0.333492,0.333492,0.666508,-0.333015,1.0,0.923835,2.462935,0.275635,2.1873,2.73857,0.875172,1.0,0.728694,1.895458,0.747899,1.147559,2.643357,0.174412,1.0,0.0,0.0,0.0,0.0,0.0,3.990639,0.002451,0.380825,0.007701,0.056733,0.895142,2,0.002982,0.335585,0.199186,0.680549
RRR6,224,1,1,36,0.98943,0.002451,0.008119,0.053015,0.002451,0.944534,0.942248,0.019608,0.038144,0.810439,0.02451,0.165051,0.995756,0.995756,0.004244,0.991512,1.0,0.333335,0.333335,0.666665,-0.33333,1.0,0.923835,2.462935,0.275635,2.1873,2.73857,0.875172,1.0,0.758211,1.951825,0.683708,1.268116,2.635533,0.197906,1.0,0.0,0.0,0.0,0.0,0.0,4.113598,0.0,0.444082,0.007701,0.032223,0.772183,2,0.000266,0.335899,0.199186,0.559991
RRR7,224,1,1,37,0.991881,0.002451,0.005668,0.019915,0.002451,0.977634,0.942248,0.019608,0.038144,0.834949,0.02451,0.140541,0.997114,0.997114,0.002886,0.994228,1.0,0.333332,0.333332,0.666668,-0.333337,1.0,0.923835,2.462935,0.275635,2.1873,2.73857,0.875172,1.0,0.794243,2.018624,0.603463,1.415161,2.622087,0.221826,1.0,0.0,0.0,0.0,0.0,0.0,4.263352,0.0,0.477181,0.007701,0.007713,0.622429,2,-0.00245,0.335906,0.199186,0.412946
RRRA,448,1,1,31,0.979626,0.004902,0.015472,0.393478,0.004902,0.601619,0.942248,0.019608,0.038144,0.908261,0.091739,0.0,0.991682,0.991682,0.008318,0.983363,1.0,0.361326,0.361326,0.638674,-0.277349,1.0,0.928904,2.447783,0.255833,2.19195,2.703617,0.8645,1.0,1.0,3.528036,0.0,3.528036,3.528036,0.415717,0.0,0.0,0.0,0.0,0.0,0.0,6.426,0.009804,0.354284,0.007701,0.0,-1.54022,1,0.008415,0.635088,0.194535,-1.699928
RRRC,224,1,1,40,0.996783,0.002451,0.000766,0.000766,0.002451,0.996783,0.942248,0.019608,0.038144,0.859459,0.019915,0.120626,0.99983,0.99983,0.00017,0.99966,1.0,0.333332,0.333332,0.666668,-0.333337,1.0,0.923835,2.462935,0.275635,2.1873,2.73857,0.875172,1.0,0.829902,2.052134,0.503793,1.548341,2.555928,0.213424,1.0,0.0,0.0,0.0,0.0,0.0,4.401964,0.0,0.49633,0.007701,0.0,0.483816,2,-0.007883,0.335906,0.199186,0.279828
RRRR,70,1,1,40,0.999234,0.000766,0.0,0.0,0.000766,0.999234,0.999234,0.000766,0.0,0.859459,0.019915,0.120626,1.0,1.0,0.0,1.0,1.0,0.333332,0.333332,0.666668,-0.333336,1.0,1.0,3.653833,0.0,3.653833,3.653833,0.881506,0.0,0.829895,2.052116,0.503813,1.548304,2.555929,0.213437,1.0,0.0,0.0,0.0,0.0,0.0,5.8688,0.0,0.497096,0.0,0.0,-0.983019,1,-0.008222,0.335906,-1.267347,0.279804
RRRS,224,1,1,40,0.994332,0.002451,0.003217,0.005416,0.002451,0.992133,0.942248,0.019608,0.038144,0.859459,0.019915,0.120626,0.998472,0.998472,0.001528,0.996944,1.0,0.333332,0.333332,0.666668,-0.333337,1.0,0.923835,2.462935,0.275635,2.1873,2.73857,0.875172,1.0,0.829902,2.052134,0.503793,1.548341,2.555928,0.213424,1.0,0.0,0.0,0.0,0.0,0.0,4.399248,0.0,0.49168,0.007701,0.0,0.486533,2,-0.005166,0.335906,0.199186,0.279828
RRS4,448,1,1,34,0.922026,0.004902,0.073071,0.233669,0.004902,0.761429,0.780829,0.132356,0.086815,0.75354,0.032389,0.214072,0.905191,0.905191,0.094809,0.810382,1.0,0.336622,0.336622,0.663378,-0.326755,1.0,0.82726,1.405462,0.525591,0.879871,1.931053,0.86757,1.0,0.690288,1.822351,0.831214,0.991137,2.653565,0.140912,1.0,0.0,0.0,0.0,0.0,0.0,2.354635,0.019873,0.327587,0.067519,0.089122,1.350481,4,0.054051,0.37811,0.677033,0.837032
RRS5,448,1,1,35,0.926929,0.004902,0.068169,0.1259,0.004902,0.869198,0.780829,0.132356,0.086815,0.785928,0.02451,0.189561,0.911016,0.911016,0.088984,0.822032,1.0,0.333561,0.333561,0.666439,-0.332877,1.0,0.82726,1.405462,0.525591,0.879871,1.931053,0.86757,1.0,0.728716,1.895509,0.747849,1.14766,2.643358,0.174393,1.0,0.0,0.0,0.0,0.0,0.0,2.516686,0.014971,0.371196,0.067519,0.056733,1.188431,4,0.042401,0.335447,0.677033,0.680509
RRS6,448,1,1,36,0.931831,0.004902,0.063267,0.062644,0.004902,0.932454,0.780829,0.132356,0.086815,0.810439,0.02451,0.165051,0.916857,0.916857,0.083143,0.833714,1.0,0.33334,0.33334,0.66666,-0.33332,1.0,0.82726,1.405462,0.525591,0.879871,1.931053,0.86757,1.0,0.75823,1.951868,0.683667,1.268202,2.635535,0.197884,1.0,0.0,0.0,0.0,0.0,0.0,2.648468,0.010069,0.434452,0.067519,0.032223,1.056649,4,0.030719,0.335889,0.677033,0.559967
RRS7,448,1,1,37,0.936733,0.004902,0.058365,0.029544,0.004902,0.965554,0.780829,0.132356,0.086815,0.834949,0.02451,0.140541,0.922714,0.922714,0.077286,0.845429,1.0,0.333331,0.333331,0.666669,-0.333337,1.0,0.82726,1.405462,0.525591,0.879871,1.931053,0.86757,1.0,0.794258,2.018662,0.603426,1.415236,2.622088,0.221803,1.0,0.0,0.0,0.0,0.0,0.0,2.807199,0.005167,0.467552,0.067519,0.007713,0.897917,4,0.019005,0.335907,0.677033,0.412932
RRSA,896,1,1,31,0.912222,0.009804,0.077974,0.412737,0.009804,0.577459,0.780829,0.132356,0.086815,0.908261,0.091739,0.0,0.899383,0.899383,0.100617,0.798765,1.0,0.366965,0.366965,0.633035,-0.26607,1.0,0.847134,1.40872,0.467175,0.941546,1.875895,0.858694,1.0,1.0,3.528038,0.0,3.528038,3.528038,0.415689,0.0,0.0,0.0,0.0,0.0,0.0,5.002279,0.029677,0.335026,0.067519,0.0,-1.297163,1,0.065668,0.623809,0.681431,-1.699869
RRSS,168,1,1,40,0.941635,0.001838,0.056527,0.015045,0.001838,0.983116,0.995558,0.001838,0.002604,0.859459,0.019915,0.120626,0.924181,0.924181,0.075819,0.848362,1.0,0.333331,0.333331,0.666669,-0.333339,1.0,0.996015,3.673604,0.014757,3.658847,3.688361,0.893367,1.0,0.829925,2.052186,0.503745,1.548441,2.555931,0.213383,1.0,0.0,0.0,0.0,0.0,0.0,5.72231,0.000265,0.482051,0.0,0.0,-2.017194,1,0.016072,0.335908,-2.101942,0.279838
RS44,192,1,0,28,0.591662,0.002101,0.406237,0.371758,0.002101,0.626141,0.566539,0.035715,0.397746,0.604016,0.066014,0.32997,0.454874,0.454874,0.545126,-0.090252,1.0,0.348942,0.348942,0.651058,-0.302115,1.0,0.409064,0.825061,1.161324,-0.336262,1.986385,0.758751,1.0,0.20738,0.495703,1.100029,-0.604326,1.595732,0.236668,0.123255,0.318514,0.318514,0.054784,0.26373,0.373298,-1.069226,0.167528,0.189498,0.099572,0.142794,2.459291,12,0.447992,0.35347,0.854021,1.590583
RS4A,1024,0,0,25,0.580457,0.011205,0.408338,0.703359,0.011205,0.285436,0.0,0.434183,0.565817,0.412091,0.067929,0.51998,0.454112,0.454112,0.545888,-0.091776,1.0,0.579288,0.579288,0.420712,0.158577,1.0,0.325581,0.385071,1.20187,-0.816799,1.586942,0.657621,0.413687,0.210851,0.502481,1.119037,-0.616555,1.621518,0.244329,0.127523,0.169291,0.169291,0.193445,-0.024154,0.362736,-1.390707,0.178733,0.123117,0.492182,0.334719,2.780772,16,0.449516,0.337941,1.156862,1.890695
RS54,512,0,0,29,0.604968,0.005602,0.38943,0.324182,0.005602,0.670216,0.0,0.434183,0.565817,0.67003,0.029412,0.300558,0.466099,0.466099,0.533901,-0.067802,1.0,0.343892,0.343892,0.656108,-0.312217,1.0,0.32241,0.400076,1.244185,-0.844109,1.644261,0.684092,0.431786,0.203804,0.488539,1.080453,-0.591914,1.568992,0.22915,0.119091,0.351423,0.351423,0.032681,0.318742,0.384104,-1.497299,0.154223,0.237074,0.492182,0.076781,2.887364,15,0.425542,0.363572,1.184171,1.523158
RS55,192,1,0,30,0.61057,0.002101,0.387329,0.209191,0.002101,0.788708,0.602254,0.035715,0.362031,0.699442,0.033089,0.267469,0.466896,0.466896,0.533104,-0.066208,1.0,0.334707,0.334707,0.665293,-0.330585,1.0,0.442035,0.868107,1.11836,-0.250253,1.986468,0.776746,1.0,0.200163,0.4813,1.061235,-0.579936,1.542535,0.221732,0.114959,0.394927,0.394927,0.0,0.394927,0.394927,-0.832055,0.14862,0.287905,0.091318,0.047368,2.22212,11,0.423948,0.333154,0.832999,1.434995
RS5A,1024,0,0,26,0.593763,0.011205,0.395032,0.593763,0.011205,0.395032,0.0,0.434183,0.565817,0.48002,0.062195,0.457785,0.462925,0.462925,0.537075,-0.07415,1.0,0.462925,0.462925,0.537075,-0.07415,1.0,0.325574,0.385064,1.201884,-0.81682,1.586948,0.657614,0.413693,0.207345,0.495484,1.0998,-0.604316,1.595284,0.236753,0.123293,0.205315,0.205315,0.167953,0.037361,0.373268,-1.532075,0.165427,0.165427,0.492182,0.26679,2.922139,16,0.43189,0.43189,1.156882,1.816942
RS64,512,0,0,30,0.623876,0.005602,0.370522,0.285491,0.005602,0.708907,0.0,0.434183,0.565817,0.699442,0.033089,0.267469,0.479794,0.479794,0.520206,-0.040412,1.0,0.340052,0.340052,0.659948,-0.319895,1.0,0.322404,0.40007,1.244198,-0.844128,1.644268,0.684085,0.431792,0.201089,0.483108,1.065649,-0.582541,1.548758,0.223549,0.115984,0.392343,0.392343,0.0,0.392343,0.392343,-1.394634,0.135315,0.275766,0.492182,0.048745,2.784699,14,0.398152,0.37125,1.184191,1.440185
RS65,512,0,1,31,0.629478,0.005602,0.36492,0.177722,0.005602,0.816676,0.0,0.434183,0.565817,0.908261,0.091739,0.0,0.483169,0.483169,0.516831,-0.033663,1.0,0.334196,0.334196,0.665804,-0.331608,1.0,0.322397,0.400063,1.244211,-0.844148,1.644274,0.684079,0.431797,1.0,3.576278,0.0,3.576278,3.576278,0.444315,0.0,0.0,0.0,0.0,0.0,0.0,2.366859,0.129712,0.319374,0.492182,0.0,-0.976794,1,0.391403,0.334177,1.184211,-2.326292
RS66,192,1,1,32,0.63508,0.002101,0.362819,0.107244,0.002101,0.890655,0.637969,0.035715,0.326316,0.879374,0.028887,0.091739,0.484016,0.484016,0.515984,-0.031969,1.0,0.333394,0.333394,0.666606,-0.333212,1.0,0.480392,0.920168,1.066383,-0.146215,1.986551,0.794572,1.0,0.837865,2.179358,0.539788,1.63957,2.719146,0.328108,1.0,0.0,0.0,0.0,0.0,0.0,1.128174,0.12411,0.389852,0.083063,0.0,0.261891,3,0.389709,0.335781,0.805666,-0.389583
RS6A,1024,0,0,27,0.612671,0.011205,0.376124,0.51638,0.011205,0.472415,0.0,0.434183,0.565817,0.542215,0.061801,0.395984,0.47645,0.47645,0.52355,-0.0471,1.0,0.409705,0.409705,0.590295,-0.180589,1.0,0.325567,0.385058,1.201898,-0.81684,1.586955,0.657606,0.413699,0.204686,0.490165,1.085105,-0.59494,1.57527,0.231081,0.120132,0.252637,0.252637,0.128703,0.123934,0.38134,-1.515535,0.146519,0.231382,0.492182,0.205972,2.9056,16,0.40484,0.538329,1.156903,1.720993
RS74,512,0,1,31,0.648386,0.005602,0.346012,0.260105,0.005602,0.734293,0.0,0.434183,0.565817,0.908261,0.091739,0.0,0.498957,0.498957,0.501043,-0.002086,1.0,0.338135,0.338135,0.661865,-0.32373,1.0,0.322397,0.400063,1.244211,-0.844148,1.644274,0.684079,0.431797,1.0,3.574096,0.0,3.574096,3.574096,0.443072,0.0,0.0,0.0,0.0,0.0,0.0,2.404131,0.110804,0.301151,0.492182,0.0,-1.014066,1,0.359826,0.375085,1.184211,-2.324109
RS75,512,0,1,32,0.653988,0.005602,0.340409,0.152336,0.005602,0.842061,0.0,0.434183,0.565817,0.879374,0.028887,0.091739,0.502565,0.502565,0.497435,0.005131,1.0,0.333811,0.333811,0.666189,-0.332379,1.0,0.322391,0.400057,1.244224,-0.844168,1.644281,0.684073,0.431803,0.839153,2.177858,0.534816,1.643042,2.712673,0.324702,1.0,0.0,0.0,0.0,0.0,0.0,0.471626,0.105202,0.34476,0.492182,0.0,0.918439,5,0.352609,0.334948,1.18423,-0.393055
RS76,512,0,1,33,0.659591,0.005602,0.334807,0.08908,0.005602,0.905318,0.0,0.434183,0.565817,0.732531,0.021009,0.24646,0.506205,0.506205,0.493795,0.012409,1.0,0.333371,0.333371,0.666629,-0.333259,1.0,0.322384,0.40005,1.244237,-0.844187,1.644287,0.684066,0.431808,0.631529,1.726269,0.975682,0.750587,2.701951,0.090932,1.0,0.0,0.0,0.0,0.0,0.0,-0.41445,0.0996,0.408016,0.492182,0.047542,1.804515,10,0.345331,0.335828,1.18425,0.4994
RS77,192,1,1,34,0.665193,0.002101,0.332706,0.048758,0.002101,0.949141,0.673684,0.035715,0.290601,0.75354,0.032389,0.214072,0.507118,0.507118,0.492882,0.014236,1.0,0.333331,0.333331,0.666669,-0.333338,1.0,0.524599,0.982168,1.004466,-0.022298,1.986634,0.811883,1.0,0.67549,1.807828,0.881239,0.926589,2.689067,0.134814,1.0,0.0,0.0,0.0,0.0,0.0,0.585188,0.093997,0.448338,0.074809,0.026533,0.804876,5,0.343504,0.335907,0.771309,0.323398
RS7A,1024,0,0,28,0.637181,0.011205,0.351614,0.465609,0.011205,0.523186,0.0,0.434183,0.565817,0.604016,0.066014,0.32997,0.495379,0.495379,0.504621,-0.009242,1.0,0.385128,0.385128,0.614872,-0.229743,1.0,0.325561,0.385051,1.201911,-0.816861,1.586962,0.657599,0.413705,0.200648,0.481497,1.062038,-0.580541,1.543535,0.222701,0.11548,0.319099,0.319099,0.074461,0.244638,0.393559,-1.391749,0.122009,0.282154,0.492182,0.176057,2.781814,15,0.366982,0.587483,1.156923,1.585889
RSAA,896,1,0,22,0.570653,0.009804,0.419543,0.847883,0.009804,0.142313,0.434183,0.132356,0.433461,0.253857,0.086574,0.659569,0.447327,0.447327,0.552673,-0.105347,1.0,0.806848,0.806848,0.193152,0.613695,1.0,0.380723,0.757016,1.115484,-0.358467,1.8725,0.685586,1.0,0.214257,0.509158,1.138273,-0.629115,1.647431,0.252058,0.131815,0.125767,0.125767,0.226481,-0.100714,0.352248,-0.579947,0.188537,0.078418,0.191171,0.492953,1.970012,12,0.463087,0.209943,1.087074,1.979815
RSS4,192,1,1,34,0.671496,0.002101,0.326403,0.245224,0.002101,0.752675,0.709399,0.035715,0.254886,0.75354,0.032389,0.214072,0.51276,0.51276,0.48724,0.025519,1.0,0.337009,0.337009,0.662991,-0.325982,1.0,0.55008,1.019021,0.967612,0.051409,1.986634,0.820597,1.0,0.690339,1.822466,0.83112,0.991345,2.653586,0.140877,1.0,0.0,0.0,0.0,0.0,0.0,0.742292,0.087695,0.316033,0.066554,0.089122,1.843413,5,0.33222,0.377337,0.801153,0.836933
RSS5,192,1,1,35,0.673597,0.002101,0.324302,0.137455,0.002101,0.860444,0.709399,0.035715,0.254886,0.785928,0.02451,0.189561,0.51317,0.51317,0.48683,0.02634,1.0,0.333619,0.333619,0.666381,-0.332762,1.0,0.55008,1.019021,0.967612,0.051409,1.986634,0.820597,1.0,0.728762,1.895611,0.747763,1.147849,2.643374,0.174351,1.0,0.0,0.0,0.0,0.0,0.0,0.892836,0.085594,0.359641,0.066554,0.056733,1.692869,5,0.3314,0.335331,0.801153,0.68043
RSS6,192,1,1,36,0.675698,0.002101,0.322202,0.074198,0.002101,0.923701,0.709399,0.035715,0.254886,0.810439,0.02451,0.165051,0.51358,0.51358,0.48642,0.027161,1.0,0.333345,0.333345,0.666655,-0.33331,1.0,0.55008,1.019021,0.967612,0.051409,1.986634,0.820597,1.0,0.758268,1.951955,0.683598,1.268357,2.635553,0.197837,1.0,0.0,0.0,0.0,0.0,0.0,1.013616,0.083493,0.422898,0.066554,0.032223,1.572089,5,0.330579,0.33588,0.801153,0.559922
RSS7,192,1,1,37,0.677798,0.002101,0.320101,0.041099,0.002101,0.956801,0.709399,0.035715,0.254886,0.834949,0.02451,0.140541,0.513991,0.513991,0.486009,0.027981,1.0,0.333331,0.333331,0.666669,-0.333339,1.0,0.55008,1.019021,0.967612,0.051409,1.986634,0.820597,1.0,0.794291,2.018737,0.603364,1.415373,2.622102,0.221751,1.0,0.0,0.0,0.0,0.0,0.0,1.161424,0.081392,0.455997,0.066554,0.007713,1.424281,4,0.329759,0.335908,0.801153,0.412906
RSSA,384,1,1,31,0.667294,0.004202,0.328504,0.435846,0.004202,0.559952,0.709399,0.035715,0.254886,0.908261,0.091739,0.0,0.51235,0.51235,0.48765,0.024699,1.0,0.371502,0.371502,0.628498,-0.256995,1.0,0.558378,1.010107,0.920433,0.089674,1.93054,0.806434,1.0,1.0,3.528037,0.0,3.528037,3.528037,0.415628,0.0,0.0,0.0,0.0,0.0,0.0,3.385415,0.091896,0.311916,0.066554,0.0,-0.79971,1,0.33304,0.614735,0.762889,-1.699758
RSSS,32,1,1,40,0.679899,0.00035,0.319751,0.019378,0.00035,0.980271,0.939096,0.001576,0.059328,0.859459,0.019915,0.120626,0.51399,0.51399,0.48601,0.027981,1.0,0.333329,0.333329,0.666671,-0.333342,1.0,0.869842,2.386571,0.436742,1.949829,2.823313,0.893842,1.0,0.829961,2.052257,0.503712,1.548545,2.555969,0.213311,1.0,0.0,0.0,0.0,0.0,0.0,3.193012,0.079291,0.477718,0.000992,0.0,-0.024346,1,0.329759,0.335912,-0.043398,0.279838
S444,16,1,0,22,0.125725,0.000175,0.8741,0.392767,0.000175,0.607058,0.932794,0.001576,0.065631,0.253857,0.086574,0.659569,0.333521,0.333521,0.666479,-0.332958,1.0,0.349531,0.349531,0.650469,-0.300937,1.0,0.832377,2.316242,0.544405,1.771837,2.860647,0.899097,1.0,0.229862,0.549882,1.245283,-0.695401,1.795165,0.288115,0.152534,0.111868,0.111868,0.194059,-0.082191,0.305926,0.360349,0.371371,0.168489,0.000856,0.358047,0.171462,2,0.335528,0.352292,0.053774,1.365142
S44A,192,1,0,19,0.123624,0.002101,0.874275,0.818908,0.002101,0.178991,0.566539,0.035715,0.397746,0.151034,0.037466,0.8115,0.333523,0.333523,0.666477,-0.332954,1.0,0.705182,0.705182,0.294818,0.410363,1.0,0.38781,0.800097,1.184245,-0.384147,1.984342,0.74553,1.0,0.233375,0.556173,1.264693,-0.708521,1.820866,0.297283,0.157898,0.098229,0.098229,0.197188,-0.09896,0.295417,-1.114219,0.373472,0.030285,0.094732,0.46087,1.297993,11,0.335523,0.104024,0.78465,1.39503
S4AA,448,1,0,16,0.118722,0.004902,0.876376,0.958179,0.004902,0.036919,0.434183,0.132356,0.433461,0.061954,0.029511,0.908535,0.333516,0.333516,0.666484,-0.332969,1.0,0.959471,0.959471,0.040529,0.918942,1.0,0.373402,0.766034,1.159736,-0.393701,1.92577,0.706606,1.0,0.236792,0.562317,1.284542,-0.722225,1.84686,0.306587,0.163305,0.094074,0.094074,0.190891,-0.096817,0.284966,-0.62677,0.378374,0.00732,0.191171,0.54995,1.016984,8,0.335538,0.017621,1.025248,1.406592
S544,96,1,0,23,0.136404,0.00105,0.862545,0.388697,0.00105,0.610253,0.566539,0.035715,0.397746,0.340431,0.038341,0.621228,0.333604,0.333604,0.666396,-0.332791,1.0,0.349469,0.349469,0.650531,-0.301062,1.0,0.399079,0.8306,1.210796,-0.380197,2.041396,0.774726,1.0,0.226225,0.542554,1.223329,-0.680775,1.765883,0.279008,0.147354,0.123991,0.123991,0.193049,-0.069058,0.31704,-1.763883,0.360692,0.17256,0.087932,0.271473,1.947657,12,0.33536,0.352417,0.687637,1.337383
S54A,512,0,0,20,0.130802,0.005602,0.863596,0.793697,0.005602,0.2007,0.0,0.434183,0.565817,0.1885,0.029117,0.782383,0.333601,0.333601,0.666399,-0.332798,1.0,0.680371,0.680371,0.319629,0.360742,1.0,0.323879,0.401547,1.241242,-0.839695,1.64279,0.685524,0.430552,0.229816,0.54904,1.243293,-0.694253,1.792332,0.288156,0.152633,0.102526,0.102526,0.203622,-0.101097,0.306148,-1.607101,0.366294,0.035396,0.400199,0.423405,1.790875,15,0.335367,0.135776,0.804567,1.3829
S554,96,1,0,24,0.139556,0.00105,0.859394,0.364099,0.00105,0.634851,0.602254,0.035715,0.362031,0.378772,0.033319,0.587909,0.33362,0.33362,0.66638,-0.332759,1.0,0.347282,0.347282,0.652718,-0.305435,1.0,0.41401,0.850207,1.191189,-0.340982,2.041396,0.78285,1.0,0.222493,0.535107,1.201852,-0.666745,1.736959,0.270062,0.142231,0.137284,0.137284,0.190903,-0.053619,0.328186,-1.69954,0.35754,0.197157,0.08018,0.233132,1.883314,12,0.335328,0.35679,0.70652,1.307913
S555,16,1,0,25,0.140606,0.000175,0.859219,0.223504,0.000175,0.776321,0.934369,0.001576,0.064055,0.412091,0.067929,0.51998,0.333619,0.333619,0.666381,-0.332762,1.0,0.334768,0.334768,0.665232,-0.330463,1.0,0.836262,2.326536,0.534111,1.792424,2.860647,0.899566,1.0,0.218664,0.527544,1.180995,-0.653451,1.708539,0.261312,0.137162,0.169813,0.169813,0.169494,0.000319,0.339307,0.476067,0.35649,0.273592,0.000874,0.199813,0.050987,2,0.335332,0.333033,0.052813,1.240681
S55A,192,1,0,21,0.137455,0.002101,0.860444,0.673597,0.002101,0.324302,0.602254,0.035715,0.362031,0.217617,0.03624,0.746143,0.333619,0.333619,0.666381,-0.332762,1.0,0.51317,0.51317,0.48683,0.02634,1.0,0.416757,0.836597,1.147828,-0.311231,1.984425,0.763205,1.0,0.226169,0.541797,1.222261,-0.680465,1.764058,0.279155,0.147425,0.107862,0.107862,0.209079,-0.101216,0.316941,-1.399334,0.359641,0.085594,0.08648,0.394288,1.583108,11,0.335331,0.3314,0.769928,1.369231
S5AA,448,1,0,17,0.1259,0.004902,0.869198,0.926929,0.004902,0.068169,0.434183,0.132356,0.433461,0.091465,0.029587,0.878947,0.333561,0.333561,0.666439,-0.332877,1.0,0.911016,0.911016,0.088984,0.822032,1.0,0.373395,0.766021,1.159749,-0.393729,1.92577,0.7066,1.0,0.233318,0.555388,1.263536,-0.708148,1.818924,0.297394,0.157956,0.097545,0.097545,0.197821,-0.100277,0.295366,-0.712998,0.371196,0.014971,0.191171,0.520439,1.103212,10,0.335447,0.042401,1.025275,1.395974
S644,96,1,0,24,0.151286,0.00105,0.847664,0.383051,0.00105,0.615899,0.566539,0.035715,0.397746,0.378772,0.033319,0.587909,0.333747,0.333747,0.666253,-0.332506,1.0,0.349274,0.349274,0.650726,-0.301452,1.0,0.399073,0.830587,1.210809,-0.380221,2.041396,0.774722,1.0,0.223446,0.536997,1.206973,-0.669976,1.74397,0.272294,0.1435,0.136171,0.136171,0.189304,-0.053133,0.325475,-1.737288,0.34581,0.178206,0.087932,0.233132,1.921063,12,0.335076,0.352807,0.687662,1.310659
S64A,512,0,0,21,0.145683,0.005602,0.848714,0.763585,0.005602,0.230813,0.0,0.434183,0.565817,0.217617,0.03624,0.746143,0.333742,0.333742,0.666258,-0.332515,1.0,0.640897,0.640897,0.359103,0.281794,1.0,0.323873,0.401541,1.241255,-0.839715,1.642796,0.685518,0.430558,0.227107,0.543622,1.227091,-0.683469,1.770713,0.281364,0.148707,0.106895,0.106895,0.207469,-0.100574,0.314364,-1.674479,0.351413,0.062892,0.400199,0.394288,1.858253,16,0.335085,0.214724,0.804586,1.371593
S654,256,0,0,25,0.157939,0.002801,0.83926,0.354295,0.002801,0.642904,0.0,0.434183,0.565817,0.412091,0.067929,0.51998,0.333835,0.333835,0.666165,-0.332329,1.0,0.346578,0.346578,0.653422,-0.306844,1.0,0.321098,0.416461,1.284273,-0.867812,1.700734,0.710808,0.448948,0.220623,0.532795,1.193384,-0.660588,1.726179,0.265558,0.139679,0.16172,0.16172,0.172284,-0.010564,0.334004,-2.178138,0.339158,0.206962,0.383947,0.203744,2.361912,16,0.334899,0.358199,0.770449,1.750387
S655,96,1,0,26,0.16074,0.00105,0.83821,0.220484,0.00105,0.778466,0.602254,0.035715,0.362031,0.48002,0.062195,0.457785,0.333841,0.333841,0.666159,-0.332318,1.0,0.334764,0.334764,0.665236,-0.330472,1.0,0.429062,0.86995,1.171522,-0.301571,2.041472,0.790468,1.0,0.217739,0.528524,1.180361,-0.651837,1.708885,0.258969,0.135886,0.192423,0.192423,0.15001,0.042413,0.342433,-1.573786,0.336356,0.276612,0.08018,0.135816,1.75756,12,0.334888,0.333042,0.667109,1.688659
S65A,512,0,0,22,0.152336,0.005602,0.842061,0.653988,0.005602,0.340409,0.0,0.434183,0.565817,0.253857,0.086574,0.659569,0.333811,0.333811,0.666189,-0.332379,1.0,0.502565,0.502565,0.497435,0.005131,1.0,0.323866,0.401534,1.241268,-0.839734,1.642803,0.685512,0.430563,0.22435,0.539583,1.213875,-0.674291,1.753458,0.274585,0.144823,0.117656,0.117656,0.20496,-0.087304,0.322617,-1.928578,0.34476,0.105202,0.400199,0.361978,2.112352,16,0.334948,0.352609,0.804606,1.840831
S664,96,1,0,26,0.163891,0.00105,0.835059,0.310351,0.00105,0.688598,0.637969,0.035715,0.326316,0.48002,0.062195,0.457785,0.333869,0.333869,0.666131,-0.332263,1.0,0.341408,0.341408,0.658592,-0.317185,1.0,0.446577,0.893898,1.147574,-0.253676,2.041472,0.798686,1.0,0.217763,0.525648,1.174287,-0.648638,1.699935,0.258841,0.135854,0.201524,0.201524,0.141052,0.060471,0.342576,-1.49129,0.333205,0.250905,0.072459,0.165687,1.675064,11,0.334832,0.36854,0.688482,1.175717
S665,96,1,0,27,0.164941,0.00105,0.834008,0.202582,0.00105,0.796367,0.637969,0.035715,0.326316,0.542215,0.061801,0.395984,0.333872,0.333872,0.666128,-0.332257,1.0,0.334501,0.334501,0.665499,-0.330999,1.0,0.446577,0.893898,1.147574,-0.253676,2.041472,0.798686,1.0,0.215824,0.524695,1.169254,-0.64456,1.693949,0.254454,0.133345,0.231736,0.231736,0.11654,0.115197,0.348276,-1.446295,0.332155,0.294514,0.072459,0.103492,1.630069,12,0.334826,0.333568,0.688482,1.608598
S666,16,1,0,28,0.165992,0.000175,0.833833,0.11591,0.000175,0.883915,0.935945,0.001576,0.062479,0.604016,0.066014,0.32997,0.33387,0.33387,0.66613,-0.33226,1.0,0.333395,0.333395,0.666605,-0.33321,1.0,0.84017,2.336909,0.523738,1.813171,2.860647,0.900033,1.0,0.212907,0.51603,1.14751,-0.63148,1.663541,0.247697,0.129526,0.300846,0.300846,0.05607,0.244776,0.356916,0.760997,0.331104,0.381186,0.000903,0.041691,-0.104766,1,0.334829,0.335779,0.05207,0.974254
S66A,192,1,0,23,0.16179,0.002101,0.836109,0.566101,0.002101,0.431798,0.637969,0.035715,0.326316,0.340431,0.038341,0.621228,0.333866,0.333866,0.666134,-0.332267,1.0,0.427862,0.427862,0.572138,-0.144277,1.0,0.450745,0.881419,1.103089,-0.22167,1.984508,0.78106,1.0,0.22156,0.532579,1.194932,-0.662353,1.727511,0.267787,0.140927,0.127854,0.127854,0.203116,-0.075262,0.33097,-1.435829,0.335306,0.181661,0.078302,0.305276,1.619603,11,0.334836,0.502017,0.751401,1.325165
S6AA,448,1,0,18,0.140781,0.004902,0.854317,0.90058,0.004902,0.094518,0.434183,0.132356,0.433461,0.121053,0.029981,0.848966,0.333692,0.333692,0.666308,-0.332616,1.0,0.871643,0.871643,0.128357,0.743285,1.0,0.373389,0.766007,1.159763,-0.393756,1.92577,0.706595,1.0,0.23068,0.550113,1.247469,-0.697356,1.797582,0.290519,0.153957,0.10028,0.10028,0.203091,-0.10281,0.303371,-0.783252,0.356315,0.025721,0.191171,0.490852,1.173466,10,0.335185,0.080353,1.025302,1.387716
S744,96,1,0,25,0.176671,0.00105,0.822278,0.378455,0.00105,0.620495,0.566539,0.035715,0.397746,0.412091,0.067929,0.51998,0.334104,0.334104,0.665896,-0.331793,1.0,0.349117,0.349117,0.650883,-0.301765,1.0,0.399067,0.830575,1.210821,-0.380246,2.041396,0.774719,1.0,0.221189,0.534798,1.198182,-0.663384,1.732981,0.266796,0.140352,0.155056,0.155056,0.177294,-0.022239,0.33235,-1.699427,0.320425,0.182801,0.087932,0.231864,1.883201,12,0.334362,0.35312,0.687687,1.763974
S74A,512,0,0,22,0.171069,0.005602,0.823329,0.739074,0.005602,0.255323,0.0,0.434183,0.565817,0.253857,0.086574,0.659569,0.334096,0.334096,0.665904,-0.331807,1.0,0.610953,0.610953,0.389047,0.221905,1.0,0.323866,0.401534,1.241268,-0.839734,1.642803,0.685512,0.430563,0.223964,0.538189,1.210153,-0.671964,1.748342,0.273581,0.144231,0.11802,0.11802,0.205892,-0.087872,0.323912,-1.709472,0.326027,0.087402,0.400199,0.390098,1.893246,16,0.334377,0.274612,0.804606,1.838187
S754,256,0,0,26,0.183324,0.002801,0.813875,0.34204,0.002801,0.655159,0.0,0.434183,0.565817,0.48002,0.062195,0.457785,0.334232,0.334232,0.665768,-0.331536,1.0,0.345275,0.345275,0.654725,-0.30945,1.0,0.321092,0.416455,1.284285,-0.86783,1.70074,0.710802,0.448953,0.217358,0.52566,1.173305,-0.647645,1.698964,0.257805,0.135282,0.193411,0.193411,0.150524,0.042887,0.343934,-2.113574,0.313772,0.219217,0.383947,0.165573,2.297348,16,0.334105,0.360805,0.770467,1.683109
S755,96,1,0,27,0.186125,0.00105,0.812824,0.215888,0.00105,0.783062,0.602254,0.035715,0.362031,0.542215,0.061801,0.395984,0.33424,0.33424,0.66576,-0.331519,1.0,0.334737,0.334737,0.665263,-0.330526,1.0,0.429056,0.869938,1.171534,-0.301596,2.041472,0.790465,1.0,0.213434,0.516389,1.148863,-0.632474,1.665252,0.248961,0.130264,0.246084,0.246084,0.109469,0.136615,0.355553,-1.4595,0.310971,0.281208,0.08018,0.103378,1.643274,12,0.334088,0.333095,0.667134,1.083409
S75A,512,0,0,23,0.177722,0.005602,0.816676,0.629478,0.005602,0.36492,0.0,0.434183,0.565817,0.340431,0.038341,0.621228,0.334196,0.334196,0.665804,-0.331608,1.0,0.483169,0.483169,0.516831,-0.033663,1.0,0.323859,0.401528,1.241282,-0.839754,1.642809,0.685505,0.430569,0.220193,0.529191,1.185698,-0.656507,1.714889,0.264577,0.1391,0.128619,0.128619,0.206571,-0.077952,0.33519,-1.939484,0.319374,0.129712,0.400199,0.305162,2.123258,16,0.334177,0.391403,0.804625,1.322009
S764,256,0,0,27,0.192778,0.002801,0.804421,0.303348,0.002801,0.693851,0.0,0.434183,0.565817,0.542215,0.061801,0.395984,0.334393,0.334393,0.665607,-0.331214,1.0,0.341112,0.341112,0.658888,-0.317776,1.0,0.321086,0.416449,1.284298,-0.867849,1.700747,0.710797,0.448958,0.214438,0.51982,1.156664,-0.636844,1.676484,0.251123,0.131518,0.245141,0.245141,0.107639,0.137502,0.35278,-2.016182,0.304318,0.257908,0.383947,0.101741,2.199956,16,0.333784,0.369131,0.770486,1.577693
S765,256,0,0,28,0.195579,0.002801,0.801619,0.195579,0.002801,0.801619,0.0,0.434183,0.565817,0.604016,0.066014,0.32997,0.334433,0.334433,0.665567,-0.331134,1.0,0.334433,0.334433,0.665567,-0.331134,1.0,0.321079,0.416442,1.28431,-0.867868,1.700753,0.710791,0.448963,0.211469,0.513887,1.140166,-0.626279,1.654053,0.244463,0.127776,0.304126,0.304126,0.057534,0.246592,0.36166,-1.909824,0.301517,0.301517,0.383947,0.041577,2.093598,16,0.333703,0.333703,0.770505,1.458923
S766,96,1,0,29,0.198381,0.00105,0.800569,0.11394,0.00105,0.885009,0.637969,0.035715,0.326316,0.67003,0.029412,0.300558,0.334442,0.334442,0.665558,-0.331115,1.0,0.333397,0.333397,0.666603,-0.333207,1.0,0.464076,0.91774,1.123808,-0.206067,2.041548,0.806277,1.0,0.20847,0.50646,1.12082,-0.61436,1.62728,0.237784,0.124027,0.341279,0.341279,0.029356,0.311924,0.370635,-1.172825,0.298716,0.383156,0.072459,0.0,1.3566,10,0.333685,0.335776,0.640873,0.889986
S76A,512,0,0,24,0.187176,0.005602,0.807222,0.552095,0.005602,0.442302,0.0,0.434183,0.565817,0.378772,0.033319,0.587909,0.334353,0.334353,0.665647,-0.331293,1.0,0.423855,0.423855,0.576145,-0.15229,1.0,0.323853,0.401521,1.241295,-0.839773,1.642816,0.685499,0.430574,0.217329,0.523462,1.16917,-0.645708,1.692632,0.257829,0.13528,0.139489,0.139489,0.20438,-0.064891,0.343869,-2.033955,0.30992,0.195667,0.400199,0.265183,2.21773,16,0.333862,0.51003,0.804645,1.298149
S774,96,1,0,28,0.201532,0.00105,0.797418,0.27271,0.00105,0.726239,0.673684,0.035715,0.290601,0.604016,0.066014,0.32997,0.334496,0.334496,0.665504,-0.331008,1.0,0.338474,0.338474,0.661526,-0.323051,1.0,0.484412,0.9465,1.095048,-0.148549,2.041548,0.814409,1.0,0.211349,0.514924,1.141748,-0.626824,1.656671,0.244146,0.127586,0.301056,0.301056,0.061065,0.23999,0.362121,-1.189441,0.295564,0.288546,0.064777,0.053019,1.373215,12,0.333577,0.374406,0.664947,1.465185
S775,96,1,0,29,0.202582,0.00105,0.796367,0.164941,0.00105,0.834008,0.673684,0.035715,0.290601,0.67003,0.029412,0.300558,0.334501,0.334501,0.665499,-0.330999,1.0,0.333872,0.333872,0.666128,-0.332257,1.0,0.484412,0.9465,1.095048,-0.148549,2.041548,0.814409,1.0,0.207306,0.503925,1.113862,-0.609937,1.617787,0.235281,0.122633,0.335834,0.335834,0.038405,0.297429,0.374238,-1.124312,0.294514,0.332155,0.064777,0.0,1.308086,12,0.333568,0.334826,0.664947,0.900057
S776,96,1,0,30,0.203633,0.00105,0.795317,0.101685,0.00105,0.897264,0.673684,0.035715,0.290601,0.699442,0.033089,0.267469,0.334505,0.334505,0.665495,-0.33099,1.0,0.333379,0.333379,0.666621,-0.333242,1.0,0.484412,0.9465,1.095048,-0.148549,2.041548,0.814409,1.0,0.204234,0.49778,1.096895,-0.599115,1.594675,0.228645,0.11896,0.38354,0.38354,0.0,0.38354,0.38354,-1.028355,0.293463,0.395411,0.064777,0.0,1.212129,10,0.333559,0.335811,0.664947,0.803125
S777,16,1,1,31,0.204683,0.000175,0.795142,0.052829,0.000175,0.946996,0.937521,0.001576,0.060904,0.908261,0.091739,0.0,0.334504,0.334504,0.665496,-0.330993,1.0,0.333329,0.333329,0.666671,-0.333342,1.0,0.844102,2.347363,0.513284,1.834079,2.860647,0.900499,1.0,1.0,3.589845,0.0,3.589845,3.589845,0.447873,0.0,0.0,0.0,0.0,0.0,0.0,4.759589,0.292413,0.444268,0.000942,0.0,-2.290735,1,0.333562,0.335912,0.051556,-2.408483
S77A,192,1,0,25,0.199431,0.002101,0.798468,0.49082,0.002101,0.50708,0.673684,0.035715,0.290601,0.412091,0.067929,0.51998,0.334492,0.334492,0.665508,-0.331016,1.0,0.389353,0.389353,0.610647,-0.221294,1.0,0.490237,0.935489,1.049102,-0.113613,1.984591,0.798697,1.0,0.213293,0.515218,1.14601,-0.630792,1.661228,0.248609,0.130063,0.168238,0.168238,0.187813,-0.019575,0.356051,-1.31629,0.297665,0.256943,0.070198,0.244944,1.500064,11,0.333585,0.579034,0.728398,1.237917
S7AA,448,1,0,19,0.166167,0.004902,0.828931,0.879133,0.004902,0.115965,0.434183,0.132356,0.433461,0.151034,0.037466,0.8115,0.334022,0.334022,0.665978,-0.331957,1.0,0.840715,0.840715,0.159285,0.68143,1.0,0.373382,0.765994,1.159776,-0.393783,1.92577,0.70659,1.0,0.22668,0.541492,1.222528,-0.681035,1.76402,0.280467,0.148127,0.104636,0.104636,0.210813,-0.106177,0.315448,-0.831522,0.330929,0.047168,0.191171,0.492921,1.221736,10,0.334526,0.142209,1.025329,1.374762
SAAA,224,1,0,13,0.116271,0.002451,0.881278,0.986979,0.002451,0.01057,0.913185,0.019608,0.067206,0.024051,0.019958,0.955991,0.333492,0.333492,0.666508,-0.333015,1.0,0.994398,0.994398,0.005602,0.988796,1.0,0.846276,2.26639,0.472037,1.794353,2.738427,0.863732,1.0,0.240117,0.568321,1.304672,-0.736351,1.872993,0.315988,0.168756,0.090636,0.090636,0.183988,-0.093353,0.274624,1.620429,0.380825,0.002451,0.006577,0.587854,0.173625,2,0.335585,0.002982,0.196473,1.417254
SS44,36,1,0,28,0.208797,0.000394,0.790809,0.37491,0.000394,0.624696,0.97422,0.000394,0.025386,0.604016,0.066014,0.32997,0.334693,0.334693,0.665307,-0.330613,1.0,0.348976,0.348976,0.651024,-0.302047,1.0,0.931033,3.498116,0.254526,3.24359,3.752642,0.906532,1.0,0.207389,0.495721,1.099921,-0.604201,1.595642,0.236603,0.123254,0.318595,0.318595,0.054771,0.263824,0.373366,2.270553,0.288299,0.186347,0.0,0.142794,-0.783963,1,0.333183,0.353402,-2.632107,1.590483
SS4A,192,1,0,25,0.206697,0.002101,0.791203,0.720166,0.002101,0.277733,0.709399,0.035715,0.254886,0.412091,0.067929,0.51998,0.334694,0.334694,0.665306,-0.330613,1.0,0.585539,0.585539,0.414461,0.171077,1.0,0.513114,0.967902,1.016689,-0.048787,1.984591,0.807672,1.0,0.210859,0.502495,1.118965,-0.616469,1.62146,0.244274,0.127522,0.169339,0.169339,0.193453,-0.024114,0.362792,-0.848906,0.290399,0.10631,0.06217,0.334719,2.335497,10,0.333182,0.32544,0.763833,1.890689
SS54,96,1,0,29,0.211292,0.00105,0.787657,0.332586,0.00105,0.666364,0.709399,0.035715,0.254886,0.67003,0.029412,0.300558,0.334712,0.334712,0.665288,-0.330576,1.0,0.344164,0.344164,0.655836,-0.311672,1.0,0.506323,0.977986,1.063562,-0.085576,2.041548,0.822441,1.0,0.203812,0.488555,1.080347,-0.591792,1.568902,0.22909,0.11909,0.351494,0.351494,0.032675,0.318819,0.384169,-1.000796,0.285804,0.228671,0.05714,0.076781,2.487387,10,0.333146,0.363027,0.697059,1.523079
SS55,36,1,0,30,0.212343,0.000394,0.787263,0.212343,0.000394,0.787263,0.974614,0.000394,0.024992,0.699442,0.033089,0.267469,0.334712,0.334712,0.665288,-0.330576,1.0,0.334712,0.334712,0.665288,-0.330576,1.0,0.931238,3.498889,0.253753,3.245136,3.752642,0.906552,1.0,0.200172,0.481317,1.061118,-0.579801,1.542436,0.221669,0.114958,0.394996,0.394996,0.0,0.394996,0.394996,2.39918,0.284753,0.284753,0.0,0.047368,-0.912589,1,0.333145,0.333145,-2.633653,1.434911
SS5A,192,1,0,26,0.209191,0.002101,0.788708,0.61057,0.002101,0.387329,0.709399,0.035715,0.254886,0.48002,0.062195,0.457785,0.334707,0.334707,0.665293,-0.330585,1.0,0.466896,0.466896,0.533104,-0.066208,1.0,0.513114,0.967902,1.016689,-0.048787,1.984591,0.807672,1.0,0.207353,0.495498,1.099721,-0.604222,1.595219,0.236698,0.123293,0.205368,0.205368,0.167957,0.037411,0.373324,-1.012391,0.287905,0.14862,0.06217,0.26679,2.498982,11,0.333154,0.423948,0.763833,1.816917
SS64,96,1,0,30,0.214838,0.00105,0.784112,0.293894,0.00105,0.705055,0.709399,0.035715,0.254886,0.699442,0.033089,0.267469,0.334732,0.334732,0.665268,-0.330536,1.0,0.34026,0.34026,0.65974,-0.31948,1.0,0.506323,0.977986,1.063562,-0.085576,2.041548,0.822441,1.0,0.201096,0.483124,1.065548,-0.582424,1.548671,0.22349,0.115983,0.392406,0.392406,0.0,0.392406,0.392406,-0.925609,0.282259,0.267362,0.05714,0.048745,2.412199,10,0.333105,0.370835,0.697059,1.440123
SS65,96,1,1,31,0.215888,0.00105,0.783062,0.186125,0.00105,0.812824,0.709399,0.035715,0.254886,0.908261,0.091739,0.0,0.334737,0.334737,0.665263,-0.330526,1.0,0.33424,0.33424,0.66576,-0.331519,1.0,0.506323,0.977986,1.063562,-0.085576,2.041548,0.822441,1.0,1.0,3.576276,0.0,3.576276,3.576276,0.444234,0.0,0.0,0.0,0.0,0.0,0.0,2.828656,0.281208,0.310971,0.05714,0.0,-1.342065,1,0.333095,0.334088,0.697059,-2.32617
SS66,36,1,1,32,0.216938,0.000394,0.782668,0.110395,0.000394,0.889211,0.975008,0.000394,0.024598,0.879374,0.028887,0.091739,0.334737,0.334737,0.665263,-0.330526,1.0,0.333393,0.333393,0.666607,-0.333214,1.0,0.931443,3.499662,0.25298,3.246682,3.752642,0.906573,1.0,0.837891,2.179417,0.539757,1.63966,2.719174,0.328026,1.0,0.0,0.0,0.0,0.0,0.0,4.222604,0.280158,0.386701,0.0,0.0,-2.736013,1,0.333095,0.335783,-2.635199,-0.389555
SS6A,192,1,0,27,0.212737,0.002101,0.785162,0.533187,0.002101,0.464712,0.709399,0.035715,0.254886,0.542215,0.061801,0.395984,0.334728,0.334728,0.665272,-0.330544,1.0,0.412463,0.412463,0.587537,-0.175073,1.0,0.513114,0.967902,1.016689,-0.048787,1.984591,0.807672,1.0,0.204693,0.490178,1.085029,-0.594851,1.575207,0.231026,0.120132,0.252697,0.252697,0.128699,0.123999,0.381396,-1.025257,0.284359,0.214575,0.06217,0.205972,2.511848,10,0.333114,0.532813,0.763833,1.720958
SS74,96,1,1,31,0.219433,0.00105,0.779516,0.268509,0.00105,0.730441,0.709399,0.035715,0.254886,0.908261,0.091739,0.0,0.334759,0.334759,0.665241,-0.330482,1.0,0.338307,0.338307,0.661693,-0.323386,1.0,0.506323,0.977986,1.063562,-0.085576,2.041548,0.822441,1.0,1.0,3.574094,0.0,3.574094,3.574094,0.442991,0.0,0.0,0.0,0.0,0.0,0.0,2.83465,0.277663,0.292748,0.05714,0.0,-1.348059,1,0.333051,0.374741,0.697059,-2.323988
SS75,96,1,1,32,0.220484,0.00105,0.778466,0.16074,0.00105,0.83821,0.709399,0.035715,0.254886,0.879374,0.028887,0.091739,0.334764,0.334764,0.665236,-0.330472,1.0,0.333841,0.333841,0.666159,-0.332318,1.0,0.506323,0.977986,1.063562,-0.085576,2.041548,0.822441,1.0,0.839176,2.177913,0.534788,1.643125,2.7127,0.324623,1.0,0.0,0.0,0.0,0.0,0.0,0.894759,0.276612,0.336356,0.05714,0.0,0.591831,3,0.333042,0.334888,0.697059,-0.393019
SS76,96,1,1,33,0.221534,0.00105,0.777415,0.097483,0.00105,0.901466,0.709399,0.035715,0.254886,0.732531,0.021009,0.24646,0.334769,0.334769,0.665231,-0.330463,1.0,0.333374,0.333374,0.666626,-0.333252,1.0,0.506323,0.977986,1.063562,-0.085576,2.041548,0.822441,1.0,0.631597,1.726419,0.97558,0.750839,2.701999,0.090902,1.0,0.0,0.0,0.0,0.0,0.0,0.001549,0.275562,0.399613,0.05714,0.047542,1.485041,5,0.333032,0.335821,0.697059,0.499267
SS77,36,1,1,34,0.222585,0.000394,0.777022,0.051909,0.000394,0.947697,0.975402,0.000394,0.024204,0.75354,0.032389,0.214072,0.334769,0.334769,0.665231,-0.330462,1.0,0.33333,0.33333,0.66667,-0.333341,1.0,0.931647,3.500435,0.252207,3.248228,3.752642,0.906593,1.0,0.675554,1.80797,0.88114,0.926831,2.68911,0.13477,1.0,0.0,0.0,0.0,0.0,0.0,3.511256,0.274512,0.445187,0.0,0.026533,-2.024665,1,0.333031,0.33591,-2.636745,0.323275
SS7A,192,1,0,28,0.217332,0.002101,0.780567,0.482416,0.002101,0.515483,0.709399,0.035715,0.254886,0.604016,0.066014,0.32997,0.334755,0.334755,0.665245,-0.330491,1.0,0.387273,0.387273,0.612727,-0.225454,1.0,0.513114,0.967902,1.016689,-0.048787,1.984591,0.807672,1.0,0.200655,0.481511,1.061955,-0.580445,1.543466,0.222648,0.11548,0.319162,0.319162,0.074454,0.244709,0.393616,-0.940468,0.279764,0.265347,0.06217,0.176057,2.427058,10,0.33306,0.583194,0.763833,1.585842
SSAA,168,1,0,22,0.204858,0.001838,0.793303,0.862589,0.001838,0.135573,0.972382,0.001838,0.02578,0.253857,0.086574,0.659569,0.334683,0.334683,0.665317,-0.330634,1.0,0.813641,0.813641,0.186359,0.627282,1.0,0.939838,3.469371,0.218991,3.25038,3.688361,0.886993,1.0,0.214263,0.50917,1.138226,-0.629056,1.647396,0.252007,0.131815,0.125801,0.125801,0.226495,-0.100694,0.352296,2.817278,0.292238,0.063712,0.0,0.492953,-1.330687,1,0.333203,0.196357,-2.535334,1.979856
SSS4,16,1,1,34,0.223329,0.000175,0.776496,0.248375,0.000175,0.75145,0.939096,0.001576,0.059328,0.75354,0.032389,0.214072,0.334768,0.334768,0.665232,-0.330463,1.0,0.33702,0.33702,0.66298,-0.325959,1.0,0.845105,2.350057,0.51059,1.839468,2.860647,0.900617,1.0,0.690416,1.822623,0.83106,0.991564,2.653683,0.14082,1.0,0.0,0.0,0.0,0.0,0.0,2.174609,0.273767,0.312881,0.000992,0.089122,0.994057,2,0.333033,0.377314,0.066963,0.83682
SSS5,16,1,1,35,0.223504,0.000175,0.776321,0.140606,0.000175,0.859219,0.939096,0.001576,0.059328,0.785928,0.02451,0.189561,0.334768,0.334768,0.665232,-0.330463,1.0,0.333619,0.333619,0.666381,-0.332762,1.0,0.845105,2.350057,0.51059,1.839468,2.860647,0.900617,1.0,0.728831,1.895752,0.747704,1.148049,2.643456,0.174282,1.0,0.0,0.0,0.0,0.0,0.0,2.32429,0.273592,0.35649,0.000992,0.056733,0.844376,2,0.333033,0.335332,0.066963,0.680335
SSS6,16,1,1,36,0.223679,0.000175,0.776146,0.07735,0.000175,0.922475,0.939096,0.001576,0.059328,0.810439,0.02451,0.165051,0.334768,0.334768,0.665232,-0.330463,1.0,0.333343,0.333343,0.666657,-0.333314,1.0,0.845105,2.350057,0.51059,1.839468,2.860647,0.900617,1.0,0.758324,1.952069,0.683566,1.268503,2.635635,0.197759,1.0,0.0,0.0,0.0,0.0,0.0,2.444192,0.273417,0.419746,0.000992,0.032223,0.724473,2,0.333033,0.335884,0.066963,0.559881
SSS7,16,1,1,37,0.223854,0.000175,0.775971,0.04425,0.000175,0.955575,0.939096,0.001576,0.059328,0.834949,0.02451,0.140541,0.334768,0.334768,0.665232,-0.330463,1.0,0.333328,0.333328,0.666672,-0.333343,1.0,0.845105,2.350057,0.51059,1.839468,2.860647,0.900617,1.0,0.794341,2.018835,0.603334,1.415502,2.622169,0.221667,1.0,0.0,0.0,0.0,0.0,0.0,2.591163,0.273242,0.452846,0.000992,0.007713,0.577503,2,0.333033,0.335912,0.066963,0.412882
SSSA,32,1,1,31,0.222978,0.00035,0.776671,0.442149,0.00035,0.557501,0.939096,0.001576,0.059328,0.908261,0.091739,0.0,0.334769,0.334769,0.665231,-0.330462,1.0,0.371659,0.371659,0.628341,-0.256683,1.0,0.850977,2.338655,0.484563,1.854092,2.823217,0.891489,1.0,1.0,3.528022,0.0,3.528022,3.528022,0.415536,0.0,0.0,0.0,0.0,0.0,0.0,4.79497,0.274118,0.305613,0.000992,0.0,-1.626304,1,0.333031,0.614423,0.052339,-1.699639
SSSS,1,1,1,40,0.224029,1.1e-05,0.77596,0.019904,1.1e-05,0.980085,0.975796,1.1e-05,0.024193,0.859459,0.019915,0.120626,0.334766,0.334766,0.665234,-0.330467,1.0,0.333326,0.333326,0.666674,-0.333348,1.0,0.927739,3.52477,0.270271,3.254499,3.795041,0.918562,1.0,0.830001,2.052307,0.503811,1.548496,2.556118,0.213212,1.0,0.0,0.0,0.0,0.0,0.0,4.139178,0.273067,0.477192,0.0,0.0,-0.970512,1,0.333037,0.335918,-1.348068,0.279888
