hand,kept,discarded,n_discarded,exp_p_win_grande,exp_p_win_chica,exp_p_win_pares,exp_p_win_juego
4444,4444,(none),0,0.005405,0.393468,0.96446,0.061954
4444,444,(none),1,0.140774,0.486723,0.933649,0.155954
4444,44,(none),2,0.2765,0.554287,0.654471,0.274964
4444,4,(none),3,0.396002,0.561256,0.328217,0.378829
4444,(none),4,4,0.497096,0.497096,0.383947,0.475745
444A,444A,(none),0,0.005055,0.827312,0.932794,0.024051
444A,444,A,1,0.140774,0.486723,0.933649,0.155954
444A,44A,(none),1,0.138373,0.849193,0.661271,0.085317
444A,44,A,2,0.2765,0.554287,0.654471,0.274964
444A,4A,(none),2,0.270112,0.826477,0.308611,0.164597
444A,4,A,3,0.396002,0.561256,0.328217,0.378829
444A,A,4,3,0.389509,0.747763,0.400199,0.275043
444A,(none),4A,4,0.497096,0.497096,0.383947,0.475745
44AA,44AA,(none),0,0.003217,0.977788,0.962622,0.008119
44AA,44A,(none),1,0.138373,0.849193,0.661271,0.085317
44AA,4AA,(none),1,0.133106,0.965499,0.554706,0.033386
44AA,44,A,2,0.2765,0.554287,0.654471,0.274964
44AA,4A,(none),2,0.270112,0.826477,0.308611,0.164597
44AA,AA,4,2,0.264751,0.926301,0.625354,0.091058
44AA,4,A,3,0.396002,0.561256,0.328217,0.378829
44AA,A,4,3,0.389509,0.747763,0.400199,0.275043
44AA,(none),4A,4,0.497096,0.497096,0.383947,0.475745
4AAA,4AAA,(none),0,0.000766,0.996783,0.913185,0.000766
4AAA,4AA,(none),1,0.133106,0.965499,0.554706,0.033386
4AAA,AAA,4,1,0.130419,0.98943,0.919762,0.012321
4AAA,4A,(none),2,0.270112,0.826477,0.308611,0.164597
4AAA,AA,4,2,0.264751,0.926301,0.625354,0.091058
4AAA,4,A,3,0.396002,0.561256,0.328217,0.378829
4AAA,A,4,3,0.389509,0.747763,0.400199,0.275043
4AAA,(none),4A,4,0.497096,0.497096,0.383947,0.475745
5444,5444,(none),0,0.01487,0.393292,0.932794,0.091465
5444,444,5,1,0.140774,0.486723,0.933649,0.155954
5444,544,(none),1,0.152268,0.483128,0.61875,0.208194
5444,44,5,2,0.2765,0.554287,0.654471,0.274964
5444,54,(none),2,0.284949,0.526968,0.251948,0.315654
5444,4,5,3,0.396002,0.561256,0.328217,0.378829
5444,5,4,3,0.402835,0.482151,0.333899,0.425606
5444,(none),45,4,0.497096,0.497096,0.383947,0.475745
544A,544A,(none),0,0.012769,0.825211,0.566539,0.044009
544A,44A,5,1,0.138373,0.849193,0.661271,0.085317
544A,544,A,1,0.152268,0.483128,0.61875,0.208194
544A,54A,(none),1,0.146211,0.829093,0.17691,0.1083
544A,44,5A,2,0.2765,0.554287,0.654471,0.274964
544A,4A,5,2,0.270112,0.826477,0.308611,0.164597
544A,54,A,2,0.284949,0.526968,0.251948,0.315654
544A,5A,4,2,0.278756,0.75919,0.312635,0.201191
544A,4,5A,3,0.396002,0.561256,0.328217,0.378829
544A,5,4A,3,0.402835,0.482151,0.333899,0.425606
544A,A,45,3,0.389509,0.747763,0.400199,0.275043
544A,(none),45A,4,0.497096,0.497096,0.383947,0.475745
54AA,54AA,(none),0,0.007867,0.972885,0.434183,0.012408
54AA,4AA,5,1,0.133106,0.965499,0.554706,0.033386
54AA,54A,(none),1,0.146211,0.829093,0.17691,0.1083
54AA,5AA,4,1,0.141028,0.9419,0.554855,0.050177
54AA,4A,5,2,0.270112,0.826477,0.308611,0.164597
54AA,54,A,2,0.284949,0.526968,0.251948,0.315654
54AA,5A,4,2,0.278756,0.75919,0.312635,0.201191
54AA,AA,45,2,0.264751,0.926301,0.625354,0.091058
54AA,4,5A,3,0.396002,0.561256,0.328217,0.378829
54AA,5,4A,3,0.402835,0.482151,0.333899,0.425606
54AA,A,45,3,0.389509,0.747763,0.400199,0.275043
54AA,(none),45A,4,0.497096,0.497096,0.383947,0.475745
5544,5544,(none),0,0.018985,0.391848,0.966309,0.121053
5544,544,(none),1,0.152268,0.483128,0.61875,0.208194
5544,554,(none),1,0.156145,0.462585,0.649724,0.237104
5544,44,5,2,0.2765,0.554287,0.654471,0.274964
5544,54,(none),2,0.284949,0.526968,0.251948,0.315654
5544,55,4,2,0.290039,0.429858,0.682434,0.350274
5544,4,5,3,0.396002,0.561256,0.328217,0.378829
5544,5,4,3,0.402835,0.482151,0.333899,0.425606
5544,(none),45,4,0.497096,0.497096,0.383947,0.475745
554A,554A,(none),0,0.016884,0.810504,0.602254,0.05285
554A,54A,(none),1,0.146211,0.829093,0.17691,0.1083
554A,554,A,1,0.156145,0.462585,0.649724,0.237104
554A,55A,4,1,0.153791,0.73854,0.688734,0.129417
554A,4A,5,2,0.270112,0.826477,0.308611,0.164597
554A,54,A,2,0.284949,0.526968,0.251948,0.315654
554A,55,4A,2,0.290039,0.429858,0.682434,0.350274
554A,5A,4,2,0.278756,0.75919,0.312635,0.201191
554A,4,5A,3,0.396002,0.561256,0.328217,0.378829
554A,5,4A,3,0.402835,0.482151,0.333899,0.425606
554A,A,45,3,0.389509,0.747763,0.400199,0.275043
554A,(none),45A,4,0.497096,0.497096,0.383947,0.475745
5554,5554,(none),0,0.019729,0.36725,0.934369,0.151034
5554,554,(none),1,0.156145,0.462585,0.649724,0.237104
5554,555,4,1,0.157658,0.337662,0.935243,0.26399
5554,54,(none),2,0.284949,0.526968,0.251948,0.315654
5554,55,4,2,0.290039,0.429858,0.682434,0.350274
5554,4,5,3,0.396002,0.561256,0.328217,0.378829
5554,5,4,3,0.402835,0.482151,0.333899,0.425606
5554,(none),45,4,0.497096,0.497096,0.383947,0.475745
5555,5555,(none),0,0.019904,0.224029,0.966703,0.1885
5555,555,(none),1,0.157658,0.337662,0.935243,0.26399
5555,55,(none),2,0.290039,0.429858,0.682434,0.350274
5555,5,(none),3,0.402835,0.482151,0.333899,0.425606
5555,(none),5,4,0.497096,0.497096,0.383947,0.475745
555A,555A,(none),0,0.019378,0.679899,0.934369,0.061954
555A,555,A,1,0.157658,0.337662,0.935243,0.26399
555A,55A,(none),1,0.153791,0.73854,0.688734,0.129417
555A,55,A,2,0.290039,0.429858,0.682434,0.350274
555A,5A,(none),2,0.278756,0.75919,0.312635,0.201191
555A,5,A,3,0.402835,0.482151,0.333899,0.425606
555A,A,5,3,0.389509,0.747763,0.400199,0.275043
555A,(none),5A,4,0.497096,0.497096,0.383947,0.475745
55AA,55AA,(none),0,0.015045,0.941635,0.964471,0.01731
55AA,55A,(none),1,0.153791,0.73854,0.688734,0.129417
55AA,5AA,(none),1,0.141028,0.9419,0.554855,0.050177
55AA,55,A,2,0.290039,0.429858,0.682434,0.350274
55AA,5A,(none),2,0.278756,0.75919,0.312635,0.201191
55AA,AA,5,2,0.264751,0.926301,0.625354,0.091058
55AA,5,A,3,0.402835,0.482151,0.333899,0.425606
55AA,A,5,3,0.389509,0.747763,0.400199,0.275043
55AA,(none),5A,4,0.497096,0.497096,0.383947,0.475745
5AAA,5AAA,(none),0,0.005416,0.994332,0.913185,0.003217
5AAA,5AA,(none),1,0.141028,0.9419,0.554855,0.050177
5AAA,AAA,5,1,0.130419,0.98943,0.919762,0.012321
5AAA,5A,(none),2,0.278756,0.75919,0.312635,0.201191
5AAA,AA,5,2,0.264751,0.926301,0.625354,0.091058
5AAA,5,A,3,0.402835,0.482151,0.333899,0.425606
5AAA,A,5,3,0.389509,0.747763,0.400199,0.275043
5AAA,(none),5A,4,0.497096,0.497096,0.383947,0.475745
6444,6444,(none),0,0.029369,0.393117,0.932794,0.121053
6444,444,6,1,0.140774,0.486723,0.933649,0.155954
6444,644,(none),1,0.16983,0.479069,0.618932,0.236902
6444,44,6,2,0.2765,0.554287,0.654471,0.274964
6444,64,(none),2,0.301073,0.502728,0.256556,0.348929
6444,4,6,3,0.396002,0.561256,0.328217,0.378829
6444,6,4,3,0.415387,0.438785,0.339589,0.458268
6444,(none),46,4,0.497096,0.497096,0.383947,0.475745
644A,644A,(none),0,0.027268,0.82311,0.566539,0.05285
644A,44A,6,1,0.138373,0.849193,0.661271,0.085317
644A,644,A,1,0.16983,0.479069,0.618932,0.236902
644A,64A,(none),1,0.163773,0.808822,0.179806,0.128865
644A,44,6A,2,0.2765,0.554287,0.654471,0.274964
644A,4A,6,2,0.270112,0.826477,0.308611,0.164597
644A,64,A,2,0.301073,0.502728,0.256556,0.348929
644A,6A,4,2,0.29488,0.718023,0.316672,0.235907
644A,4,6A,3,0.396002,0.561256,0.328217,0.378829
644A,6,4A,3,0.415387,0.438785,0.339589,0.458268
644A,A,46,3,0.389509,0.747763,0.400199,0.275043
644A,(none),46A,4,0.497096,0.497096,0.383947,0.475745
64AA,64AA,(none),0,0.022366,0.967983,0.434183,0.01731
64AA,4AA,6,1,0.133106,0.965499,0.554706,0.033386
64AA,64A,(none),1,0.163773,0.808822,0.179806,0.128865
64AA,6AA,4,1,0.15859,0.924196,0.555037,0.06702
64AA,4A,6,2,0.270112,0.826477,0.308611,0.164597
64AA,64,A,2,0.301073,0.502728,0.256556,0.348929
64AA,6A,4,2,0.29488,0.718023,0.316672,0.235907
64AA,AA,46,2,0.264751,0.926301,0.625354,0.091058
64AA,4,6A,3,0.396002,0.561256,0.328217,0.378829
64AA,6,4A,3,0.415387,0.438785,0.339589,0.458268
64AA,A,46,3,0.389509,0.747763,0.400199,0.275043
64AA,(none),46A,4,0.497096,0.497096,0.383947,0.475745
6544,6544,(none),0,0.040048,0.390798,0.566539,0.151034
6544,544,6,1,0.152268,0.483128,0.61875,0.208194
6544,644,5,1,0.16983,0.479069,0.618932,0.236902
6544,654,(none),1,0.177452,0.454286,0.146494,0.264215
6544,44,56,2,0.2765,0.554287,0.654471,0.274964
6544,54,6,2,0.284949,0.526968,0.251948,0.315654
6544,64,5,2,0.301073,0.502728,0.256556,0.348929
6544,65,4,2,0.306607,0.412164,0.26114,0.416893
6544,4,56,3,0.396002,0.561256,0.328217,0.378829
6544,5,46,3,0.402835,0.482151,0.333899,0.425606
6544,6,45,3,0.415387,0.438785,0.339589,0.458268
6544,(none),456,4,0.497096,0.497096,0.383947,0.475745
654A,654A,(none),0,0.034446,0.804902,0.0,0.061954
654A,54A,6,1,0.146211,0.829093,0.17691,0.1083
654A,64A,5,1,0.163773,0.808822,0.179806,0.128865
654A,654,A,1,0.177452,0.454286,0.146494,0.264215
654A,65A,4,1,0.17149,0.723001,0.182701,0.154583
654A,4A,56,2,0.270112,0.826477,0.308611,0.164597
654A,54,6A,2,0.284949,0.526968,0.251948,0.315654
654A,5A,46,2,0.278756,0.75919,0.312635,0.201191
654A,64,5A,2,0.301073,0.502728,0.256556,0.348929
654A,65,4A,2,0.306607,0.412164,0.26114,0.416893
654A,6A,45,2,0.29488,0.718023,0.316672,0.235907
654A,4,56A,3,0.396002,0.561256,0.328217,0.378829
654A,5,46A,3,0.402835,0.482151,0.333899,0.425606
654A,6,45A,3,0.415387,0.438785,0.339589,0.458268
654A,A,456,3,0.389509,0.747763,0.400199,0.275043
654A,(none),456A,4,0.497096,0.497096,0.383947,0.475745
6554,6554,(none),0,0.043199,0.3662,0.602254,0.1885
6554,554,6,1,0.156145,0.462585,0.649724,0.237104
6554,654,(none),1,0.177452,0.454286,0.146494,0.264215
6554,655,4,1,0.181407,0.334787,0.649938,0.31688
6554,54,6,2,0.284949,0.526968,0.251948,0.315654
6554,55,46,2,0.290039,0.429858,0.682434,0.350274
6554,64,5,2,0.301073,0.502728,0.256556,0.348929
6554,65,4,2,0.306607,0.412164,0.26114,0.416893
6554,4,56,3,0.396002,0.561256,0.328217,0.378829
6554,5,46,3,0.402835,0.482151,0.333899,0.425606
6554,6,45,3,0.415387,0.438785,0.339589,0.458268
6554,(none),456,4,0.497096,0.497096,0.383947,0.475745
6555,6555,(none),0,0.04425,0.223854,0.934369,0.217617
6555,555,6,1,0.157658,0.337662,0.935243,0.26399
6555,655,(none),1,0.181407,0.334787,0.649938,0.31688
6555,55,6,2,0.290039,0.429858,0.682434,0.350274
6555,65,(none),2,0.306607,0.412164,0.26114,0.416893
6555,5,6,3,0.402835,0.482151,0.333899,0.425606
6555,6,5,3,0.415387,0.438785,0.339589,0.458268
6555,(none),56,4,0.497096,0.497096,0.383947,0.475745
655A,655A,(none),0,0.041099,0.677798,0.602254,0.091465
655A,55A,6,1,0.153791,0.73854,0.688734,0.129417
655A,655,A,1,0.181407,0.334787,0.649938,0.31688
655A,65A,(none),1,0.17149,0.723001,0.182701,0.154583
655A,55,6A,2,0.290039,0.429858,0.682434,0.350274
655A,5A,6,2,0.278756,0.75919,0.312635,0.201191
655A,65,A,2,0.306607,0.412164,0.26114,0.416893
655A,6A,5,2,0.29488,0.718023,0.316672,0.235907
655A,5,6A,3,0.402835,0.482151,0.333899,0.425606
655A,6,5A,3,0.415387,0.438785,0.339589,0.458268
655A,A,56,3,0.389509,0.747763,0.400199,0.275043
655A,(none),56A,4,0.497096,0.497096,0.383947,0.475745
65AA,65AA,(none),0,0.029544,0.936733,0.434183,0.024051
65AA,5AA,6,1,0.141028,0.9419,0.554855,0.050177
65AA,65A,(none),1,0.17149,0.723001,0.182701,0.154583
65AA,6AA,5,1,0.15859,0.924196,0.555037,0.06702
65AA,5A,6,2,0.278756,0.75919,0.312635,0.201191
65AA,65,A,2,0.306607,0.412164,0.26114,0.416893
65AA,6A,5,2,0.29488,0.718023,0.316672,0.235907
65AA,AA,56,2,0.264751,0.926301,0.625354,0.091058
65AA,5,6A,3,0.402835,0.482151,0.333899,0.425606
65AA,6,5A,3,0.415387,0.438785,0.339589,0.458268
65AA,A,56,3,0.389509,0.747763,0.400199,0.275043
65AA,(none),56A,4,0.497096,0.497096,0.383947,0.475745
6644,6644,(none),0,0.048364,0.385152,0.968552,0.1885
6644,644,(none),1,0.16983,0.479069,0.618932,0.236902
6644,664,(none),1,0.185904,0.421624,0.68088,0.316688
6644,44,6,2,0.2765,0.554287,0.654471,0.274964
6644,64,(none),2,0.301073,0.502728,0.256556,0.348929
6644,66,4,2,0.314067,0.356429,0.710428,0.458276
6644,4,6,3,0.396002,0.561256,0.328217,0.378829
6644,6,4,3,0.415387,0.438785,0.339589,0.458268
6644,(none),46,4,0.497096,0.497096,0.383947,0.475745
664A,664A,(none),0,0.046263,0.774789,0.637969,0.091465
664A,64A,(none),1,0.163773,0.808822,0.179806,0.128865
664A,664,A,1,0.185904,0.421624,0.68088,0.316688
664A,66A,4,1,0.18355,0.663374,0.716271,0.207057
664A,4A,6,2,0.270112,0.826477,0.308611,0.164597
664A,64,A,2,0.301073,0.502728,0.256556,0.348929
664A,66,4A,2,0.314067,0.356429,0.710428,0.458276
664A,6A,4,2,0.29488,0.718023,0.316672,0.235907
664A,4,6A,3,0.396002,0.561256,0.328217,0.378829
664A,6,4A,3,0.415387,0.438785,0.339589,0.458268
664A,A,46,3,0.389509,0.747763,0.400199,0.275043
664A,(none),46A,4,0.497096,0.497096,0.383947,0.475745
6654,6654,(none),0,0.050859,0.359897,0.637969,0.217617
6654,654,(none),1,0.177452,0.454286,0.146494,0.264215
6654,664,5,1,0.185904,0.421624,0.68088,0.316688
6654,665,4,1,0.187535,0.320667,0.680912,0.364104
6654,54,6,2,0.284949,0.526968,0.251948,0.315654
6654,64,5,2,0.301073,0.502728,0.256556,0.348929
6654,65,4,2,0.306607,0.412164,0.26114,0.416893
6654,66,45,2,0.314067,0.356429,0.710428,0.458276
6654,4,56,3,0.396002,0.561256,0.328217,0.378829
6654,5,46,3,0.402835,0.482151,0.333899,0.425606
6654,6,45,3,0.415387,0.438785,0.339589,0.458268
6654,(none),456,4,0.497096,0.497096,0.383947,0.475745
6655,6655,(none),0,0.051909,0.222585,0.968946,0.253857
6655,655,(none),1,0.181407,0.334787,0.649938,0.31688
6655,665,(none),1,0.187535,0.320667,0.680912,0.364104
6655,55,6,2,0.290039,0.429858,0.682434,0.350274
6655,65,(none),2,0.306607,0.412164,0.26114,0.416893
6655,66,5,2,0.314067,0.356429,0.710428,0.458276
6655,5,6,3,0.402835,0.482151,0.333899,0.425606
6655,6,5,3,0.415387,0.438785,0.339589,0.458268
6655,(none),56,4,0.497096,0.497096,0.383947,0.475745
665A,665A,(none),0,0.048758,0.665193,0.637969,0.121053
665A,65A,(none),1,0.17149,0.723001,0.182701,0.154583
665A,665,A,1,0.187535,0.320667,0.680912,0.364104
665A,66A,5,1,0.18355,0.663374,0.716271,0.207057
665A,5A,6,2,0.278756,0.75919,0.312635,0.201191
665A,65,A,2,0.306607,0.412164,0.26114,0.416893
665A,66,5A,2,0.314067,0.356429,0.710428,0.458276
665A,6A,5,2,0.29488,0.718023,0.316672,0.235907
665A,5,6A,3,0.402835,0.482151,0.333899,0.425606
665A,6,5A,3,0.415387,0.438785,0.339589,0.458268
665A,A,56,3,0.389509,0.747763,0.400199,0.275043
665A,(none),56A,4,0.497096,0.497096,0.383947,0.475745
6664,6664,(none),0,0.052653,0.312452,0.935945,0.253857
6664,664,(none),1,0.185904,0.421624,0.68088,0.316688
6664,666,4,1,0.18937,0.244898,0.936847,0.412887
6664,64,(none),2,0.301073,0.502728,0.256556,0.348929
6664,66,4,2,0.314067,0.356429,0.710428,0.458276
6664,4,6,3,0.396002,0.561256,0.328217,0.378829
6664,6,4,3,0.415387,0.438785,0.339589,0.458268
6664,(none),46,4,0.497096,0.497096,0.383947,0.475745
6665,6665,(none),0,0.052829,0.204683,0.935945,0.340431
6665,665,(none),1,0.187535,0.320667,0.680912,0.364104
6665,666,5,1,0.18937,0.244898,0.936847,0.412887
6665,65,(none),2,0.306607,0.412164,0.26114,0.416893
6665,66,5,2,0.314067,0.356429,0.710428,0.458276
6665,5,6,3,0.402835,0.482151,0.333899,0.425606
6665,6,5,3,0.415387,0.438785,0.339589,0.458268
6665,(none),56,4,0.497096,0.497096,0.383947,0.475745
6666,6666,(none),0,0.053004,0.11626,0.96934,0.378772
6666,666,(none),1,0.18937,0.244898,0.936847,0.412887
6666,66,(none),2,0.314067,0.356429,0.710428,0.458276
6666,6,(none),3,0.415387,0.438785,0.339589,0.458268
6666,(none),6,4,0.497096,0.497096,0.383947,0.475745
666A,666A,(none),0,0.052303,0.570303,0.935945,0.151034
666A,666,A,1,0.18937,0.244898,0.936847,0.412887
666A,66A,(none),1,0.18355,0.663374,0.716271,0.207057
666A,66,A,2,0.314067,0.356429,0.710428,0.458276
666A,6A,(none),2,0.29488,0.718023,0.316672,0.235907
666A,6,A,3,0.415387,0.438785,0.339589,0.458268
666A,A,6,3,0.389509,0.747763,0.400199,0.275043
666A,(none),6A,4,0.497096,0.497096,0.383947,0.475745
66AA,66AA,(none),0,0.044425,0.910384,0.966714,0.044009
66AA,66A,(none),1,0.18355,0.663374,0.716271,0.207057
66AA,6AA,(none),1,0.15859,0.924196,0.555037,0.06702
66AA,66,A,2,0.314067,0.356429,0.710428,0.458276
66AA,6A,(none),2,0.29488,0.718023,0.316672,0.235907
66AA,AA,6,2,0.264751,0.926301,0.625354,0.091058
66AA,6,A,3,0.415387,0.438785,0.339589,0.458268
66AA,A,6,3,0.389509,0.747763,0.400199,0.275043
66AA,(none),6A,4,0.497096,0.497096,0.383947,0.475745
6AAA,6AAA,(none),0,0.019915,0.991881,0.913185,0.005668
6AAA,6AA,(none),1,0.15859,0.924196,0.555037,0.06702
6AAA,AAA,6,1,0.130419,0.98943,0.919762,0.012321
6AAA,6A,(none),2,0.29488,0.718023,0.316672,0.235907
6AAA,AA,6,2,0.264751,0.926301,0.625354,0.091058
6AAA,6,A,3,0.415387,0.438785,0.339589,0.458268
6AAA,A,6,3,0.389509,0.747763,0.400199,0.275043
6AAA,(none),6A,4,0.497096,0.497096,0.383947,0.475745
7444,7444,(none),0,0.062469,0.392942,0.932794,0.151034
7444,444,7,1,0.140774,0.486723,0.933649,0.155954
7444,744,(none),1,0.203563,0.476047,0.619146,0.264249
7444,44,7,2,0.2765,0.554287,0.654471,0.274964
7444,74,(none),2,0.330433,0.487815,0.261169,0.417005
7444,4,7,3,0.396002,0.561256,0.328217,0.378829
7444,7,4,3,0.438785,0.415387,0.345288,0.497042
7444,(none),47,4,0.497096,0.497096,0.383947,0.475745
744A,744A,(none),0,0.060368,0.821009,0.566539,0.061954
744A,44A,7,1,0.138373,0.849193,0.661271,0.085317
744A,744,A,1,0.203563,0.476047,0.619146,0.264249
744A,74A,(none),1,0.197506,0.794078,0.182701,0.15457
744A,44,7A,2,0.2765,0.554287,0.654471,0.274964
744A,4A,7,2,0.270112,0.826477,0.308611,0.164597
744A,74,A,2,0.330433,0.487815,0.261169,0.417005
744A,7A,4,2,0.324239,0.693474,0.32072,0.272837
744A,4,7A,3,0.396002,0.561256,0.328217,0.378829
744A,7,4A,3,0.438785,0.415387,0.345288,0.497042
744A,A,47,3,0.389509,0.747763,0.400199,0.275043
744A,(none),47A,4,0.497096,0.497096,0.383947,0.475745
74AA,74AA,(none),0,0.055466,0.963081,0.434183,0.024051
74AA,4AA,7,1,0.133106,0.965499,0.554706,0.033386
74AA,74A,(none),1,0.197506,0.794078,0.182701,0.15457
74AA,7AA,4,1,0.192322,0.911328,0.555251,0.084723
74AA,4A,7,2,0.270112,0.826477,0.308611,0.164597
74AA,74,A,2,0.330433,0.487815,0.261169,0.417005
74AA,7A,4,2,0.324239,0.693474,0.32072,0.272837
74AA,AA,47,2,0.264751,0.926301,0.625354,0.091058
74AA,4,7A,3,0.396002,0.561256,0.328217,0.378829
74AA,7,4A,3,0.438785,0.415387,0.345288,0.497042
74AA,A,47,3,0.389509,0.747763,0.400199,0.275043
74AA,(none),47A,4,0.497096,0.497096,0.383947,0.475745
7544,7544,(none),0,0.073148,0.389747,0.566539,0.1885
7544,544,7,1,0.152268,0.483128,0.61875,0.208194
7544,744,5,1,0.203563,0.476047,0.619146,0.264249
7544,754,(none),1,0.211184,0.446384,0.14939,0.315327
7544,44,57,2,0.2765,0.554287,0.654471,0.274964
7544,54,7,2,0.284949,0.526968,0.251948,0.315654
7544,74,5,2,0.330433,0.487815,0.261169,0.417005
7544,75,4,2,0.335966,0.397252,0.265753,0.457881
7544,4,57,3,0.396002,0.561256,0.328217,0.378829
7544,5,47,3,0.402835,0.482151,0.333899,0.425606
7544,7,45,3,0.438785,0.415387,0.345288,0.497042
7544,(none),457,4,0.497096,0.497096,0.383947,0.475745
754A,754A,(none),0,0.067546,0.7993,0.0,0.091465
754A,54A,7,1,0.146211,0.829093,0.17691,0.1083
754A,74A,5,1,0.197506,0.794078,0.182701,0.15457
754A,754,A,1,0.211184,0.446384,0.14939,0.315327
754A,75A,4,1,0.205222,0.708257,0.185597,0.206854
754A,4A,57,2,0.270112,0.826477,0.308611,0.164597
754A,54,7A,2,0.284949,0.526968,0.251948,0.315654
754A,5A,47,2,0.278756,0.75919,0.312635,0.201191
754A,74,5A,2,0.330433,0.487815,0.261169,0.417005
754A,75,4A,2,0.335966,0.397252,0.265753,0.457881
754A,7A,45,2,0.324239,0.693474,0.32072,0.272837
754A,4,57A,3,0.396002,0.561256,0.328217,0.378829
754A,5,47A,3,0.402835,0.482151,0.333899,0.425606
754A,7,45A,3,0.438785,0.415387,0.345288,0.497042
754A,A,457,3,0.389509,0.747763,0.400199,0.275043
754A,(none),457A,4,0.497096,0.497096,0.383947,0.475745
7554,7554,(none),0,0.076299,0.365149,0.602254,0.217617
7554,554,7,1,0.156145,0.462585,0.649724,0.237104
7554,754,(none),1,0.211184,0.446384,0.14939,0.315327
7554,755,4,1,0.21514,0.331764,0.650152,0.365408
7554,54,7,2,0.284949,0.526968,0.251948,0.315654
7554,55,47,2,0.290039,0.429858,0.682434,0.350274
7554,74,5,2,0.330433,0.487815,0.261169,0.417005
7554,75,4,2,0.335966,0.397252,0.265753,0.457881
7554,4,57,3,0.396002,0.561256,0.328217,0.378829
7554,5,47,3,0.402835,0.482151,0.333899,0.425606
7554,7,45,3,0.438785,0.415387,0.345288,0.497042
7554,(none),457,4,0.497096,0.497096,0.383947,0.475745
7555,7555,(none),0,0.07735,0.223679,0.934369,0.253857
7555,555,7,1,0.157658,0.337662,0.935243,0.26399
7555,755,(none),1,0.21514,0.331764,0.650152,0.365408
7555,55,7,2,0.290039,0.429858,0.682434,0.350274
7555,75,(none),2,0.335966,0.397252,0.265753,0.457881
7555,5,7,3,0.402835,0.482151,0.333899,0.425606
7555,7,5,3,0.438785,0.415387,0.345288,0.497042
7555,(none),57,4,0.497096,0.497096,0.383947,0.475745
755A,755A,(none),0,0.074198,0.675698,0.602254,0.121053
755A,55A,7,1,0.153791,0.73854,0.688734,0.129417
755A,755,A,1,0.21514,0.331764,0.650152,0.365408
755A,75A,(none),1,0.205222,0.708257,0.185597,0.206854
755A,55,7A,2,0.290039,0.429858,0.682434,0.350274
755A,5A,7,2,0.278756,0.75919,0.312635,0.201191
755A,75,A,2,0.335966,0.397252,0.265753,0.457881
755A,7A,5,2,0.324239,0.693474,0.32072,0.272837
755A,5,7A,3,0.402835,0.482151,0.333899,0.425606
755A,7,5A,3,0.438785,0.415387,0.345288,0.497042
755A,A,57,3,0.389509,0.747763,0.400199,0.275043
755A,(none),57A,4,0.497096,0.497096,0.383947,0.475745
75AA,75AA,(none),0,0.062644,0.931831,0.434183,0.044009
75AA,5AA,7,1,0.141028,0.9419,0.554855,0.050177
75AA,75A,(none),1,0.205222,0.708257,0.185597,0.206854
75AA,7AA,5,1,0.192322,0.911328,0.555251,0.084723
75AA,5A,7,2,0.278756,0.75919,0.312635,0.201191
75AA,75,A,2,0.335966,0.397252,0.265753,0.457881
75AA,7A,5,2,0.324239,0.693474,0.32072,0.272837
75AA,AA,57,2,0.264751,0.926301,0.625354,0.091058
75AA,5,7A,3,0.402835,0.482151,0.333899,0.425606
75AA,7,5A,3,0.438785,0.415387,0.345288,0.497042
75AA,A,57,3,0.389509,0.747763,0.400199,0.275043
75AA,(none),57A,4,0.497096,0.497096,0.383947,0.475745
7644,7644,(none),0,0.088029,0.384101,0.566539,0.217617
7644,644,7,1,0.16983,0.479069,0.618932,0.236902
7644,744,6,1,0.203563,0.476047,0.619146,0.264249
7644,764,(none),1,0.224001,0.415189,0.152286,0.364047
7644,44,67,2,0.2765,0.554287,0.654471,0.274964
7644,64,7,2,0.301073,0.502728,0.256556,0.348929
7644,74,6,2,0.330433,0.487815,0.261169,0.417005
7644,76,4,2,0.345017,0.345017,0.270337,0.466753
7644,4,67,3,0.396002,0.561256,0.328217,0.378829
7644,6,47,3,0.415387,0.438785,0.339589,0.458268
7644,7,46,3,0.438785,0.415387,0.345288,0.497042
7644,(none),467,4,0.497096,0.497096,0.383947,0.475745
764A,764A,(none),0,0.082427,0.769187,0.0,0.121053
764A,64A,7,1,0.163773,0.808822,0.179806,0.128865
764A,74A,6,1,0.197506,0.794078,0.182701,0.15457
764A,764,A,1,0.224001,0.415189,0.152286,0.364047
764A,76A,4,1,0.218039,0.651563,0.188493,0.236135
764A,4A,67,2,0.270112,0.826477,0.308611,0.164597
764A,64,7A,2,0.301073,0.502728,0.256556,0.348929
764A,6A,47,2,0.29488,0.718023,0.316672,0.235907
764A,74,6A,2,0.330433,0.487815,0.261169,0.417005
764A,76,4A,2,0.345017,0.345017,0.270337,0.466753
764A,7A,46,2,0.324239,0.693474,0.32072,0.272837
764A,4,67A,3,0.396002,0.561256,0.328217,0.378829
764A,6,47A,3,0.415387,0.438785,0.339589,0.458268
764A,7,46A,3,0.438785,0.415387,0.345288,0.497042
764A,A,467,3,0.389509,0.747763,0.400199,0.275043
764A,(none),467A,4,0.497096,0.497096,0.383947,0.475745
7654,7654,(none),0,0.094682,0.357096,0.0,0.253857
7654,654,7,1,0.177452,0.454286,0.146494,0.264215
7654,754,6,1,0.211184,0.446384,0.14939,0.315327
7654,764,5,1,0.224001,0.415189,0.152286,0.364047
7654,765,4,1,0.228194,0.314232,0.155182,0.413023
7654,54,67,2,0.284949,0.526968,0.251948,0.315654
7654,64,57,2,0.301073,0.502728,0.256556,0.348929
7654,65,47,2,0.306607,0.412164,0.26114,0.416893
7654,74,56,2,0.330433,0.487815,0.261169,0.417005
7654,75,46,2,0.335966,0.397252,0.265753,0.457881
7654,76,45,2,0.345017,0.345017,0.270337,0.466753
7654,4,567,3,0.396002,0.561256,0.328217,0.378829
7654,5,467,3,0.402835,0.482151,0.333899,0.425606
7654,6,457,3,0.415387,0.438785,0.339589,0.458268
7654,7,456,3,0.438785,0.415387,0.345288,0.497042
7654,(none),4567,4,0.497096,0.497096,0.383947,0.475745
7655,7655,(none),0,0.097483,0.221534,0.602254,0.340431
7655,655,7,1,0.181407,0.334787,0.649938,0.31688
7655,755,6,1,0.21514,0.331764,0.650152,0.365408
7655,765,(none),1,0.228194,0.314232,0.155182,0.413023
7655,55,67,2,0.290039,0.429858,0.682434,0.350274
7655,65,7,2,0.306607,0.412164,0.26114,0.416893
7655,75,6,2,0.335966,0.397252,0.265753,0.457881
7655,76,5,2,0.345017,0.345017,0.270337,0.466753
7655,5,67,3,0.402835,0.482151,0.333899,0.425606
7655,6,57,3,0.415387,0.438785,0.339589,0.458268
7655,7,56,3,0.438785,0.415387,0.345288,0.497042
7655,(none),567,4,0.497096,0.497096,0.383947,0.475745
765A,765A,(none),0,0.08908,0.659591,0.0,0.151034
765A,65A,7,1,0.17149,0.723001,0.182701,0.154583
765A,75A,6,1,0.205222,0.708257,0.185597,0.206854
765A,765,A,1,0.228194,0.314232,0.155182,0.413023
765A,76A,5,1,0.218039,0.651563,0.188493,0.236135
765A,5A,67,2,0.278756,0.75919,0.312635,0.201191
765A,65,7A,2,0.306607,0.412164,0.26114,0.416893
765A,6A,57,2,0.29488,0.718023,0.316672,0.235907
765A,75,6A,2,0.335966,0.397252,0.265753,0.457881
765A,76,5A,2,0.345017,0.345017,0.270337,0.466753
765A,7A,56,2,0.324239,0.693474,0.32072,0.272837
765A,5,67A,3,0.402835,0.482151,0.333899,0.425606
765A,6,57A,3,0.415387,0.438785,0.339589,0.458268
765A,7,56A,3,0.438785,0.415387,0.345288,0.497042
765A,A,567,3,0.389509,0.747763,0.400199,0.275043
765A,(none),567A,4,0.497096,0.497096,0.383947,0.475745
7664,7664,(none),0,0.100635,0.311402,0.637969,0.340431
7664,664,7,1,0.185904,0.421624,0.68088,0.316688
7664,764,(none),1,0.224001,0.415189,0.152286,0.364047
7664,766,4,1,0.233181,0.242609,0.681158,0.469447
7664,64,7,2,0.301073,0.502728,0.256556,0.348929
7664,66,47,2,0.314067,0.356429,0.710428,0.458276
7664,74,6,2,0.330433,0.487815,0.261169,0.417005
7664,76,4,2,0.345017,0.345017,0.270337,0.466753
7664,4,67,3,0.396002,0.561256,0.328217,0.378829
7664,6,47,3,0.415387,0.438785,0.339589,0.458268
7664,7,46,3,0.438785,0.415387,0.345288,0.497042
7664,(none),467,4,0.497096,0.497096,0.383947,0.475745
7665,7665,(none),0,0.101685,0.203633,0.637969,0.378772
7665,665,7,1,0.187535,0.320667,0.680912,0.364104
7665,765,(none),1,0.228194,0.314232,0.155182,0.413023
7665,766,5,1,0.233181,0.242609,0.681158,0.469447
7665,65,7,2,0.306607,0.412164,0.26114,0.416893
7665,66,57,2,0.314067,0.356429,0.710428,0.458276
7665,75,6,2,0.335966,0.397252,0.265753,0.457881
7665,76,5,2,0.345017,0.345017,0.270337,0.466753
7665,5,67,3,0.402835,0.482151,0.333899,0.425606
7665,6,57,3,0.415387,0.438785,0.339589,0.458268
7665,7,56,3,0.438785,0.415387,0.345288,0.497042
7665,(none),567,4,0.497096,0.497096,0.383947,0.475745
7666,7666,(none),0,0.102736,0.116085,0.935945,0.412091
7666,666,7,1,0.18937,0.244898,0.936847,0.412887
7666,766,(none),1,0.233181,0.242609,0.681158,0.469447
7666,66,7,2,0.314067,0.356429,0.710428,0.458276
7666,76,(none),2,0.345017,0.345017,0.270337,0.466753
7666,6,7,3,0.415387,0.438785,0.339589,0.458268
7666,7,6,3,0.438785,0.415387,0.345288,0.497042
7666,(none),67,4,0.497096,0.497096,0.383947,0.475745
766A,766A,(none),0,0.098534,0.568202,0.637969,0.1885
766A,66A,7,1,0.18355,0.663374,0.716271,0.207057
766A,766,A,1,0.233181,0.242609,0.681158,0.469447
766A,76A,(none),1,0.218039,0.651563,0.188493,0.236135
766A,66,7A,2,0.314067,0.356429,0.710428,0.458276
766A,6A,7,2,0.29488,0.718023,0.316672,0.235907
766A,76,A,2,0.345017,0.345017,0.270337,0.466753
766A,7A,6,2,0.324239,0.693474,0.32072,0.272837
766A,6,7A,3,0.415387,0.438785,0.339589,0.458268
766A,7,6A,3,0.438785,0.415387,0.345288,0.497042
766A,A,67,3,0.389509,0.747763,0.400199,0.275043
766A,(none),67A,4,0.497096,0.497096,0.383947,0.475745
76AA,76AA,(none),0,0.077525,0.905482,0.434183,0.05285
76AA,6AA,7,1,0.15859,0.924196,0.555037,0.06702
76AA,76A,(none),1,0.218039,0.651563,0.188493,0.236135
76AA,7AA,6,1,0.192322,0.911328,0.555251,0.084723
76AA,6A,7,2,0.29488,0.718023,0.316672,0.235907
76AA,76,A,2,0.345017,0.345017,0.270337,0.466753
76AA,7A,6,2,0.324239,0.693474,0.32072,0.272837
76AA,AA,67,2,0.264751,0.926301,0.625354,0.091058
76AA,6,7A,3,0.415387,0.438785,0.339589,0.458268
76AA,7,6A,3,0.438785,0.415387,0.345288,0.497042
76AA,A,67,3,0.389509,0.747763,0.400199,0.275043
76AA,(none),67A,4,0.497096,0.497096,0.383947,0.475745
7744,7744,(none),0,0.10685,0.379505,0.971189,0.253857
7744,744,(none),1,0.203563,0.476047,0.619146,0.264249
7744,774,(none),1,0.238764,0.394091,0.712068,0.414462
7744,44,7,2,0.2765,0.554287,0.654471,0.274964
7744,74,(none),2,0.330433,0.487815,0.261169,0.417005
7744,77,4,2,0.356429,0.314067,0.738461,0.510698
7744,4,7,3,0.396002,0.561256,0.328217,0.378829
7744,7,4,3,0.438785,0.415387,0.345288,0.497042
7744,(none),47,4,0.497096,0.497096,0.383947,0.475745
774A,774A,(none),0,0.104749,0.744677,0.673684,0.151034
774A,74A,(none),1,0.197506,0.794078,0.182701,0.15457
774A,774,A,1,0.238764,0.394091,0.712068,0.414462
774A,77A,4,1,0.23641,0.614005,0.743883,0.263877
774A,4A,7,2,0.270112,0.826477,0.308611,0.164597
774A,74,A,2,0.330433,0.487815,0.261169,0.417005
774A,77,4A,2,0.356429,0.314067,0.738461,0.510698
774A,7A,4,2,0.324239,0.693474,0.32072,0.272837
774A,4,7A,3,0.396002,0.561256,0.328217,0.378829
774A,7,4A,3,0.438785,0.415387,0.345288,0.497042
774A,A,47,3,0.389509,0.747763,0.400199,0.275043
774A,(none),47A,4,0.497096,0.497096,0.383947,0.475745
7754,7754,(none),0,0.109345,0.344841,0.673684,0.340431
7754,754,(none),1,0.211184,0.446384,0.14939,0.315327
7754,774,5,1,0.238764,0.394091,0.712068,0.414462
7754,775,4,1,0.240396,0.293135,0.7121,0.468511
7754,54,7,2,0.284949,0.526968,0.251948,0.315654
7754,74,5,2,0.330433,0.487815,0.261169,0.417005
7754,75,4,2,0.335966,0.397252,0.265753,0.457881
7754,77,45,2,0.356429,0.314067,0.738461,0.510698
7754,4,57,3,0.396002,0.561256,0.328217,0.378829
7754,5,47,3,0.402835,0.482151,0.333899,0.425606
7754,7,45,3,0.438785,0.415387,0.345288,0.497042
7754,(none),457,4,0.497096,0.497096,0.383947,0.475745
7755,7755,(none),0,0.110395,0.216938,0.971583,0.378772
7755,755,(none),1,0.21514,0.331764,0.650152,0.365408
7755,775,(none),1,0.240396,0.293135,0.7121,0.468511
7755,55,7,2,0.290039,0.429858,0.682434,0.350274
7755,75,(none),2,0.335966,0.397252,0.265753,0.457881
7755,77,5,2,0.356429,0.314067,0.738461,0.510698
7755,5,7,3,0.402835,0.482151,0.333899,0.425606
7755,7,5,3,0.438785,0.415387,0.345288,0.497042
7755,(none),57,4,0.497096,0.497096,0.383947,0.475745
775A,775A,(none),0,0.107244,0.63508,0.673684,0.1885
775A,75A,(none),1,0.205222,0.708257,0.185597,0.206854
775A,775,A,1,0.240396,0.293135,0.7121,0.468511
775A,77A,5,1,0.23641,0.614005,0.743883,0.263877
775A,5A,7,2,0.278756,0.75919,0.312635,0.201191
775A,75,A,2,0.335966,0.397252,0.265753,0.457881
775A,77,5A,2,0.356429,0.314067,0.738461,0.510698
775A,7A,5,2,0.324239,0.693474,0.32072,0.272837
775A,5,7A,3,0.402835,0.482151,0.333899,0.425606
775A,7,5A,3,0.438785,0.415387,0.345288,0.497042
775A,A,57,3,0.389509,0.747763,0.400199,0.275043
775A,(none),57A,4,0.497096,0.497096,0.383947,0.475745
7764,7764,(none),0,0.11289,0.306149,0.673684,0.378772
7764,764,(none),1,0.224001,0.415189,0.152286,0.364047
7764,774,6,1,0.238764,0.394091,0.712068,0.414462
7764,776,4,1,0.242609,0.233181,0.712132,0.503242
7764,64,7,2,0.301073,0.502728,0.256556,0.348929
7764,74,6,2,0.330433,0.487815,0.261169,0.417005
7764,76,4,2,0.345017,0.345017,0.270337,0.466753
7764,77,46,2,0.356429,0.314067,0.738461,0.510698
7764,4,67,3,0.396002,0.561256,0.328217,0.378829
7764,6,47,3,0.415387,0.438785,0.339589,0.458268
7764,7,46,3,0.438785,0.415387,0.345288,0.497042
7764,(none),467,4,0.497096,0.497096,0.383947,0.475745
7765,7765,(none),0,0.11394,0.198381,0.673684,0.412091
7765,765,(none),1,0.228194,0.314232,0.155182,0.413023
7765,775,6,1,0.240396,0.293135,0.7121,0.468511
7765,776,5,1,0.242609,0.233181,0.712132,0.503242
7765,65,7,2,0.306607,0.412164,0.26114,0.416893
7765,75,6,2,0.335966,0.397252,0.265753,0.457881
7765,76,5,2,0.345017,0.345017,0.270337,0.466753
7765,77,56,2,0.356429,0.314067,0.738461,0.510698
7765,5,67,3,0.402835,0.482151,0.333899,0.425606
7765,6,57,3,0.415387,0.438785,0.339589,0.458268
7765,7,56,3,0.438785,0.415387,0.345288,0.497042
7765,(none),567,4,0.497096,0.497096,0.383947,0.475745
7766,7766,(none),0,0.114991,0.114991,0.971977,0.48002
7766,766,(none),1,0.233181,0.242609,0.681158,0.469447
7766,776,(none),1,0.242609,0.233181,0.712132,0.503242
7766,66,7,2,0.314067,0.356429,0.710428,0.458276
7766,76,(none),2,0.345017,0.345017,0.270337,0.466753
7766,77,6,2,0.356429,0.314067,0.738461,0.510698
7766,6,7,3,0.415387,0.438785,0.339589,0.458268
7766,7,6,3,0.438785,0.415387,0.345288,0.497042
7766,(none),67,4,0.497096,0.497096,0.383947,0.475745
776A,776A,(none),0,0.110789,0.557698,0.673684,0.217617
776A,76A,(none),1,0.218039,0.651563,0.188493,0.236135
776A,776,A,1,0.242609,0.233181,0.712132,0.503242
776A,77A,6,1,0.23641,0.614005,0.743883,0.263877
776A,6A,7,2,0.29488,0.718023,0.316672,0.235907
776A,76,A,2,0.345017,0.345017,0.270337,0.466753
776A,77,6A,2,0.356429,0.314067,0.738461,0.510698
776A,7A,6,2,0.324239,0.693474,0.32072,0.272837
776A,6,7A,3,0.415387,0.438785,0.339589,0.458268
776A,7,6A,3,0.438785,0.415387,0.345288,0.497042
776A,A,67,3,0.389509,0.747763,0.400199,0.275043
776A,(none),67A,4,0.497096,0.497096,0.383947,0.475745
7774,7774,(none),0,0.115735,0.273761,0.937521,0.412091
7774,774,(none),1,0.238764,0.394091,0.712068,0.414462
7774,777,4,1,0.244898,0.18937,0.938462,0.619037
7774,74,(none),2,0.330433,0.487815,0.261169,0.417005
7774,77,4,2,0.356429,0.314067,0.738461,0.510698
7774,4,7,3,0.396002,0.561256,0.328217,0.378829
7774,7,4,3,0.438785,0.415387,0.345288,0.497042
7774,(none),47,4,0.497096,0.497096,0.383947,0.475745
7775,7775,(none),0,0.11591,0.165992,0.937521,0.48002
7775,775,(none),1,0.240396,0.293135,0.7121,0.468511
7775,777,5,1,0.244898,0.18937,0.938462,0.619037
7775,75,(none),2,0.335966,0.397252,0.265753,0.457881
7775,77,5,2,0.356429,0.314067,0.738461,0.510698
7775,5,7,3,0.402835,0.482151,0.333899,0.425606
7775,7,5,3,0.438785,0.415387,0.345288,0.497042
7775,(none),57,4,0.497096,0.497096,0.383947,0.475745
7776,7776,(none),0,0.116085,0.102736,0.937521,0.542215
7776,776,(none),1,0.242609,0.233181,0.712132,0.503242
7776,777,6,1,0.244898,0.18937,0.938462,0.619037
7776,76,(none),2,0.345017,0.345017,0.270337,0.466753
7776,77,6,2,0.356429,0.314067,0.738461,0.510698
7776,6,7,3,0.415387,0.438785,0.339589,0.458268
7776,7,6,3,0.438785,0.415387,0.345288,0.497042
7776,(none),67,4,0.497096,0.497096,0.383947,0.475745
7777,7777,(none),0,0.11626,0.053004,0.972371,0.604016
7777,777,(none),1,0.244898,0.18937,0.938462,0.619037
7777,77,(none),2,0.356429,0.314067,0.738461,0.510698
7777,7,(none),3,0.438785,0.415387,0.345288,0.497042
7777,(none),7,4,0.497096,0.497096,0.383947,0.475745
777A,777A,(none),0,0.115385,0.49292,0.937521,0.253857
777A,777,A,1,0.244898,0.18937,0.938462,0.619037
777A,77A,(none),1,0.23641,0.614005,0.743883,0.263877
777A,77,A,2,0.356429,0.314067,0.738461,0.510698
777A,7A,(none),2,0.324239,0.693474,0.32072,0.272837
777A,7,A,3,0.438785,0.415387,0.345288,0.497042
777A,A,7,3,0.389509,0.747763,0.400199,0.275043
777A,(none),7A,4,0.497096,0.497096,0.383947,0.475745
77AA,77AA,(none),0,0.102911,0.884035,0.969351,0.061954
77AA,77A,(none),1,0.23641,0.614005,0.743883,0.263877
77AA,7AA,(none),1,0.192322,0.911328,0.555251,0.084723
77AA,77,A,2,0.356429,0.314067,0.738461,0.510698
77AA,7A,(none),2,0.324239,0.693474,0.32072,0.272837
77AA,AA,7,2,0.264751,0.926301,0.625354,0.091058
77AA,7,A,3,0.438785,0.415387,0.345288,0.497042
77AA,A,7,3,0.389509,0.747763,0.400199,0.275043
77AA,(none),7A,4,0.497096,0.497096,0.383947,0.475745
7AAA,7AAA,(none),0,0.053015,0.98943,0.913185,0.008119
7AAA,7AA,(none),1,0.192322,0.911328,0.555251,0.084723
7AAA,AAA,7,1,0.130419,0.98943,0.919762,0.012321
7AAA,7A,(none),2,0.324239,0.693474,0.32072,0.272837
7AAA,AA,7,2,0.264751,0.926301,0.625354,0.091058
7AAA,7,A,3,0.438785,0.415387,0.345288,0.497042
7AAA,A,7,3,0.389509,0.747763,0.400199,0.275043
7AAA,(none),7A,4,0.497096,0.497096,0.383947,0.475745
AAAA,AAAA,(none),0,0.0,0.999234,0.961856,0.0
AAAA,AAA,(none),1,0.130419,0.98943,0.919762,0.012321
AAAA,AA,(none),2,0.264751,0.926301,0.625354,0.091058
AAAA,A,(none),3,0.389509,0.747763,0.400199,0.275043
AAAA,(none),A,4,0.497096,0.497096,0.383947,0.475745
C444,C444,(none),0,0.233494,0.392592,0.932794,0.253857
C444,444,C,1,0.140774,0.486723,0.933649,0.155954
C444,C44,(none),1,0.364473,0.472202,0.619669,0.413551
C444,44,C,2,0.2765,0.554287,0.654471,0.274964
C444,C4,(none),2,0.473231,0.473231,0.27041,0.519145
C444,4,C,3,0.396002,0.561256,0.328217,0.378829
C444,C,4,3,0.561256,0.396002,0.356718,0.611904
C444,(none),4C,4,0.497096,0.497096,0.383947,0.475745
C44A,C44A,(none),0,0.231393,0.816807,0.566539,0.151034
C44A,44A,C,1,0.138373,0.849193,0.661271,0.085317
C44A,C44,A,1,0.364473,0.472202,0.619669,0.413551
C44A,C4A,(none),1,0.358416,0.776325,0.188493,0.26238
C44A,44,AC,2,0.2765,0.554287,0.654471,0.274964
C44A,4A,C,2,0.270112,0.826477,0.308611,0.164597
C44A,C4,A,2,0.473231,0.473231,0.27041,0.519145
C44A,CA,4,2,0.467038,0.670535,0.328852,0.411946
C44A,4,AC,3,0.396002,0.561256,0.328217,0.378829
C44A,A,4C,3,0.389509,0.747763,0.400199,0.275043
C44A,C,4A,3,0.561256,0.396002,0.356718,0.611904
C44A,(none),4AC,4,0.497096,0.497096,0.383947,0.475745
C4AA,C4AA,(none),0,0.226491,0.953277,0.434183,0.061954
C4AA,4AA,C,1,0.133106,0.965499,0.554706,0.033386
C4AA,C4A,(none),1,0.358416,0.776325,0.188493,0.26238
C4AA,CAA,4,1,0.353233,0.89586,0.555775,0.152816
C4AA,4A,C,2,0.270112,0.826477,0.308611,0.164597
C4AA,AA,4C,2,0.264751,0.926301,0.625354,0.091058
C4AA,C4,A,2,0.473231,0.473231,0.27041,0.519145
C4AA,CA,4,2,0.467038,0.670535,0.328852,0.411946
C4AA,4,AC,3,0.396002,0.561256,0.328217,0.378829
C4AA,A,4C,3,0.389509,0.747763,0.400199,0.275043
C4AA,C,4A,3,0.561256,0.396002,0.356718,0.611904
C4AA,(none),4AC,4,0.497096,0.497096,0.383947,0.475745
C544,C544,(none),0,0.244173,0.387646,0.566539,0.340431
C544,544,C,1,0.152268,0.483128,0.61875,0.208194
C544,C44,5,1,0.364473,0.472202,0.619669,0.413551
C544,C54,(none),1,0.372094,0.436447,0.155182,0.467149
C544,44,5C,2,0.2765,0.554287,0.654471,0.274964
C544,54,C,2,0.284949,0.526968,0.251948,0.315654
C544,C4,5,2,0.473231,0.473231,0.27041,0.519145
C544,C5,4,2,0.478764,0.382667,0.274994,0.573535
C544,4,5C,3,0.396002,0.561256,0.328217,0.378829
C544,5,4C,3,0.402835,0.482151,0.333899,0.425606
C544,C,45,3,0.561256,0.396002,0.356718,0.611904
C544,(none),45C,4,0.497096,0.497096,0.383947,0.475745
C54A,C54A,(none),0,0.238571,0.788095,0.0,0.1885
C54A,54A,C,1,0.146211,0.829093,0.17691,0.1083
C54A,C4A,5,1,0.358416,0.776325,0.188493,0.26238
C54A,C54,A,1,0.372094,0.436447,0.155182,0.467149
C54A,C5A,4,1,0.366132,0.690503,0.191389,0.314177
C54A,4A,5C,2,0.270112,0.826477,0.308611,0.164597
C54A,54,AC,2,0.284949,0.526968,0.251948,0.315654
C54A,5A,4C,2,0.278756,0.75919,0.312635,0.201191
C54A,C4,5A,2,0.473231,0.473231,0.27041,0.519145
C54A,C5,4A,2,0.478764,0.382667,0.274994,0.573535
C54A,CA,45,2,0.467038,0.670535,0.328852,0.411946
C54A,4,5AC,3,0.396002,0.561256,0.328217,0.378829
C54A,5,4AC,3,0.402835,0.482151,0.333899,0.425606
C54A,A,45C,3,0.389509,0.747763,0.400199,0.275043
C54A,C,45A,3,0.561256,0.396002,0.356718,0.611904
C54A,(none),45AC,4,0.497096,0.497096,0.383947,0.475745
C554,C554,(none),0,0.247325,0.363048,0.602254,0.378772
C554,554,C,1,0.156145,0.462585,0.649724,0.237104
C554,C54,(none),1,0.372094,0.436447,0.155182,0.467149
C554,C55,4,1,0.37605,0.32792,0.650675,0.504345
C554,54,C,2,0.284949,0.526968,0.251948,0.315654
C554,55,4C,2,0.290039,0.429858,0.682434,0.350274
C554,C4,5,2,0.473231,0.473231,0.27041,0.519145
C554,C5,4,2,0.478764,0.382667,0.274994,0.573535
C554,4,5C,3,0.396002,0.561256,0.328217,0.378829
C554,5,4C,3,0.402835,0.482151,0.333899,0.425606
C554,C,45,3,0.561256,0.396002,0.356718,0.611904
C554,(none),45C,4,0.497096,0.497096,0.383947,0.475745
C555,C555,(none),0,0.248375,0.223329,0.934369,0.412091
C555,555,C,1,0.157658,0.337662,0.935243,0.26399
C555,C55,(none),1,0.37605,0.32792,0.650675,0.504345
C555,55,C,2,0.290039,0.429858,0.682434,0.350274
C555,C5,(none),2,0.478764,0.382667,0.274994,0.573535
C555,5,C,3,0.402835,0.482151,0.333899,0.425606
C555,C,5,3,0.561256,0.396002,0.356718,0.611904
C555,(none),5C,4,0.497096,0.497096,0.383947,0.475745
C55A,C55A,(none),0,0.245224,0.671496,0.602254,0.217617
C55A,55A,C,1,0.153791,0.73854,0.688734,0.129417
C55A,C55,A,1,0.37605,0.32792,0.650675,0.504345
C55A,C5A,(none),1,0.366132,0.690503,0.191389,0.314177
C55A,55,AC,2,0.290039,0.429858,0.682434,0.350274
C55A,5A,C,2,0.278756,0.75919,0.312635,0.201191
C55A,C5,A,2,0.478764,0.382667,0.274994,0.573535
C55A,CA,5,2,0.467038,0.670535,0.328852,0.411946
C55A,5,AC,3,0.402835,0.482151,0.333899,0.425606
C55A,A,5C,3,0.389509,0.747763,0.400199,0.275043
C55A,C,5A,3,0.561256,0.396002,0.356718,0.611904
C55A,(none),5AC,4,0.497096,0.497096,0.383947,0.475745
C5AA,C5AA,(none),0,0.233669,0.922026,0.434183,0.091465
C5AA,5AA,C,1,0.141028,0.9419,0.554855,0.050177
C5AA,C5A,(none),1,0.366132,0.690503,0.191389,0.314177
C5AA,CAA,5,1,0.353233,0.89586,0.555775,0.152816
C5AA,5A,C,2,0.278756,0.75919,0.312635,0.201191
C5AA,AA,5C,2,0.264751,0.926301,0.625354,0.091058
C5AA,C5,A,2,0.478764,0.382667,0.274994,0.573535
C5AA,CA,5,2,0.467038,0.670535,0.328852,0.411946
C5AA,5,AC,3,0.402835,0.482151,0.333899,0.425606
C5AA,A,5C,3,0.389509,0.747763,0.400199,0.275043
C5AA,C,5A,3,0.561256,0.396002,0.356718,0.611904
C5AA,(none),5AC,4,0.497096,0.497096,0.383947,0.475745
C644,C644,(none),0,0.259055,0.382,0.566539,0.378772
C644,644,C,1,0.16983,0.479069,0.618932,0.236902
C644,C44,6,1,0.364473,0.472202,0.619669,0.413551
C644,C64,(none),1,0.384911,0.405252,0.158077,0.50341
C644,44,6C,2,0.2765,0.554287,0.654471,0.274964
C644,64,C,2,0.301073,0.502728,0.256556,0.348929
C644,C4,6,2,0.473231,0.473231,0.27041,0.519145
C644,C6,4,2,0.487815,0.330433,0.279578,0.605003
C644,4,6C,3,0.396002,0.561256,0.328217,0.378829
C644,6,4C,3,0.415387,0.438785,0.339589,0.458268
C644,C,46,3,0.561256,0.396002,0.356718,0.611904
C644,(none),46C,4,0.497096,0.497096,0.383947,0.475745
C64A,C64A,(none),0,0.253452,0.757982,0.0,0.217617
C64A,64A,C,1,0.163773,0.808822,0.179806,0.128865
C64A,C4A,6,1,0.358416,0.776325,0.188493,0.26238
C64A,C64,A,1,0.384911,0.405252,0.158077,0.50341
C64A,C6A,4,1,0.378949,0.63381,0.194285,0.36224
C64A,4A,6C,2,0.270112,0.826477,0.308611,0.164597
C64A,64,AC,2,0.301073,0.502728,0.256556,0.348929
C64A,6A,4C,2,0.29488,0.718023,0.316672,0.235907
C64A,C4,6A,2,0.473231,0.473231,0.27041,0.519145
C64A,C6,4A,2,0.487815,0.330433,0.279578,0.605003
C64A,CA,46,2,0.467038,0.670535,0.328852,0.411946
C64A,4,6AC,3,0.396002,0.561256,0.328217,0.378829
C64A,6,4AC,3,0.415387,0.438785,0.339589,0.458268
C64A,A,46C,3,0.389509,0.747763,0.400199,0.275043
C64A,C,46A,3,0.561256,0.396002,0.356718,0.611904
C64A,(none),46AC,4,0.497096,0.497096,0.383947,0.475745
C654,C654,(none),0,0.265707,0.351494,0.0,0.412091
C654,654,C,1,0.177452,0.454286,0.146494,0.264215
C654,C54,6,1,0.372094,0.436447,0.155182,0.467149
C654,C64,5,1,0.384911,0.405252,0.158077,0.50341
C654,C65,4,1,0.389104,0.304296,0.160973,0.615835
C654,54,6C,2,0.284949,0.526968,0.251948,0.315654
C654,64,5C,2,0.301073,0.502728,0.256556,0.348929
C654,65,4C,2,0.306607,0.412164,0.26114,0.416893
C654,C4,56,2,0.473231,0.473231,0.27041,0.519145
C654,C5,46,2,0.478764,0.382667,0.274994,0.573535
C654,C6,45,2,0.487815,0.330433,0.279578,0.605003
C654,4,56C,3,0.396002,0.561256,0.328217,0.378829
C654,5,46C,3,0.402835,0.482151,0.333899,0.425606
C654,6,45C,3,0.415387,0.438785,0.339589,0.458268
C654,C,456,3,0.561256,0.396002,0.356718,0.611904
C654,(none),456C,4,0.497096,0.497096,0.383947,0.475745
C655,C655,(none),0,0.268509,0.219433,0.602254,0.48002
C655,655,C,1,0.181407,0.334787,0.649938,0.31688
C655,C55,6,1,0.37605,0.32792,0.650675,0.504345
C655,C65,(none),1,0.389104,0.304296,0.160973,0.615835
C655,55,6C,2,0.290039,0.429858,0.682434,0.350274
C655,65,C,2,0.306607,0.412164,0.26114,0.416893
C655,C5,6,2,0.478764,0.382667,0.274994,0.573535
C655,C6,5,2,0.487815,0.330433,0.279578,0.605003
C655,5,6C,3,0.402835,0.482151,0.333899,0.425606
C655,6,5C,3,0.415387,0.438785,0.339589,0.458268
C655,C,56,3,0.561256,0.396002,0.356718,0.611904
C655,(none),56C,4,0.497096,0.497096,0.383947,0.475745
C65A,C65A,(none),0,0.260105,0.648386,0.0,0.253857
C65A,65A,C,1,0.17149,0.723001,0.182701,0.154583
C65A,C5A,6,1,0.366132,0.690503,0.191389,0.314177
C65A,C65,A,1,0.389104,0.304296,0.160973,0.615835
C65A,C6A,5,1,0.378949,0.63381,0.194285,0.36224
C65A,5A,6C,2,0.278756,0.75919,0.312635,0.201191
C65A,65,AC,2,0.306607,0.412164,0.26114,0.416893
C65A,6A,5C,2,0.29488,0.718023,0.316672,0.235907
C65A,C5,6A,2,0.478764,0.382667,0.274994,0.573535
C65A,C6,5A,2,0.487815,0.330433,0.279578,0.605003
C65A,CA,56,2,0.467038,0.670535,0.328852,0.411946
C65A,5,6AC,3,0.402835,0.482151,0.333899,0.425606
C65A,6,5AC,3,0.415387,0.438785,0.339589,0.458268
C65A,A,56C,3,0.389509,0.747763,0.400199,0.275043
C65A,C,56A,3,0.561256,0.396002,0.356718,0.611904
C65A,(none),56AC,4,0.497096,0.497096,0.383947,0.475745
C664,C664,(none),0,0.27166,0.309301,0.637969,0.48002
C664,664,C,1,0.185904,0.421624,0.68088,0.316688
C664,C64,(none),1,0.384911,0.405252,0.158077,0.50341
C664,C66,4,1,0.394091,0.238764,0.681681,0.645707
C664,64,C,2,0.301073,0.502728,0.256556,0.348929
C664,66,4C,2,0.314067,0.356429,0.710428,0.458276
C664,C4,6,2,0.473231,0.473231,0.27041,0.519145
C664,C6,4,2,0.487815,0.330433,0.279578,0.605003
C664,4,6C,3,0.396002,0.561256,0.328217,0.378829
C664,6,4C,3,0.415387,0.438785,0.339589,0.458268
C664,C,46,3,0.561256,0.396002,0.356718,0.611904
C664,(none),46C,4,0.497096,0.497096,0.383947,0.475745
C665,C665,(none),0,0.27271,0.201532,0.637969,0.542215
C665,665,C,1,0.187535,0.320667,0.680912,0.364104
C665,C65,(none),1,0.389104,0.304296,0.160973,0.615835
C665,C66,5,1,0.394091,0.238764,0.681681,0.645707
C665,65,C,2,0.306607,0.412164,0.26114,0.416893
C665,66,5C,2,0.314067,0.356429,0.710428,0.458276
C665,C5,6,2,0.478764,0.382667,0.274994,0.573535
C665,C6,5,2,0.487815,0.330433,0.279578,0.605003
C665,5,6C,3,0.402835,0.482151,0.333899,0.425606
C665,6,5C,3,0.415387,0.438785,0.339589,0.458268
C665,C,56,3,0.561256,0.396002,0.356718,0.611904
C665,(none),56C,4,0.497096,0.497096,0.383947,0.475745
C666,C666,(none),0,0.273761,0.115735,0.935945,0.604016
C666,666,C,1,0.18937,0.244898,0.936847,0.412887
C666,C66,(none),1,0.394091,0.238764,0.681681,0.645707
C666,66,C,2,0.314067,0.356429,0.710428,0.458276
C666,C6,(none),2,0.487815,0.330433,0.279578,0.605003
C666,6,C,3,0.415387,0.438785,0.339589,0.458268
C666,C,6,3,0.561256,0.396002,0.356718,0.611904
C666,(none),6C,4,0.497096,0.497096,0.383947,0.475745
C66A,C66A,(none),0,0.269559,0.564,0.637969,0.340431
C66A,66A,C,1,0.18355,0.663374,0.716271,0.207057
C66A,C66,A,1,0.394091,0.238764,0.681681,0.645707
C66A,C6A,(none),1,0.378949,0.63381,0.194285,0.36224
C66A,66,AC,2,0.314067,0.356429,0.710428,0.458276
C66A,6A,C,2,0.29488,0.718023,0.316672,0.235907
C66A,C6,A,2,0.487815,0.330433,0.279578,0.605003
C66A,CA,6,2,0.467038,0.670535,0.328852,0.411946
C66A,6,AC,3,0.415387,0.438785,0.339589,0.458268
C66A,A,6C,3,0.389509,0.747763,0.400199,0.275043
C66A,C,6A,3,0.561256,0.396002,0.356718,0.611904
C66A,(none),6AC,4,0.497096,0.497096,0.383947,0.475745
C6AA,C6AA,(none),0,0.24855,0.895678,0.434183,0.121053
C6AA,6AA,C,1,0.15859,0.924196,0.555037,0.06702
C6AA,C6A,(none),1,0.378949,0.63381,0.194285,0.36224
C6AA,CAA,6,1,0.353233,0.89586,0.555775,0.152816
C6AA,6A,C,2,0.29488,0.718023,0.316672,0.235907
C6AA,AA,6C,2,0.264751,0.926301,0.625354,0.091058
C6AA,C6,A,2,0.487815,0.330433,0.279578,0.605003
C6AA,CA,6,2,0.467038,0.670535,0.328852,0.411946
C6AA,6,AC,3,0.415387,0.438785,0.339589,0.458268
C6AA,A,6C,3,0.389509,0.747763,0.400199,0.275043
C6AA,C,6A,3,0.561256,0.396002,0.356718,0.611904
C6AA,(none),6AC,4,0.497096,0.497096,0.383947,0.475745
C744,C744,(none),0,0.28444,0.377405,0.566539,0.412091
C744,744,C,1,0.203563,0.476047,0.619146,0.264249
C744,C44,7,1,0.364473,0.472202,0.619669,0.413551
C744,C74,(none),1,0.405252,0.384911,0.160973,0.616001
C744,44,7C,2,0.2765,0.554287,0.654471,0.274964
C744,74,C,2,0.330433,0.487815,0.261169,0.417005
C744,C4,7,2,0.473231,0.473231,0.27041,0.519145
C744,C7,4,2,0.502728,0.301073,0.284162,0.643955
C744,4,7C,3,0.396002,0.561256,0.328217,0.378829
C744,7,4C,3,0.438785,0.415387,0.345288,0.497042
C744,C,47,3,0.561256,0.396002,0.356718,0.611904
C744,(none),47C,4,0.497096,0.497096,0.383947,0.475745
C74A,C74A,(none),0,0.278838,0.733472,0.0,0.253857
C74A,74A,C,1,0.197506,0.794078,0.182701,0.15457
C74A,C4A,7,1,0.358416,0.776325,0.188493,0.26238
C74A,C74,A,1,0.405252,0.384911,0.160973,0.616001
C74A,C7A,4,1,0.39929,0.597766,0.19718,0.412054
C74A,4A,7C,2,0.270112,0.826477,0.308611,0.164597
C74A,74,AC,2,0.330433,0.487815,0.261169,0.417005
C74A,7A,4C,2,0.324239,0.693474,0.32072,0.272837
C74A,C4,7A,2,0.473231,0.473231,0.27041,0.519145
C74A,C7,4A,2,0.502728,0.301073,0.284162,0.643955
C74A,CA,47,2,0.467038,0.670535,0.328852,0.411946
C74A,4,7AC,3,0.396002,0.561256,0.328217,0.378829
C74A,7,4AC,3,0.438785,0.415387,0.345288,0.497042
C74A,A,47C,3,0.389509,0.747763,0.400199,0.275043
C74A,C,47A,3,0.561256,0.396002,0.356718,0.611904
C74A,(none),47AC,4,0.497096,0.497096,0.383947,0.475745
C754,C754,(none),0,0.291093,0.339238,0.0,0.48002
C754,754,C,1,0.211184,0.446384,0.14939,0.315327
C754,C54,7,1,0.372094,0.436447,0.155182,0.467149
C754,C74,5,1,0.405252,0.384911,0.160973,0.616001
C754,C75,4,1,0.409444,0.283955,0.163869,0.645593
C754,54,7C,2,0.284949,0.526968,0.251948,0.315654
C754,74,5C,2,0.330433,0.487815,0.261169,0.417005
C754,75,4C,2,0.335966,0.397252,0.265753,0.457881
C754,C4,57,2,0.473231,0.473231,0.27041,0.519145
C754,C5,47,2,0.478764,0.382667,0.274994,0.573535
C754,C7,45,2,0.502728,0.301073,0.284162,0.643955
C754,4,57C,3,0.396002,0.561256,0.328217,0.378829
C754,5,47C,3,0.402835,0.482151,0.333899,0.425606
C754,7,45C,3,0.438785,0.415387,0.345288,0.497042
C754,C,457,3,0.561256,0.396002,0.356718,0.611904
C754,(none),457C,4,0.497096,0.497096,0.383947,0.475745
C755,C755,(none),0,0.293894,0.214838,0.602254,0.542215
C755,755,C,1,0.21514,0.331764,0.650152,0.365408
C755,C55,7,1,0.37605,0.32792,0.650675,0.504345
C755,C75,(none),1,0.409444,0.283955,0.163869,0.645593
C755,55,7C,2,0.290039,0.429858,0.682434,0.350274
C755,75,C,2,0.335966,0.397252,0.265753,0.457881
C755,C5,7,2,0.478764,0.382667,0.274994,0.573535
C755,C7,5,2,0.502728,0.301073,0.284162,0.643955
C755,5,7C,3,0.402835,0.482151,0.333899,0.425606
C755,7,5C,3,0.438785,0.415387,0.345288,0.497042
C755,C,57,3,0.561256,0.396002,0.356718,0.611904
C755,(none),57C,4,0.497096,0.497096,0.383947,0.475745
C75A,C75A,(none),0,0.285491,0.623876,0.0,0.340431
C75A,75A,C,1,0.205222,0.708257,0.185597,0.206854
C75A,C5A,7,1,0.366132,0.690503,0.191389,0.314177
C75A,C75,A,1,0.409444,0.283955,0.163869,0.645593
C75A,C7A,5,1,0.39929,0.597766,0.19718,0.412054
C75A,5A,7C,2,0.278756,0.75919,0.312635,0.201191
C75A,75,AC,2,0.335966,0.397252,0.265753,0.457881
C75A,7A,5C,2,0.324239,0.693474,0.32072,0.272837
C75A,C5,7A,2,0.478764,0.382667,0.274994,0.573535
C75A,C7,5A,2,0.502728,0.301073,0.284162,0.643955
C75A,CA,57,2,0.467038,0.670535,0.328852,0.411946
C75A,5,7AC,3,0.402835,0.482151,0.333899,0.425606
C75A,7,5AC,3,0.438785,0.415387,0.345288,0.497042
C75A,A,57C,3,0.389509,0.747763,0.400199,0.275043
C75A,C,57A,3,0.561256,0.396002,0.356718,0.611904
C75A,(none),57AC,4,0.497096,0.497096,0.383947,0.475745
C764,C764,(none),0,0.300547,0.300547,0.0,0.542215
C764,764,C,1,0.224001,0.415189,0.152286,0.364047
C764,C64,7,1,0.384911,0.405252,0.158077,0.50341
C764,C74,6,1,0.405252,0.384911,0.160973,0.616001
C764,C76,4,1,0.415189,0.224001,0.166765,0.613824
C764,64,7C,2,0.301073,0.502728,0.256556,0.348929
C764,74,6C,2,0.330433,0.487815,0.261169,0.417005
C764,76,4C,2,0.345017,0.345017,0.270337,0.466753
C764,C4,67,2,0.473231,0.473231,0.27041,0.519145
C764,C6,47,2,0.487815,0.330433,0.279578,0.605003
C764,C7,46,2,0.502728,0.301073,0.284162,0.643955
C764,4,67C,3,0.396002,0.561256,0.328217,0.378829
C764,6,47C,3,0.415387,0.438785,0.339589,0.458268
C764,7,46C,3,0.438785,0.415387,0.345288,0.497042
C764,C,467,3,0.561256,0.396002,0.356718,0.611904
C764,(none),467C,4,0.497096,0.497096,0.383947,0.475745
C765,C765,(none),0,0.303348,0.192778,0.0,0.604016
C765,765,C,1,0.228194,0.314232,0.155182,0.413023
C765,C65,7,1,0.389104,0.304296,0.160973,0.615835
C765,C75,6,1,0.409444,0.283955,0.163869,0.645593
C765,C76,5,1,0.415189,0.224001,0.166765,0.613824
C765,65,7C,2,0.306607,0.412164,0.26114,0.416893
C765,75,6C,2,0.335966,0.397252,0.265753,0.457881
C765,76,5C,2,0.345017,0.345017,0.270337,0.466753
C765,C5,67,2,0.478764,0.382667,0.274994,0.573535
C765,C6,57,2,0.487815,0.330433,0.279578,0.605003
C765,C7,56,2,0.502728,0.301073,0.284162,0.643955
C765,5,67C,3,0.402835,0.482151,0.333899,0.425606
C765,6,57C,3,0.415387,0.438785,0.339589,0.458268
C765,7,56C,3,0.438785,0.415387,0.345288,0.497042
C765,C,567,3,0.561256,0.396002,0.356718,0.611904
C765,(none),567C,4,0.497096,0.497096,0.383947,0.475745
C766,C766,(none),0,0.306149,0.11289,0.637969,0.67003
C766,766,C,1,0.233181,0.242609,0.681158,0.469447
C766,C66,7,1,0.394091,0.238764,0.681681,0.645707
C766,C76,(none),1,0.415189,0.224001,0.166765,0.613824
C766,66,7C,2,0.314067,0.356429,0.710428,0.458276
C766,76,C,2,0.345017,0.345017,0.270337,0.466753
C766,C6,7,2,0.487815,0.330433,0.279578,0.605003
C766,C7,6,2,0.502728,0.301073,0.284162,0.643955
C766,6,7C,3,0.415387,0.438785,0.339589,0.458268
C766,7,6C,3,0.438785,0.415387,0.345288,0.497042
C766,C,67,3,0.561256,0.396002,0.356718,0.611904
C766,(none),67C,4,0.497096,0.497096,0.383947,0.475745
C76A,C76A,(none),0,0.294945,0.546493,0.0,0.378772
C76A,76A,C,1,0.218039,0.651563,0.188493,0.236135
C76A,C6A,7,1,0.378949,0.63381,0.194285,0.36224
C76A,C76,A,1,0.415189,0.224001,0.166765,0.613824
C76A,C7A,6,1,0.39929,0.597766,0.19718,0.412054
C76A,6A,7C,2,0.29488,0.718023,0.316672,0.235907
C76A,76,AC,2,0.345017,0.345017,0.270337,0.466753
C76A,7A,6C,2,0.324239,0.693474,0.32072,0.272837
C76A,C6,7A,2,0.487815,0.330433,0.279578,0.605003
C76A,C7,6A,2,0.502728,0.301073,0.284162,0.643955
C76A,CA,67,2,0.467038,0.670535,0.328852,0.411946
C76A,6,7AC,3,0.415387,0.438785,0.339589,0.458268
C76A,7,6AC,3,0.438785,0.415387,0.345288,0.497042
C76A,A,67C,3,0.389509,0.747763,0.400199,0.275043
C76A,C,67A,3,0.561256,0.396002,0.356718,0.611904
C76A,(none),67AC,4,0.497096,0.497096,0.383947,0.475745
C774,C774,(none),0,0.309301,0.27166,0.673684,0.604016
C774,774,C,1,0.238764,0.394091,0.712068,0.414462
C774,C74,(none),1,0.405252,0.384911,0.160973,0.616001
C774,C77,4,1,0.421624,0.185904,0.712687,0.657035
C774,74,C,2,0.330433,0.487815,0.261169,0.417005
C774,77,4C,2,0.356429,0.314067,0.738461,0.510698
C774,C4,7,2,0.473231,0.473231,0.27041,0.519145
C774,C7,4,2,0.502728,0.301073,0.284162,0.643955
C774,4,7C,3,0.396002,0.561256,0.328217,0.378829
C774,7,4C,3,0.438785,0.415387,0.345288,0.497042
C774,C,47,3,0.561256,0.396002,0.356718,0.611904
C774,(none),47C,4,0.497096,0.497096,0.383947,0.475745
C775,C775,(none),0,0.310351,0.163891,0.673684,0.67003
C775,775,C,1,0.240396,0.293135,0.7121,0.468511
C775,C75,(none),1,0.409444,0.283955,0.163869,0.645593
C775,C77,5,1,0.421624,0.185904,0.712687,0.657035
C775,75,C,2,0.335966,0.397252,0.265753,0.457881
C775,77,5C,2,0.356429,0.314067,0.738461,0.510698
C775,C5,7,2,0.478764,0.382667,0.274994,0.573535
C775,C7,5,2,0.502728,0.301073,0.284162,0.643955
C775,5,7C,3,0.402835,0.482151,0.333899,0.425606
C775,7,5C,3,0.438785,0.415387,0.345288,0.497042
C775,C,57,3,0.561256,0.396002,0.356718,0.611904
C775,(none),57C,4,0.497096,0.497096,0.383947,0.475745
C776,C776,(none),0,0.311402,0.100635,0.673684,0.699442
C776,776,C,1,0.242609,0.233181,0.712132,0.503242
C776,C76,(none),1,0.415189,0.224001,0.166765,0.613824
C776,C77,6,1,0.421624,0.185904,0.712687,0.657035
C776,76,C,2,0.345017,0.345017,0.270337,0.466753
C776,77,6C,2,0.356429,0.314067,0.738461,0.510698
C776,C6,7,2,0.487815,0.330433,0.279578,0.605003
C776,C7,6,2,0.502728,0.301073,0.284162,0.643955
C776,6,7C,3,0.415387,0.438785,0.339589,0.458268
C776,7,6C,3,0.438785,0.415387,0.345288,0.497042
C776,C,67,3,0.561256,0.396002,0.356718,0.611904
C776,(none),67C,4,0.497096,0.497096,0.383947,0.475745
C777,C777,(none),0,0.312452,0.052653,0.937521,0.908261
C777,777,C,1,0.244898,0.18937,0.938462,0.619037
C777,C77,(none),1,0.421624,0.185904,0.712687,0.657035
C777,77,C,2,0.356429,0.314067,0.738461,0.510698
C777,C7,(none),2,0.502728,0.301073,0.284162,0.643955
C777,7,C,3,0.438785,0.415387,0.345288,0.497042
C777,C,7,3,0.561256,0.396002,0.356718,0.611904
C777,(none),7C,4,0.497096,0.497096,0.383947,0.475745
C77A,C77A,(none),0,0.3072,0.488719,0.673684,0.412091
C77A,77A,C,1,0.23641,0.614005,0.743883,0.263877
C77A,C77,A,1,0.421624,0.185904,0.712687,0.657035
C77A,C7A,(none),1,0.39929,0.597766,0.19718,0.412054
C77A,77,AC,2,0.356429,0.314067,0.738461,0.510698
C77A,7A,C,2,0.324239,0.693474,0.32072,0.272837
C77A,C7,A,2,0.502728,0.301073,0.284162,0.643955
C77A,CA,7,2,0.467038,0.670535,0.328852,0.411946
C77A,7,AC,3,0.438785,0.415387,0.345288,0.497042
C77A,A,7C,3,0.389509,0.747763,0.400199,0.275043
C77A,C,7A,3,0.561256,0.396002,0.356718,0.611904
C77A,(none),7AC,4,0.497096,0.497096,0.383947,0.475745
C7AA,C7AA,(none),0,0.273936,0.874231,0.434183,0.151034
C7AA,7AA,C,1,0.192322,0.911328,0.555251,0.084723
C7AA,C7A,(none),1,0.39929,0.597766,0.19718,0.412054
C7AA,CAA,7,1,0.353233,0.89586,0.555775,0.152816
C7AA,7A,C,2,0.324239,0.693474,0.32072,0.272837
C7AA,AA,7C,2,0.264751,0.926301,0.625354,0.091058
C7AA,C7,A,2,0.502728,0.301073,0.284162,0.643955
C7AA,CA,7,2,0.467038,0.670535,0.328852,0.411946
C7AA,7,AC,3,0.438785,0.415387,0.345288,0.497042
C7AA,A,7C,3,0.389509,0.747763,0.400199,0.275043
C7AA,C,7A,3,0.561256,0.396002,0.356718,0.611904
C7AA,(none),7AC,4,0.497096,0.497096,0.383947,0.475745
CAAA,CAAA,(none),0,0.22404,0.984528,0.913185,0.024051
CAAA,AAA,C,1,0.130419,0.98943,0.919762,0.012321
CAAA,CAA,(none),1,0.353233,0.89586,0.555775,0.152816
CAAA,AA,C,2,0.264751,0.926301,0.625354,0.091058
CAAA,CA,(none),2,0.467038,0.670535,0.328852,0.411946
CAAA,A,C,3,0.389509,0.747763,0.400199,0.275043
CAAA,C,A,3,0.561256,0.396002,0.356718,0.611904
CAAA,(none),AC,4,0.497096,0.497096,0.383947,0.475745
CC44,CC44,(none),0,0.371364,0.371364,0.977645,0.604016
CC44,C44,(none),1,0.364473,0.472202,0.619669,0.413551
CC44,CC4,(none),1,0.472202,0.364473,0.774539,0.66944
CC44,44,C,2,0.2765,0.554287,0.654471,0.274964
CC44,C4,(none),2,0.473231,0.473231,0.27041,0.519145
CC44,CC,4,2,0.554287,0.2765,0.79467,0.74681
CC44,4,C,3,0.396002,0.561256,0.328217,0.378829
CC44,C,4,3,0.561256,0.396002,0.356718,0.611904
CC44,(none),4C,4,0.497096,0.497096,0.383947,0.475745
CC4A,CC4A,(none),0,0.369264,0.701258,0.745114,0.412091
CC4A,C4A,(none),1,0.358416,0.776325,0.188493,0.26238
CC4A,CC4,A,1,0.472202,0.364473,0.774539,0.66944
CC4A,CCA,4,1,0.469848,0.562983,0.79933,0.612055
CC4A,4A,C,2,0.270112,0.826477,0.308611,0.164597
CC4A,C4,A,2,0.473231,0.473231,0.27041,0.519145
CC4A,CA,4,2,0.467038,0.670535,0.328852,0.411946
CC4A,CC,4A,2,0.554287,0.2765,0.79467,0.74681
CC4A,4,AC,3,0.396002,0.561256,0.328217,0.378829
CC4A,A,4C,3,0.389509,0.747763,0.400199,0.275043
CC4A,C,4A,3,0.561256,0.396002,0.356718,0.611904
CC4A,(none),4AC,4,0.497096,0.497096,0.383947,0.475745
CC54,CC54,(none),0,0.373859,0.323132,0.745114,0.67003
CC54,C54,(none),1,0.372094,0.436447,0.155182,0.467149
CC54,CC4,5,1,0.472202,0.364473,0.774539,0.66944
CC54,CC5,4,1,0.473834,0.263516,0.774571,0.723571
CC54,54,C,2,0.284949,0.526968,0.251948,0.315654
CC54,C4,5,2,0.473231,0.473231,0.27041,0.519145
CC54,C5,4,2,0.478764,0.382667,0.274994,0.573535
CC54,CC,45,2,0.554287,0.2765,0.79467,0.74681
CC54,4,5C,3,0.396002,0.561256,0.328217,0.378829
CC54,5,4C,3,0.402835,0.482151,0.333899,0.425606
CC54,C,45,3,0.561256,0.396002,0.356718,0.611904
CC54,(none),45C,4,0.497096,0.497096,0.383947,0.475745
CC55,CC55,(none),0,0.37491,0.208797,0.978039,0.699442
CC55,C55,(none),1,0.37605,0.32792,0.650675,0.504345
CC55,CC5,(none),1,0.473834,0.263516,0.774571,0.723571
CC55,55,C,2,0.290039,0.429858,0.682434,0.350274
CC55,C5,(none),2,0.478764,0.382667,0.274994,0.573535
CC55,CC,5,2,0.554287,0.2765,0.79467,0.74681
CC55,5,C,3,0.402835,0.482151,0.333899,0.425606
CC55,C,5,3,0.561256,0.396002,0.356718,0.611904
CC55,(none),5C,4,0.497096,0.497096,0.383947,0.475745
CC5A,CC5A,(none),0,0.371758,0.591662,0.745114,0.48002
CC5A,C5A,(none),1,0.366132,0.690503,0.191389,0.314177
CC5A,CC5,A,1,0.473834,0.263516,0.774571,0.723571
CC5A,CCA,5,1,0.469848,0.562983,0.79933,0.612055
CC5A,5A,C,2,0.278756,0.75919,0.312635,0.201191
CC5A,C5,A,2,0.478764,0.382667,0.274994,0.573535
CC5A,CA,5,2,0.467038,0.670535,0.328852,0.411946
CC5A,CC,5A,2,0.554287,0.2765,0.79467,0.74681
CC5A,5,AC,3,0.402835,0.482151,0.333899,0.425606
CC5A,A,5C,3,0.389509,0.747763,0.400199,0.275043
CC5A,C,5A,3,0.561256,0.396002,0.356718,0.611904
CC5A,(none),5AC,4,0.497096,0.497096,0.383947,0.475745
CC64,CC64,(none),0,0.377405,0.28444,0.745114,0.699442
CC64,C64,(none),1,0.384911,0.405252,0.158077,0.50341
CC64,CC4,6,1,0.472202,0.364473,0.774539,0.66944
CC64,CC6,4,1,0.476047,0.203563,0.774603,0.748187
CC64,64,C,2,0.301073,0.502728,0.256556,0.348929
CC64,C4,6,2,0.473231,0.473231,0.27041,0.519145
CC64,C6,4,2,0.487815,0.330433,0.279578,0.605003
CC64,CC,46,2,0.554287,0.2765,0.79467,0.74681
CC64,4,6C,3,0.396002,0.561256,0.328217,0.378829
CC64,6,4C,3,0.415387,0.438785,0.339589,0.458268
CC64,C,46,3,0.561256,0.396002,0.356718,0.611904
CC64,(none),46C,4,0.497096,0.497096,0.383947,0.475745
CC65,CC65,(none),0,0.378455,0.176671,0.745114,0.908261
CC65,C65,(none),1,0.389104,0.304296,0.160973,0.615835
CC65,CC5,6,1,0.473834,0.263516,0.774571,0.723571
CC65,CC6,5,1,0.476047,0.203563,0.774603,0.748187
CC65,65,C,2,0.306607,0.412164,0.26114,0.416893
CC65,C5,6,2,0.478764,0.382667,0.274994,0.573535
CC65,C6,5,2,0.487815,0.330433,0.279578,0.605003
CC65,CC,56,2,0.554287,0.2765,0.79467,0.74681
CC65,5,6C,3,0.402835,0.482151,0.333899,0.425606
CC65,6,5C,3,0.415387,0.438785,0.339589,0.458268
CC65,C,56,3,0.561256,0.396002,0.356718,0.611904
CC65,(none),56C,4,0.497096,0.497096,0.383947,0.475745
CC66,CC66,(none),0,0.379505,0.10685,0.978433,0.879374
CC66,C66,(none),1,0.394091,0.238764,0.681681,0.645707
CC66,CC6,(none),1,0.476047,0.203563,0.774603,0.748187
CC66,66,C,2,0.314067,0.356429,0.710428,0.458276
CC66,C6,(none),2,0.487815,0.330433,0.279578,0.605003
CC66,CC,6,2,0.554287,0.2765,0.79467,0.74681
CC66,6,C,3,0.415387,0.438785,0.339589,0.458268
CC66,C,6,3,0.561256,0.396002,0.356718,0.611904
CC66,(none),6C,4,0.497096,0.497096,0.383947,0.475745
CC6A,CC6A,(none),0,0.375304,0.514279,0.745114,0.542215
CC6A,C6A,(none),1,0.378949,0.63381,0.194285,0.36224
CC6A,CC6,A,1,0.476047,0.203563,0.774603,0.748187
CC6A,CCA,6,1,0.469848,0.562983,0.79933,0.612055
CC6A,6A,C,2,0.29488,0.718023,0.316672,0.235907
CC6A,C6,A,2,0.487815,0.330433,0.279578,0.605003
CC6A,CA,6,2,0.467038,0.670535,0.328852,0.411946
CC6A,CC,6A,2,0.554287,0.2765,0.79467,0.74681
CC6A,6,AC,3,0.415387,0.438785,0.339589,0.458268
CC6A,A,6C,3,0.389509,0.747763,0.400199,0.275043
CC6A,C,6A,3,0.561256,0.396002,0.356718,0.611904
CC6A,(none),6AC,4,0.497096,0.497096,0.383947,0.475745
CC74,CC74,(none),0,0.382,0.259055,0.745114,0.908261
CC74,C74,(none),1,0.405252,0.384911,0.160973,0.616001
CC74,CC4,7,1,0.472202,0.364473,0.774539,0.66944
CC74,CC7,4,1,0.479069,0.16983,0.774635,0.780073
CC74,74,C,2,0.330433,0.487815,0.261169,0.417005
CC74,C4,7,2,0.473231,0.473231,0.27041,0.519145
CC74,C7,4,2,0.502728,0.301073,0.284162,0.643955
CC74,CC,47,2,0.554287,0.2765,0.79467,0.74681
CC74,4,7C,3,0.396002,0.561256,0.328217,0.378829
CC74,7,4C,3,0.438785,0.415387,0.345288,0.497042
CC74,C,47,3,0.561256,0.396002,0.356718,0.611904
CC74,(none),47C,4,0.497096,0.497096,0.383947,0.475745
CC75,CC75,(none),0,0.383051,0.151286,0.745114,0.879374
CC75,C75,(none),1,0.409444,0.283955,0.163869,0.645593
CC75,CC5,7,1,0.473834,0.263516,0.774571,0.723571
CC75,CC7,5,1,0.479069,0.16983,0.774635,0.780073
CC75,75,C,2,0.335966,0.397252,0.265753,0.457881
CC75,C5,7,2,0.478764,0.382667,0.274994,0.573535
CC75,C7,5,2,0.502728,0.301073,0.284162,0.643955
CC75,CC,57,2,0.554287,0.2765,0.79467,0.74681
CC75,5,7C,3,0.402835,0.482151,0.333899,0.425606
CC75,7,5C,3,0.438785,0.415387,0.345288,0.497042
CC75,C,57,3,0.561256,0.396002,0.356718,0.611904
CC75,(none),57C,4,0.497096,0.497096,0.383947,0.475745
CC76,CC76,(none),0,0.384101,0.088029,0.745114,0.732531
CC76,C76,(none),1,0.415189,0.224001,0.166765,0.613824
CC76,CC6,7,1,0.476047,0.203563,0.774603,0.748187
CC76,CC7,6,1,0.479069,0.16983,0.774635,0.780073
CC76,76,C,2,0.345017,0.345017,0.270337,0.466753
CC76,C6,7,2,0.487815,0.330433,0.279578,0.605003
CC76,C7,6,2,0.502728,0.301073,0.284162,0.643955
CC76,CC,67,2,0.554287,0.2765,0.79467,0.74681
CC76,6,7C,3,0.415387,0.438785,0.339589,0.458268
CC76,7,6C,3,0.438785,0.415387,0.345288,0.497042
CC76,C,67,3,0.561256,0.396002,0.356718,0.611904
CC76,(none),67C,4,0.497096,0.497096,0.383947,0.475745
CC77,CC77,(none),0,0.385152,0.048364,0.978827,0.75354
CC77,C77,(none),1,0.421624,0.185904,0.712687,0.657035
CC77,CC7,(none),1,0.479069,0.16983,0.774635,0.780073
CC77,77,C,2,0.356429,0.314067,0.738461,0.510698
CC77,C7,(none),2,0.502728,0.301073,0.284162,0.643955
CC77,CC,7,2,0.554287,0.2765,0.79467,0.74681
CC77,7,C,3,0.438785,0.415387,0.345288,0.497042
CC77,C,7,3,0.561256,0.396002,0.356718,0.611904
CC77,(none),7C,4,0.497096,0.497096,0.383947,0.475745
CC7A,CC7A,(none),0,0.379899,0.463508,0.745114,0.604016
CC7A,C7A,(none),1,0.39929,0.597766,0.19718,0.412054
CC7A,CC7,A,1,0.479069,0.16983,0.774635,0.780073
CC7A,CCA,7,1,0.469848,0.562983,0.79933,0.612055
CC7A,7A,C,2,0.324239,0.693474,0.32072,0.272837
CC7A,C7,A,2,0.502728,0.301073,0.284162,0.643955
CC7A,CA,7,2,0.467038,0.670535,0.328852,0.411946
CC7A,CC,7A,2,0.554287,0.2765,0.79467,0.74681
CC7A,7,AC,3,0.438785,0.415387,0.345288,0.497042
CC7A,A,7C,3,0.389509,0.747763,0.400199,0.275043
CC7A,C,7A,3,0.561256,0.396002,0.356718,0.611904
CC7A,(none),7AC,4,0.497096,0.497096,0.383947,0.475745
CCAA,CCAA,(none),0,0.367425,0.846044,0.975807,0.253857
CCAA,CAA,(none),1,0.353233,0.89586,0.555775,0.152816
CCAA,CCA,(none),1,0.469848,0.562983,0.79933,0.612055
CCAA,AA,C,2,0.264751,0.926301,0.625354,0.091058
CCAA,CA,(none),2,0.467038,0.670535,0.328852,0.411946
CCAA,CC,A,2,0.554287,0.2765,0.79467,0.74681
CCAA,A,C,3,0.389509,0.747763,0.400199,0.275043
CCAA,C,A,3,0.561256,0.396002,0.356718,0.611904
CCAA,(none),AC,4,0.497096,0.497096,0.383947,0.475745
CCC4,CCC4,(none),0,0.392592,0.233494,0.940672,0.75354
CCC4,CC4,(none),1,0.472202,0.364473,0.774539,0.66944
CCC4,CCC,4,1,0.486723,0.140774,0.941724,0.842662
CCC4,C4,(none),2,0.473231,0.473231,0.27041,0.519145
CCC4,CC,4,2,0.554287,0.2765,0.79467,0.74681
CCC4,4,C,3,0.396002,0.561256,0.328217,0.378829
CCC4,C,4,3,0.561256,0.396002,0.356718,0.611904
CCC4,(none),4C,4,0.497096,0.497096,0.383947,0.475745
CCC5,CCC5,(none),0,0.392767,0.125725,0.940672,0.785928
CCC5,CC5,(none),1,0.473834,0.263516,0.774571,0.723571
CCC5,CCC,5,1,0.486723,0.140774,0.941724,0.842662
CCC5,C5,(none),2,0.478764,0.382667,0.274994,0.573535
CCC5,CC,5,2,0.554287,0.2765,0.79467,0.74681
CCC5,5,C,3,0.402835,0.482151,0.333899,0.425606
CCC5,C,5,3,0.561256,0.396002,0.356718,0.611904
CCC5,(none),5C,4,0.497096,0.497096,0.383947,0.475745
CCC6,CCC6,(none),0,0.392942,0.062469,0.940672,0.810439
CCC6,CC6,(none),1,0.476047,0.203563,0.774603,0.748187
CCC6,CCC,6,1,0.486723,0.140774,0.941724,0.842662
CCC6,C6,(none),2,0.487815,0.330433,0.279578,0.605003
CCC6,CC,6,2,0.554287,0.2765,0.79467,0.74681
CCC6,6,C,3,0.415387,0.438785,0.339589,0.458268
CCC6,C,6,3,0.561256,0.396002,0.356718,0.611904
CCC6,(none),6C,4,0.497096,0.497096,0.383947,0.475745
CCC7,CCC7,(none),0,0.393117,0.029369,0.940672,0.834949
CCC7,CC7,(none),1,0.479069,0.16983,0.774635,0.780073
CCC7,CCC,7,1,0.486723,0.140774,0.941724,0.842662
CCC7,C7,(none),2,0.502728,0.301073,0.284162,0.643955
CCC7,CC,7,2,0.554287,0.2765,0.79467,0.74681
CCC7,7,C,3,0.438785,0.415387,0.345288,0.497042
CCC7,C,7,3,0.561256,0.396002,0.356718,0.611904
CCC7,(none),7C,4,0.497096,0.497096,0.383947,0.475745
CCCA,CCCA,(none),0,0.392242,0.412386,0.940672,0.908261
CCCA,CCA,(none),1,0.469848,0.562983,0.79933,0.612055
CCCA,CCC,A,1,0.486723,0.140774,0.941724,0.842662
CCCA,CA,(none),2,0.467038,0.670535,0.328852,0.411946
CCCA,CC,A,2,0.554287,0.2765,0.79467,0.74681
CCCA,A,C,3,0.389509,0.747763,0.400199,0.275043
CCCA,C,A,3,0.561256,0.396002,0.356718,0.611904
CCCA,(none),AC,4,0.497096,0.497096,0.383947,0.475745
CCCC,CCCC,(none),0,0.393468,0.005405,0.979615,0.859459
CCCC,CCC,(none),1,0.486723,0.140774,0.941724,0.842662
CCCC,CC,(none),2,0.554287,0.2765,0.79467,0.74681
CCCC,C,(none),3,0.561256,0.396002,0.356718,0.611904
CCCC,(none),C,4,0.497096,0.497096,0.383947,0.475745
CCCS,CCCS,(none),0,0.393292,0.01487,0.940672,0.859459
CCCS,CCC,S,1,0.486723,0.140774,0.941724,0.842662
CCCS,CCS,(none),1,0.483128,0.152268,0.774667,0.842662
CCCS,CC,S,2,0.554287,0.2765,0.79467,0.74681
CCCS,CS,(none),2,0.526968,0.284949,0.288746,0.74681
CCCS,C,S,3,0.561256,0.396002,0.356718,0.611904
CCCS,S,C,3,0.482151,0.402835,0.350997,0.611904
CCCS,(none),CS,4,0.497096,0.497096,0.383947,0.475745
CCS4,CCS4,(none),0,0.387646,0.244173,0.745114,0.75354
CCS4,CC4,S,1,0.472202,0.364473,0.774539,0.66944
CCS4,CCS,4,1,0.483128,0.152268,0.774667,0.842662
CCS4,CS4,(none),1,0.436447,0.372094,0.163869,0.66944
CCS4,C4,S,2,0.473231,0.473231,0.27041,0.519145
CCS4,CC,4S,2,0.554287,0.2765,0.79467,0.74681
CCS4,CS,4,2,0.526968,0.284949,0.288746,0.74681
CCS4,S4,C,2,0.382667,0.478764,0.265787,0.519145
CCS4,4,CS,3,0.396002,0.561256,0.328217,0.378829
CCS4,C,4S,3,0.561256,0.396002,0.356718,0.611904
CCS4,S,4C,3,0.482151,0.402835,0.350997,0.611904
CCS4,(none),4CS,4,0.497096,0.497096,0.383947,0.475745
CCS5,CCS5,(none),0,0.388697,0.136404,0.745114,0.785928
CCS5,CC5,S,1,0.473834,0.263516,0.774571,0.723571
CCS5,CCS,5,1,0.483128,0.152268,0.774667,0.842662
CCS5,CS5,(none),1,0.440639,0.271138,0.166765,0.723571
CCS5,C5,S,2,0.478764,0.382667,0.274994,0.573535
CCS5,CC,5S,2,0.554287,0.2765,0.79467,0.74681
CCS5,CS,5,2,0.526968,0.284949,0.288746,0.74681
CCS5,S5,C,2,0.3882,0.3882,0.270371,0.573535
CCS5,5,CS,3,0.402835,0.482151,0.333899,0.425606
CCS5,C,5S,3,0.561256,0.396002,0.356718,0.611904
CCS5,S,5C,3,0.482151,0.402835,0.350997,0.611904
CCS5,(none),5CS,4,0.497096,0.497096,0.383947,0.475745
CCS6,CCS6,(none),0,0.389747,0.073148,0.745114,0.810439
CCS6,CC6,S,1,0.476047,0.203563,0.774603,0.748187
CCS6,CCS,6,1,0.483128,0.152268,0.774667,0.842662
CCS6,CS6,(none),1,0.446384,0.211184,0.169661,0.748187
CCS6,C6,S,2,0.487815,0.330433,0.279578,0.605003
CCS6,CC,6S,2,0.554287,0.2765,0.79467,0.74681
CCS6,CS,6,2,0.526968,0.284949,0.288746,0.74681
CCS6,S6,C,2,0.397252,0.335966,0.274955,0.605003
CCS6,6,CS,3,0.415387,0.438785,0.339589,0.458268
CCS6,C,6S,3,0.561256,0.396002,0.356718,0.611904
CCS6,S,6C,3,0.482151,0.402835,0.350997,0.611904
CCS6,(none),6CS,4,0.497096,0.497096,0.383947,0.475745
CCS7,CCS7,(none),0,0.390798,0.040048,0.745114,0.834949
CCS7,CC7,S,1,0.479069,0.16983,0.774635,0.780073
CCS7,CCS,7,1,0.483128,0.152268,0.774667,0.842662
CCS7,CS7,(none),1,0.454286,0.177452,0.172557,0.780073
CCS7,C7,S,2,0.502728,0.301073,0.284162,0.643955
CCS7,CC,7S,2,0.554287,0.2765,0.79467,0.74681
CCS7,CS,7,2,0.526968,0.284949,0.288746,0.74681
CCS7,S7,C,2,0.412164,0.306607,0.279539,0.643955
CCS7,7,CS,3,0.438785,0.415387,0.345288,0.497042
CCS7,C,7S,3,0.561256,0.396002,0.356718,0.611904
CCS7,S,7C,3,0.482151,0.402835,0.350997,0.611904
CCS7,(none),7CS,4,0.497096,0.497096,0.383947,0.475745
CCSA,CCSA,(none),0,0.385545,0.433745,0.745114,0.908261
CCSA,CCA,S,1,0.469848,0.562983,0.79933,0.612055
CCSA,CCS,A,1,0.483128,0.152268,0.774667,0.842662
CCSA,CSA,(none),1,0.430485,0.575709,0.200076,0.612055
CCSA,CA,S,2,0.467038,0.670535,0.328852,0.411946
CCSA,CC,AS,2,0.554287,0.2765,0.79467,0.74681
CCSA,CS,A,2,0.526968,0.284949,0.288746,0.74681
CCSA,SA,C,2,0.376474,0.679058,0.32478,0.411946
CCSA,A,CS,3,0.389509,0.747763,0.400199,0.275043
CCSA,C,AS,3,0.561256,0.396002,0.356718,0.611904
CCSA,S,AC,3,0.482151,0.402835,0.350997,0.611904
CCSA,(none),ACS,4,0.497096,0.497096,0.383947,0.475745
CCSS,CCSS,(none),0,0.391848,0.018985,0.979221,0.859459
CCSS,CCS,(none),1,0.483128,0.152268,0.774667,0.842662
CCSS,CSS,(none),1,0.462585,0.156145,0.743693,0.842662
CCSS,CC,S,2,0.554287,0.2765,0.79467,0.74681
CCSS,CS,(none),2,0.526968,0.284949,0.288746,0.74681
CCSS,SS,C,2,0.429858,0.290039,0.766539,0.74681
CCSS,C,S,3,0.561256,0.396002,0.356718,0.611904
CCSS,S,C,3,0.482151,0.402835,0.350997,0.611904
CCSS,(none),CS,4,0.497096,0.497096,0.383947,0.475745
CS44,CS44,(none),0,0.323132,0.373859,0.566539,0.604016
CS44,C44,S,1,0.364473,0.472202,0.619669,0.413551
CS44,CS4,(none),1,0.436447,0.372094,0.163869,0.66944
CS44,S44,C,1,0.263516,0.473834,0.619392,0.413551
CS44,44,CS,2,0.2765,0.554287,0.654471,0.274964
CS44,C4,S,2,0.473231,0.473231,0.27041,0.519145
CS44,CS,4,2,0.526968,0.284949,0.288746,0.74681
CS44,S4,C,2,0.382667,0.478764,0.265787,0.519145
CS44,4,CS,3,0.396002,0.561256,0.328217,0.378829
CS44,C,4S,3,0.561256,0.396002,0.356718,0.611904
CS44,S,4C,3,0.482151,0.402835,0.350997,0.611904
CS44,(none),4CS,4,0.497096,0.497096,0.383947,0.475745
CS4A,CS4A,(none),0,0.317529,0.714564,0.0,0.412091
CS4A,C4A,S,1,0.358416,0.776325,0.188493,0.26238
CS4A,CS4,A,1,0.436447,0.372094,0.163869,0.66944
CS4A,CSA,4,1,0.430485,0.575709,0.200076,0.612055
CS4A,S4A,C,1,0.25746,0.78365,0.185597,0.26238
CS4A,4A,CS,2,0.270112,0.826477,0.308611,0.164597
CS4A,C4,AS,2,0.473231,0.473231,0.27041,0.519145
CS4A,CA,4S,2,0.467038,0.670535,0.328852,0.411946
CS4A,CS,4A,2,0.526968,0.284949,0.288746,0.74681
CS4A,S4,AC,2,0.382667,0.478764,0.265787,0.519145
CS4A,SA,4C,2,0.376474,0.679058,0.32478,0.411946
CS4A,4,ACS,3,0.396002,0.561256,0.328217,0.378829
CS4A,A,4CS,3,0.389509,0.747763,0.400199,0.275043
CS4A,C,4AS,3,0.561256,0.396002,0.356718,0.611904
CS4A,S,4AC,3,0.482151,0.402835,0.350997,0.611904
CS4A,(none),4ACS,4,0.497096,0.497096,0.383947,0.475745
CS54,CS54,(none),0,0.329784,0.329784,0.0,0.67003
CS54,C54,S,1,0.372094,0.436447,0.155182,0.467149
CS54,CS4,5,1,0.436447,0.372094,0.163869,0.66944
CS54,CS5,4,1,0.440639,0.271138,0.166765,0.723571
CS54,S54,C,1,0.271138,0.440639,0.152286,0.467149
CS54,54,CS,2,0.284949,0.526968,0.251948,0.315654
CS54,C4,5S,2,0.473231,0.473231,0.27041,0.519145
CS54,C5,4S,2,0.478764,0.382667,0.274994,0.573535
CS54,CS,45,2,0.526968,0.284949,0.288746,0.74681
CS54,S4,5C,2,0.382667,0.478764,0.265787,0.519145
CS54,S5,4C,2,0.3882,0.3882,0.270371,0.573535
CS54,4,5CS,3,0.396002,0.561256,0.328217,0.378829
CS54,5,4CS,3,0.402835,0.482151,0.333899,0.425606
CS54,C,45S,3,0.561256,0.396002,0.356718,0.611904
CS54,S,45C,3,0.482151,0.402835,0.350997,0.611904
CS54,(none),45CS,4,0.497096,0.497096,0.383947,0.475745
CS55,CS55,(none),0,0.332586,0.211292,0.602254,0.699442
CS55,C55,S,1,0.37605,0.32792,0.650675,0.504345
CS55,CS5,(none),1,0.440639,0.271138,0.166765,0.723571
CS55,S55,C,1,0.275094,0.329551,0.650398,0.504345
CS55,55,CS,2,0.290039,0.429858,0.682434,0.350274
CS55,C5,S,2,0.478764,0.382667,0.274994,0.573535
CS55,CS,5,2,0.526968,0.284949,0.288746,0.74681
CS55,S5,C,2,0.3882,0.3882,0.270371,0.573535
CS55,5,CS,3,0.402835,0.482151,0.333899,0.425606
CS55,C,5S,3,0.561256,0.396002,0.356718,0.611904
CS55,S,5C,3,0.482151,0.402835,0.350997,0.611904
CS55,(none),5CS,4,0.497096,0.497096,0.383947,0.475745
CS5A,CS5A,(none),0,0.324182,0.604968,0.0,0.48002
CS5A,C5A,S,1,0.366132,0.690503,0.191389,0.314177
CS5A,CS5,A,1,0.440639,0.271138,0.166765,0.723571
CS5A,CSA,5,1,0.430485,0.575709,0.200076,0.612055
CS5A,S5A,C,1,0.265176,0.697828,0.188493,0.314177
CS5A,5A,CS,2,0.278756,0.75919,0.312635,0.201191
CS5A,C5,AS,2,0.478764,0.382667,0.274994,0.573535
CS5A,CA,5S,2,0.467038,0.670535,0.328852,0.411946
CS5A,CS,5A,2,0.526968,0.284949,0.288746,0.74681
CS5A,S5,AC,2,0.3882,0.3882,0.270371,0.573535
CS5A,SA,5C,2,0.376474,0.679058,0.32478,0.411946
CS5A,5,ACS,3,0.402835,0.482151,0.333899,0.425606
CS5A,A,5CS,3,0.389509,0.747763,0.400199,0.275043
CS5A,C,5AS,3,0.561256,0.396002,0.356718,0.611904
CS5A,S,5AC,3,0.482151,0.402835,0.350997,0.611904
CS5A,(none),5ACS,4,0.497096,0.497096,0.383947,0.475745
CS64,CS64,(none),0,0.339238,0.291093,0.0,0.699442
CS64,C64,S,1,0.384911,0.405252,0.158077,0.50341
CS64,CS4,6,1,0.436447,0.372094,0.163869,0.66944
CS64,CS6,4,1,0.446384,0.211184,0.169661,0.748187
CS64,S64,C,1,0.283955,0.409444,0.155182,0.50341
CS64,64,CS,2,0.301073,0.502728,0.256556,0.348929
CS64,C4,6S,2,0.473231,0.473231,0.27041,0.519145
CS64,C6,4S,2,0.487815,0.330433,0.279578,0.605003
CS64,CS,46,2,0.526968,0.284949,0.288746,0.74681
CS64,S4,6C,2,0.382667,0.478764,0.265787,0.519145
CS64,S6,4C,2,0.397252,0.335966,0.274955,0.605003
CS64,4,6CS,3,0.396002,0.561256,0.328217,0.378829
CS64,6,4CS,3,0.415387,0.438785,0.339589,0.458268
CS64,C,46S,3,0.561256,0.396002,0.356718,0.611904
CS64,S,46C,3,0.482151,0.402835,0.350997,0.611904
CS64,(none),46CS,4,0.497096,0.497096,0.383947,0.475745
CS65,CS65,(none),0,0.34204,0.183324,0.0,0.908261
CS65,C65,S,1,0.389104,0.304296,0.160973,0.615835
CS65,CS5,6,1,0.440639,0.271138,0.166765,0.723571
CS65,CS6,5,1,0.446384,0.211184,0.169661,0.748187
CS65,S65,C,1,0.288147,0.308488,0.158077,0.615835
CS65,65,CS,2,0.306607,0.412164,0.26114,0.416893
CS65,C5,6S,2,0.478764,0.382667,0.274994,0.573535
CS65,C6,5S,2,0.487815,0.330433,0.279578,0.605003
CS65,CS,56,2,0.526968,0.284949,0.288746,0.74681
CS65,S5,6C,2,0.3882,0.3882,0.270371,0.573535
CS65,S6,5C,2,0.397252,0.335966,0.274955,0.605003
CS65,5,6CS,3,0.402835,0.482151,0.333899,0.425606
CS65,6,5CS,3,0.415387,0.438785,0.339589,0.458268
CS65,C,56S,3,0.561256,0.396002,0.356718,0.611904
CS65,S,56C,3,0.482151,0.402835,0.350997,0.611904
CS65,(none),56CS,4,0.497096,0.497096,0.383947,0.475745
CS66,CS66,(none),0,0.344841,0.109345,0.637969,0.879374
CS66,C66,S,1,0.394091,0.238764,0.681681,0.645707
CS66,CS6,(none),1,0.446384,0.211184,0.169661,0.748187
CS66,S66,C,1,0.293135,0.240396,0.681403,0.645707
CS66,66,CS,2,0.314067,0.356429,0.710428,0.458276
CS66,C6,S,2,0.487815,0.330433,0.279578,0.605003
CS66,CS,6,2,0.526968,0.284949,0.288746,0.74681
CS66,S6,C,2,0.397252,0.335966,0.274955,0.605003
CS66,6,CS,3,0.415387,0.438785,0.339589,0.458268
CS66,C,6S,3,0.561256,0.396002,0.356718,0.611904
CS66,S,6C,3,0.482151,0.402835,0.350997,0.611904
CS66,(none),6CS,4,0.497096,0.497096,0.383947,0.475745
CS6A,CS6A,(none),0,0.333636,0.527585,0.0,0.542215
CS6A,C6A,S,1,0.378949,0.63381,0.194285,0.36224
CS6A,CS6,A,1,0.446384,0.211184,0.169661,0.748187
CS6A,CSA,6,1,0.430485,0.575709,0.200076,0.612055
CS6A,S6A,C,1,0.277993,0.641135,0.191389,0.36224
CS6A,6A,CS,2,0.29488,0.718023,0.316672,0.235907
CS6A,C6,AS,2,0.487815,0.330433,0.279578,0.605003
CS6A,CA,6S,2,0.467038,0.670535,0.328852,0.411946
CS6A,CS,6A,2,0.526968,0.284949,0.288746,0.74681
CS6A,S6,AC,2,0.397252,0.335966,0.274955,0.605003
CS6A,SA,6C,2,0.376474,0.679058,0.32478,0.411946
CS6A,6,ACS,3,0.415387,0.438785,0.339589,0.458268
CS6A,A,6CS,3,0.389509,0.747763,0.400199,0.275043
CS6A,C,6AS,3,0.561256,0.396002,0.356718,0.611904
CS6A,S,6AC,3,0.482151,0.402835,0.350997,0.611904
CS6A,(none),6ACS,4,0.497096,0.497096,0.383947,0.475745
CS74,CS74,(none),0,0.351494,0.265707,0.0,0.908261
CS74,C74,S,1,0.405252,0.384911,0.160973,0.616001
CS74,CS4,7,1,0.436447,0.372094,0.163869,0.66944
CS74,CS7,4,1,0.454286,0.177452,0.172557,0.780073
CS74,S74,C,1,0.304296,0.389104,0.158077,0.616001
CS74,74,CS,2,0.330433,0.487815,0.261169,0.417005
CS74,C4,7S,2,0.473231,0.473231,0.27041,0.519145
CS74,C7,4S,2,0.502728,0.301073,0.284162,0.643955
CS74,CS,47,2,0.526968,0.284949,0.288746,0.74681
CS74,S4,7C,2,0.382667,0.478764,0.265787,0.519145
CS74,S7,4C,2,0.412164,0.306607,0.279539,0.643955
CS74,4,7CS,3,0.396002,0.561256,0.328217,0.378829
CS74,7,4CS,3,0.438785,0.415387,0.345288,0.497042
CS74,C,47S,3,0.561256,0.396002,0.356718,0.611904
CS74,S,47C,3,0.482151,0.402835,0.350997,0.611904
CS74,(none),47CS,4,0.497096,0.497096,0.383947,0.475745
CS75,CS75,(none),0,0.354295,0.157939,0.0,0.879374
CS75,C75,S,1,0.409444,0.283955,0.163869,0.645593
CS75,CS5,7,1,0.440639,0.271138,0.166765,0.723571
CS75,CS7,5,1,0.454286,0.177452,0.172557,0.780073
CS75,S75,C,1,0.308488,0.288147,0.160973,0.645593
CS75,75,CS,2,0.335966,0.397252,0.265753,0.457881
CS75,C5,7S,2,0.478764,0.382667,0.274994,0.573535
CS75,C7,5S,2,0.502728,0.301073,0.284162,0.643955
CS75,CS,57,2,0.526968,0.284949,0.288746,0.74681
CS75,S5,7C,2,0.3882,0.3882,0.270371,0.573535
CS75,S7,5C,2,0.412164,0.306607,0.279539,0.643955
CS75,5,7CS,3,0.402835,0.482151,0.333899,0.425606
CS75,7,5CS,3,0.438785,0.415387,0.345288,0.497042
CS75,C,57S,3,0.561256,0.396002,0.356718,0.611904
CS75,S,57C,3,0.482151,0.402835,0.350997,0.611904
CS75,(none),57CS,4,0.497096,0.497096,0.383947,0.475745
CS76,CS76,(none),0,0.357096,0.094682,0.0,0.732531
CS76,C76,S,1,0.415189,0.224001,0.166765,0.613824
CS76,CS6,7,1,0.446384,0.211184,0.169661,0.748187
CS76,CS7,6,1,0.454286,0.177452,0.172557,0.780073
CS76,S76,C,1,0.314232,0.228194,0.163869,0.613824
CS76,76,CS,2,0.345017,0.345017,0.270337,0.466753
CS76,C6,7S,2,0.487815,0.330433,0.279578,0.605003
CS76,C7,6S,2,0.502728,0.301073,0.284162,0.643955
CS76,CS,67,2,0.526968,0.284949,0.288746,0.74681
CS76,S6,7C,2,0.397252,0.335966,0.274955,0.605003
CS76,S7,6C,2,0.412164,0.306607,0.279539,0.643955
CS76,6,7CS,3,0.415387,0.438785,0.339589,0.458268
CS76,7,6CS,3,0.438785,0.415387,0.345288,0.497042
CS76,C,67S,3,0.561256,0.396002,0.356718,0.611904
CS76,S,67C,3,0.482151,0.402835,0.350997,0.611904
CS76,(none),67CS,4,0.497096,0.497096,0.383947,0.475745
CS77,CS77,(none),0,0.359897,0.050859,0.673684,0.75354
CS77,C77,S,1,0.421624,0.185904,0.712687,0.657035
CS77,CS7,(none),1,0.454286,0.177452,0.172557,0.780073
CS77,S77,C,1,0.320667,0.187535,0.712409,0.657035
CS77,77,CS,2,0.356429,0.314067,0.738461,0.510698
CS77,C7,S,2,0.502728,0.301073,0.284162,0.643955
CS77,CS,7,2,0.526968,0.284949,0.288746,0.74681
CS77,S7,C,2,0.412164,0.306607,0.279539,0.643955
CS77,7,CS,3,0.438785,0.415387,0.345288,0.497042
CS77,C,7S,3,0.561256,0.396002,0.356718,0.611904
CS77,S,7C,3,0.482151,0.402835,0.350997,0.611904
CS77,(none),7CS,4,0.497096,0.497096,0.383947,0.475745
CS7A,CS7A,(none),0,0.345891,0.476814,0.0,0.604016
CS7A,C7A,S,1,0.39929,0.597766,0.19718,0.412054
CS7A,CS7,A,1,0.454286,0.177452,0.172557,0.780073
CS7A,CSA,7,1,0.430485,0.575709,0.200076,0.612055
CS7A,S7A,C,1,0.298334,0.605091,0.194285,0.412054
CS7A,7A,CS,2,0.324239,0.693474,0.32072,0.272837
CS7A,C7,AS,2,0.502728,0.301073,0.284162,0.643955
CS7A,CA,7S,2,0.467038,0.670535,0.328852,0.411946
CS7A,CS,7A,2,0.526968,0.284949,0.288746,0.74681
CS7A,S7,AC,2,0.412164,0.306607,0.279539,0.643955
CS7A,SA,7C,2,0.376474,0.679058,0.32478,0.411946
CS7A,7,ACS,3,0.438785,0.415387,0.345288,0.497042
CS7A,A,7CS,3,0.389509,0.747763,0.400199,0.275043
CS7A,C,7AS,3,0.561256,0.396002,0.356718,0.611904
CS7A,S,7AC,3,0.482151,0.402835,0.350997,0.611904
CS7A,(none),7ACS,4,0.497096,0.497096,0.383947,0.475745
CSAA,CSAA,(none),0,0.312627,0.857687,0.434183,0.253857
CSAA,CAA,S,1,0.353233,0.89586,0.555775,0.152816
CSAA,CSA,(none),1,0.430485,0.575709,0.200076,0.612055
CSAA,SAA,C,1,0.252276,0.902236,0.555497,0.152816
CSAA,AA,CS,2,0.264751,0.926301,0.625354,0.091058
CSAA,CA,S,2,0.467038,0.670535,0.328852,0.411946
CSAA,CS,A,2,0.526968,0.284949,0.288746,0.74681
CSAA,SA,C,2,0.376474,0.679058,0.32478,0.411946
CSAA,A,CS,3,0.389509,0.747763,0.400199,0.275043
CSAA,C,AS,3,0.561256,0.396002,0.356718,0.611904
CSAA,S,AC,3,0.482151,0.402835,0.350997,0.611904
CSAA,(none),ACS,4,0.497096,0.497096,0.383947,0.475745
CSS4,CSS4,(none),0,0.363048,0.247325,0.709399,0.75354
CSS4,CS4,(none),1,0.436447,0.372094,0.163869,0.66944
CSS4,CSS,4,1,0.462585,0.156145,0.743693,0.842662
CSS4,SS4,C,1,0.32792,0.37605,0.743287,0.66944
CSS4,C4,S,2,0.473231,0.473231,0.27041,0.519145
CSS4,CS,4,2,0.526968,0.284949,0.288746,0.74681
CSS4,S4,C,2,0.382667,0.478764,0.265787,0.519145
CSS4,SS,4C,2,0.429858,0.290039,0.766539,0.74681
CSS4,4,CS,3,0.396002,0.561256,0.328217,0.378829
CSS4,C,4S,3,0.561256,0.396002,0.356718,0.611904
CSS4,S,4C,3,0.482151,0.402835,0.350997,0.611904
CSS4,(none),4CS,4,0.497096,0.497096,0.383947,0.475745
CSS5,CSS5,(none),0,0.364099,0.139556,0.709399,0.785928
CSS5,CS5,(none),1,0.440639,0.271138,0.166765,0.723571
CSS5,CSS,5,1,0.462585,0.156145,0.743693,0.842662
CSS5,SS5,C,1,0.329551,0.275094,0.743319,0.723571
CSS5,C5,S,2,0.478764,0.382667,0.274994,0.573535
CSS5,CS,5,2,0.526968,0.284949,0.288746,0.74681
CSS5,S5,C,2,0.3882,0.3882,0.270371,0.573535
CSS5,SS,5C,2,0.429858,0.290039,0.766539,0.74681
CSS5,5,CS,3,0.402835,0.482151,0.333899,0.425606
CSS5,C,5S,3,0.561256,0.396002,0.356718,0.611904
CSS5,S,5C,3,0.482151,0.402835,0.350997,0.611904
CSS5,(none),5CS,4,0.497096,0.497096,0.383947,0.475745
CSS6,CSS6,(none),0,0.365149,0.076299,0.709399,0.810439
CSS6,CS6,(none),1,0.446384,0.211184,0.169661,0.748187
CSS6,CSS,6,1,0.462585,0.156145,0.743693,0.842662
CSS6,SS6,C,1,0.331764,0.21514,0.743351,0.748187
CSS6,C6,S,2,0.487815,0.330433,0.279578,0.605003
CSS6,CS,6,2,0.526968,0.284949,0.288746,0.74681
CSS6,S6,C,2,0.397252,0.335966,0.274955,0.605003
CSS6,SS,6C,2,0.429858,0.290039,0.766539,0.74681
CSS6,6,CS,3,0.415387,0.438785,0.339589,0.458268
CSS6,C,6S,3,0.561256,0.396002,0.356718,0.611904
CSS6,S,6C,3,0.482151,0.402835,0.350997,0.611904
CSS6,(none),6CS,4,0.497096,0.497096,0.383947,0.475745
CSS7,CSS7,(none),0,0.3662,0.043199,0.709399,0.834949
CSS7,CS7,(none),1,0.454286,0.177452,0.172557,0.780073
CSS7,CSS,7,1,0.462585,0.156145,0.743693,0.842662
CSS7,SS7,C,1,0.334787,0.181407,0.743383,0.780073
CSS7,C7,S,2,0.502728,0.301073,0.284162,0.643955
CSS7,CS,7,2,0.526968,0.284949,0.288746,0.74681
CSS7,S7,C,2,0.412164,0.306607,0.279539,0.643955
CSS7,SS,7C,2,0.429858,0.290039,0.766539,0.74681
CSS7,7,CS,3,0.438785,0.415387,0.345288,0.497042
CSS7,C,7S,3,0.561256,0.396002,0.356718,0.611904
CSS7,S,7C,3,0.482151,0.402835,0.350997,0.611904
CSS7,(none),7CS,4,0.497096,0.497096,0.383947,0.475745
CSSA,CSSA,(none),0,0.360948,0.440048,0.709399,0.908261
CSSA,CSA,(none),1,0.430485,0.575709,0.200076,0.612055
CSSA,CSS,A,1,0.462585,0.156145,0.743693,0.842662
CSSA,SSA,C,1,0.325566,0.582561,0.771569,0.612055
CSSA,CA,S,2,0.467038,0.670535,0.328852,0.411946
CSSA,CS,A,2,0.526968,0.284949,0.288746,0.74681
CSSA,SA,C,2,0.376474,0.679058,0.32478,0.411946
CSSA,SS,AC,2,0.429858,0.290039,0.766539,0.74681
CSSA,A,CS,3,0.389509,0.747763,0.400199,0.275043
CSSA,C,AS,3,0.561256,0.396002,0.356718,0.611904
CSSA,S,AC,3,0.482151,0.402835,0.350997,0.611904
CSSA,(none),ACS,4,0.497096,0.497096,0.383947,0.475745
CSSS,CSSS,(none),0,0.36725,0.019729,0.939096,0.859459
CSSS,CSS,(none),1,0.462585,0.156145,0.743693,0.842662
CSSS,SSS,C,1,0.337662,0.157658,0.940088,0.842662
CSSS,CS,(none),2,0.526968,0.284949,0.288746,0.74681
CSSS,SS,C,2,0.429858,0.290039,0.766539,0.74681
CSSS,C,S,3,0.561256,0.396002,0.356718,0.611904
CSSS,S,C,3,0.482151,0.402835,0.350997,0.611904
CSSS,(none),CS,4,0.497096,0.497096,0.383947,0.475745
R444,R444,(none),0,0.412386,0.392242,0.932794,0.253857
R444,444,R,1,0.140774,0.486723,0.933649,0.155954
R444,R44,(none),1,0.562983,0.469848,0.666111,0.413551
R444,44,R,2,0.2765,0.554287,0.654471,0.274964
R444,R4,(none),2,0.670535,0.467038,0.393083,0.519145
R444,4,R,3,0.396002,0.561256,0.328217,0.378829
R444,R,4,3,0.747763,0.389509,0.492182,0.611904
R444,(none),4R,4,0.497096,0.497096,0.383947,0.475745
R44A,R44A,(none),0,0.408185,0.812605,0.566539,0.151034
R44A,44A,R,1,0.138373,0.849193,0.661271,0.085317
R44A,R44,A,1,0.562983,0.469848,0.666111,0.413551
R44A,R4A,(none),1,0.55299,0.766521,0.275803,0.26238
R44A,44,AR,2,0.2765,0.554287,0.654471,0.274964
R44A,4A,R,2,0.270112,0.826477,0.308611,0.164597
R44A,R4,A,2,0.670535,0.467038,0.393083,0.519145
R44A,RA,4,2,0.66145,0.66145,0.44765,0.411946
R44A,4,AR,3,0.396002,0.561256,0.328217,0.378829
R44A,A,4R,3,0.389509,0.747763,0.400199,0.275043
R44A,R,4A,3,0.747763,0.389509,0.492182,0.611904
R44A,(none),4AR,4,0.497096,0.497096,0.383947,0.475745
R4AA,R4AA,(none),0,0.398381,0.943473,0.434183,0.061954
R4AA,4AA,R,1,0.133106,0.965499,0.554706,0.033386
R4AA,R4A,(none),1,0.55299,0.766521,0.275803,0.26238
R4AA,RAA,4,1,0.544477,0.887348,0.615051,0.152816
R4AA,4A,R,2,0.270112,0.826477,0.308611,0.164597
R4AA,AA,4R,2,0.264751,0.926301,0.625354,0.091058
R4AA,R4,A,2,0.670535,0.467038,0.393083,0.519145
R4AA,RA,4,2,0.66145,0.66145,0.44765,0.411946
R4AA,4,AR,3,0.396002,0.561256,0.328217,0.378829
R4AA,A,4R,3,0.389509,0.747763,0.400199,0.275043
R4AA,R,4A,3,0.747763,0.389509,0.492182,0.611904
R4AA,(none),4AR,4,0.497096,0.497096,0.383947,0.475745
R544,R544,(none),0,0.433745,0.385545,0.566539,0.340431
R544,544,R,1,0.152268,0.483128,0.61875,0.208194
R544,R44,5,1,0.562983,0.469848,0.666111,0.413551
R544,R54,(none),1,0.575709,0.430485,0.242491,0.467149
R544,44,5R,2,0.2765,0.554287,0.654471,0.274964
R544,54,R,2,0.284949,0.526968,0.251948,0.315654
R544,R4,5,2,0.670535,0.467038,0.393083,0.519145
R544,R5,4,2,0.679058,0.376474,0.397107,0.573535
R544,4,5R,3,0.396002,0.561256,0.328217,0.378829
R544,5,4R,3,0.402835,0.482151,0.333899,0.425606
R544,R,45,3,0.747763,0.389509,0.492182,0.611904
R544,(none),45R,4,0.497096,0.497096,0.383947,0.475745
R54A,R54A,(none),0,0.422541,0.77689,0.0,0.1885
R54A,54A,R,1,0.146211,0.829093,0.17691,0.1083
R54A,R4A,5,1,0.55299,0.766521,0.275803,0.26238
R54A,R54,A,1,0.575709,0.430485,0.242491,0.467149
R54A,R5A,4,1,0.565905,0.680699,0.278699,0.314177
R54A,4A,5R,2,0.270112,0.826477,0.308611,0.164597
R54A,54,AR,2,0.284949,0.526968,0.251948,0.315654
R54A,5A,4R,2,0.278756,0.75919,0.312635,0.201191
R54A,R4,5A,2,0.670535,0.467038,0.393083,0.519145
R54A,R5,4A,2,0.679058,0.376474,0.397107,0.573535
R54A,RA,45,2,0.66145,0.66145,0.44765,0.411946
R54A,4,5AR,3,0.396002,0.561256,0.328217,0.378829
R54A,5,4AR,3,0.402835,0.482151,0.333899,0.425606
R54A,A,45R,3,0.389509,0.747763,0.400199,0.275043
R54A,R,45A,3,0.747763,0.389509,0.492182,0.611904
R54A,(none),45AR,4,0.497096,0.497096,0.383947,0.475745
R554,R554,(none),0,0.440048,0.360948,0.602254,0.378772
R554,554,R,1,0.156145,0.462585,0.649724,0.237104
R554,R54,(none),1,0.575709,0.430485,0.242491,0.467149
R554,R55,4,1,0.582561,0.325566,0.693572,0.504345
R554,54,R,2,0.284949,0.526968,0.251948,0.315654
R554,55,4R,2,0.290039,0.429858,0.682434,0.350274
R554,R4,5,2,0.670535,0.467038,0.393083,0.519145
R554,R5,4,2,0.679058,0.376474,0.397107,0.573535
R554,4,5R,3,0.396002,0.561256,0.328217,0.378829
R554,5,4R,3,0.402835,0.482151,0.333899,0.425606
R554,R,45,3,0.747763,0.389509,0.492182,0.611904
R554,(none),45R,4,0.497096,0.497096,0.383947,0.475745
R555,R555,(none),0,0.442149,0.222978,0.934369,0.412091
R555,555,R,1,0.157658,0.337662,0.935243,0.26399
R555,R55,(none),1,0.582561,0.325566,0.693572,0.504345
R555,55,R,2,0.290039,0.429858,0.682434,0.350274
R555,R5,(none),2,0.679058,0.376474,0.397107,0.573535
R555,5,R,3,0.402835,0.482151,0.333899,0.425606
R555,R,5,3,0.747763,0.389509,0.492182,0.611904
R555,(none),5R,4,0.497096,0.497096,0.383947,0.475745
R55A,R55A,(none),0,0.435846,0.667294,0.602254,0.217617
R55A,55A,R,1,0.153791,0.73854,0.688734,0.129417
R55A,R55,A,1,0.582561,0.325566,0.693572,0.504345
R55A,R5A,(none),1,0.565905,0.680699,0.278699,0.314177
R55A,55,AR,2,0.290039,0.429858,0.682434,0.350274
R55A,5A,R,2,0.278756,0.75919,0.312635,0.201191
R55A,R5,A,2,0.679058,0.376474,0.397107,0.573535
R55A,RA,5,2,0.66145,0.66145,0.44765,0.411946
R55A,5,AR,3,0.402835,0.482151,0.333899,0.425606
R55A,A,5R,3,0.389509,0.747763,0.400199,0.275043
R55A,R,5A,3,0.747763,0.389509,0.492182,0.611904
R55A,(none),5AR,4,0.497096,0.497096,0.383947,0.475745
R5AA,R5AA,(none),0,0.412737,0.912222,0.434183,0.091465
R5AA,5AA,R,1,0.141028,0.9419,0.554855,0.050177
R5AA,R5A,(none),1,0.565905,0.680699,0.278699,0.314177
R5AA,RAA,5,1,0.544477,0.887348,0.615051,0.152816
R5AA,5A,R,2,0.278756,0.75919,0.312635,0.201191
R5AA,AA,5R,2,0.264751,0.926301,0.625354,0.091058
R5AA,R5,A,2,0.679058,0.376474,0.397107,0.573535
R5AA,RA,5,2,0.66145,0.66145,0.44765,0.411946
R5AA,5,AR,3,0.402835,0.482151,0.333899,0.425606
R5AA,A,5R,3,0.389509,0.747763,0.400199,0.275043
R5AA,R,5A,3,0.747763,0.389509,0.492182,0.611904
R5AA,(none),5AR,4,0.497096,0.497096,0.383947,0.475745
R644,R644,(none),0,0.463508,0.379899,0.566539,0.378772
R644,644,R,1,0.16983,0.479069,0.618932,0.236902
R644,R44,6,1,0.562983,0.469848,0.666111,0.413551
R644,R64,(none),1,0.597766,0.39929,0.245387,0.50341
R644,44,6R,2,0.2765,0.554287,0.654471,0.274964
R644,64,R,2,0.301073,0.502728,0.256556,0.348929
R644,R4,6,2,0.670535,0.467038,0.393083,0.519145
R644,R6,4,2,0.693474,0.324239,0.401132,0.605003
R644,4,6R,3,0.396002,0.561256,0.328217,0.378829
R644,6,4R,3,0.415387,0.438785,0.339589,0.458268
R644,R,46,3,0.747763,0.389509,0.492182,0.611904
R644,(none),46R,4,0.497096,0.497096,0.383947,0.475745
R64A,R64A,(none),0,0.452303,0.746778,0.0,0.217617
R64A,64A,R,1,0.163773,0.808822,0.179806,0.128865
R64A,R4A,6,1,0.55299,0.766521,0.275803,0.26238
R64A,R64,A,1,0.597766,0.39929,0.245387,0.50341
R64A,R6A,4,1,0.587962,0.624006,0.281594,0.36224
R64A,4A,6R,2,0.270112,0.826477,0.308611,0.164597
R64A,64,AR,2,0.301073,0.502728,0.256556,0.348929
R64A,6A,4R,2,0.29488,0.718023,0.316672,0.235907
R64A,R4,6A,2,0.670535,0.467038,0.393083,0.519145
R64A,R6,4A,2,0.693474,0.324239,0.401132,0.605003
R64A,RA,46,2,0.66145,0.66145,0.44765,0.411946
R64A,4,6AR,3,0.396002,0.561256,0.328217,0.378829
R64A,6,4AR,3,0.415387,0.438785,0.339589,0.458268
R64A,A,46R,3,0.389509,0.747763,0.400199,0.275043
R64A,R,46A,3,0.747763,0.389509,0.492182,0.611904
R64A,(none),46AR,4,0.497096,0.497096,0.383947,0.475745
R654,R654,(none),0,0.476814,0.345891,0.0,0.412091
R654,654,R,1,0.177452,0.454286,0.146494,0.264215
R654,R54,6,1,0.575709,0.430485,0.242491,0.467149
R654,R64,5,1,0.597766,0.39929,0.245387,0.50341
R654,R65,4,1,0.605091,0.298334,0.248283,0.615835
R654,54,6R,2,0.284949,0.526968,0.251948,0.315654
R654,64,5R,2,0.301073,0.502728,0.256556,0.348929
R654,65,4R,2,0.306607,0.412164,0.26114,0.416893
R654,R4,56,2,0.670535,0.467038,0.393083,0.519145
R654,R5,46,2,0.679058,0.376474,0.397107,0.573535
R654,R6,45,2,0.693474,0.324239,0.401132,0.605003
R654,4,56R,3,0.396002,0.561256,0.328217,0.378829
R654,5,46R,3,0.402835,0.482151,0.333899,0.425606
R654,6,45R,3,0.415387,0.438785,0.339589,0.458268
R654,R,456,3,0.747763,0.389509,0.492182,0.611904
R654,(none),456R,4,0.497096,0.497096,0.383947,0.475745
R655,R655,(none),0,0.482416,0.217332,0.602254,0.48002
R655,655,R,1,0.181407,0.334787,0.649938,0.31688
R655,R55,6,1,0.582561,0.325566,0.693572,0.504345
R655,R65,(none),1,0.605091,0.298334,0.248283,0.615835
R655,55,6R,2,0.290039,0.429858,0.682434,0.350274
R655,65,R,2,0.306607,0.412164,0.26114,0.416893
R655,R5,6,2,0.679058,0.376474,0.397107,0.573535
R655,R6,5,2,0.693474,0.324239,0.401132,0.605003
R655,5,6R,3,0.402835,0.482151,0.333899,0.425606
R655,6,5R,3,0.415387,0.438785,0.339589,0.458268
R655,R,56,3,0.747763,0.389509,0.492182,0.611904
R655,(none),56R,4,0.497096,0.497096,0.383947,0.475745
R65A,R65A,(none),0,0.465609,0.637181,0.0,0.253857
R65A,65A,R,1,0.17149,0.723001,0.182701,0.154583
R65A,R5A,6,1,0.565905,0.680699,0.278699,0.314177
R65A,R65,A,1,0.605091,0.298334,0.248283,0.615835
R65A,R6A,5,1,0.587962,0.624006,0.281594,0.36224
R65A,5A,6R,2,0.278756,0.75919,0.312635,0.201191
R65A,65,AR,2,0.306607,0.412164,0.26114,0.416893
R65A,6A,5R,2,0.29488,0.718023,0.316672,0.235907
R65A,R5,6A,2,0.679058,0.376474,0.397107,0.573535
R65A,R6,5A,2,0.693474,0.324239,0.401132,0.605003
R65A,RA,56,2,0.66145,0.66145,0.44765,0.411946
R65A,5,6AR,3,0.402835,0.482151,0.333899,0.425606
R65A,6,5AR,3,0.415387,0.438785,0.339589,0.458268
R65A,A,56R,3,0.389509,0.747763,0.400199,0.275043
R65A,R,56A,3,0.747763,0.389509,0.492182,0.611904
R65A,(none),56AR,4,0.497096,0.497096,0.383947,0.475745
R664,R664,(none),0,0.488719,0.3072,0.637969,0.48002
R664,664,R,1,0.185904,0.421624,0.68088,0.316688
R664,R64,(none),1,0.597766,0.39929,0.245387,0.50341
R664,R66,4,1,0.614005,0.23641,0.721032,0.645707
R664,64,R,2,0.301073,0.502728,0.256556,0.348929
R664,66,4R,2,0.314067,0.356429,0.710428,0.458276
R664,R4,6,2,0.670535,0.467038,0.393083,0.519145
R664,R6,4,2,0.693474,0.324239,0.401132,0.605003
R664,4,6R,3,0.396002,0.561256,0.328217,0.378829
R664,6,4R,3,0.415387,0.438785,0.339589,0.458268
R664,R,46,3,0.747763,0.389509,0.492182,0.611904
R664,(none),46R,4,0.497096,0.497096,0.383947,0.475745
R665,R665,(none),0,0.49082,0.199431,0.637969,0.542215
R665,665,R,1,0.187535,0.320667,0.680912,0.364104
R665,R65,(none),1,0.605091,0.298334,0.248283,0.615835
R665,R66,5,1,0.614005,0.23641,0.721032,0.645707
R665,65,R,2,0.306607,0.412164,0.26114,0.416893
R665,66,5R,2,0.314067,0.356429,0.710428,0.458276
R665,R5,6,2,0.679058,0.376474,0.397107,0.573535
R665,R6,5,2,0.693474,0.324239,0.401132,0.605003
R665,5,6R,3,0.402835,0.482151,0.333899,0.425606
R665,6,5R,3,0.415387,0.438785,0.339589,0.458268
R665,R,56,3,0.747763,0.389509,0.492182,0.611904
R665,(none),56R,4,0.497096,0.497096,0.383947,0.475745
R666,R666,(none),0,0.49292,0.115385,0.935945,0.604016
R666,666,R,1,0.18937,0.244898,0.936847,0.412887
R666,R66,(none),1,0.614005,0.23641,0.721032,0.645707
R666,66,R,2,0.314067,0.356429,0.710428,0.458276
R666,R6,(none),2,0.693474,0.324239,0.401132,0.605003
R666,6,R,3,0.415387,0.438785,0.339589,0.458268
R666,R,6,3,0.747763,0.389509,0.492182,0.611904
R666,(none),6R,4,0.497096,0.497096,0.383947,0.475745
R66A,R66A,(none),0,0.484517,0.559799,0.637969,0.340431
R66A,66A,R,1,0.18355,0.663374,0.716271,0.207057
R66A,R66,A,1,0.614005,0.23641,0.721032,0.645707
R66A,R6A,(none),1,0.587962,0.624006,0.281594,0.36224
R66A,66,AR,2,0.314067,0.356429,0.710428,0.458276
R66A,6A,R,2,0.29488,0.718023,0.316672,0.235907
R66A,R6,A,2,0.693474,0.324239,0.401132,0.605003
R66A,RA,6,2,0.66145,0.66145,0.44765,0.411946
R66A,6,AR,3,0.415387,0.438785,0.339589,0.458268
R66A,A,6R,3,0.389509,0.747763,0.400199,0.275043
R66A,R,6A,3,0.747763,0.389509,0.492182,0.611904
R66A,(none),6AR,4,0.497096,0.497096,0.383947,0.475745
R6AA,R6AA,(none),0,0.442499,0.885874,0.434183,0.121053
R6AA,6AA,R,1,0.15859,0.924196,0.555037,0.06702
R6AA,R6A,(none),1,0.587962,0.624006,0.281594,0.36224
R6AA,RAA,6,1,0.544477,0.887348,0.615051,0.152816
R6AA,6A,R,2,0.29488,0.718023,0.316672,0.235907
R6AA,AA,6R,2,0.264751,0.926301,0.625354,0.091058
R6AA,R6,A,2,0.693474,0.324239,0.401132,0.605003
R6AA,RA,6,2,0.66145,0.66145,0.44765,0.411946
R6AA,6,AR,3,0.415387,0.438785,0.339589,0.458268
R6AA,A,6R,3,0.389509,0.747763,0.400199,0.275043
R6AA,R,6A,3,0.747763,0.389509,0.492182,0.611904
R6AA,(none),6AR,4,0.497096,0.497096,0.383947,0.475745
R744,R744,(none),0,0.514279,0.375304,0.566539,0.412091
R744,744,R,1,0.203563,0.476047,0.619146,0.264249
R744,R44,7,1,0.562983,0.469848,0.666111,0.413551
R744,R74,(none),1,0.63381,0.378949,0.248283,0.616001
R744,44,7R,2,0.2765,0.554287,0.654471,0.274964
R744,74,R,2,0.330433,0.487815,0.261169,0.417005
R744,R4,7,2,0.670535,0.467038,0.393083,0.519145
R744,R7,4,2,0.718023,0.29488,0.405156,0.643955
R744,4,7R,3,0.396002,0.561256,0.328217,0.378829
R744,7,4R,3,0.438785,0.415387,0.345288,0.497042
R744,R,47,3,0.747763,0.389509,0.492182,0.611904
R744,(none),47R,4,0.497096,0.497096,0.383947,0.475745
R74A,R74A,(none),0,0.503075,0.722267,0.0,0.253857
R74A,74A,R,1,0.197506,0.794078,0.182701,0.15457
R74A,R4A,7,1,0.55299,0.766521,0.275803,0.26238
R74A,R74,A,1,0.63381,0.378949,0.248283,0.616001
R74A,R7A,4,1,0.624006,0.587962,0.28449,0.412054
R74A,4A,7R,2,0.270112,0.826477,0.308611,0.164597
R74A,74,AR,2,0.330433,0.487815,0.261169,0.417005
R74A,7A,4R,2,0.324239,0.693474,0.32072,0.272837
R74A,R4,7A,2,0.670535,0.467038,0.393083,0.519145
R74A,R7,4A,2,0.718023,0.29488,0.405156,0.643955
R74A,RA,47,2,0.66145,0.66145,0.44765,0.411946
R74A,4,7AR,3,0.396002,0.561256,0.328217,0.378829
R74A,7,4AR,3,0.438785,0.415387,0.345288,0.497042
R74A,A,47R,3,0.389509,0.747763,0.400199,0.275043
R74A,R,47A,3,0.747763,0.389509,0.492182,0.611904
R74A,(none),47AR,4,0.497096,0.497096,0.383947,0.475745
R754,R754,(none),0,0.527585,0.333636,0.0,0.48002
R754,754,R,1,0.211184,0.446384,0.14939,0.315327
R754,R54,7,1,0.575709,0.430485,0.242491,0.467149
R754,R74,5,1,0.63381,0.378949,0.248283,0.616001
R754,R75,4,1,0.641135,0.277993,0.251179,0.645593
R754,54,7R,2,0.284949,0.526968,0.251948,0.315654
R754,74,5R,2,0.330433,0.487815,0.261169,0.417005
R754,75,4R,2,0.335966,0.397252,0.265753,0.457881
R754,R4,57,2,0.670535,0.467038,0.393083,0.519145
R754,R5,47,2,0.679058,0.376474,0.397107,0.573535
R754,R7,45,2,0.718023,0.29488,0.405156,0.643955
R754,4,57R,3,0.396002,0.561256,0.328217,0.378829
R754,5,47R,3,0.402835,0.482151,0.333899,0.425606
R754,7,45R,3,0.438785,0.415387,0.345288,0.497042
R754,R,457,3,0.747763,0.389509,0.492182,0.611904
R754,(none),457R,4,0.497096,0.497096,0.383947,0.475745
R755,R755,(none),0,0.533187,0.212737,0.602254,0.542215
R755,755,R,1,0.21514,0.331764,0.650152,0.365408
R755,R55,7,1,0.582561,0.325566,0.693572,0.504345
R755,R75,(none),1,0.641135,0.277993,0.251179,0.645593
R755,55,7R,2,0.290039,0.429858,0.682434,0.350274
R755,75,R,2,0.335966,0.397252,0.265753,0.457881
R755,R5,7,2,0.679058,0.376474,0.397107,0.573535
R755,R7,5,2,0.718023,0.29488,0.405156,0.643955
R755,5,7R,3,0.402835,0.482151,0.333899,0.425606
R755,7,5R,3,0.438785,0.415387,0.345288,0.497042
R755,R,57,3,0.747763,0.389509,0.492182,0.611904
R755,(none),57R,4,0.497096,0.497096,0.383947,0.475745
R75A,R75A,(none),0,0.51638,0.612671,0.0,0.340431
R75A,75A,R,1,0.205222,0.708257,0.185597,0.206854
R75A,R5A,7,1,0.565905,0.680699,0.278699,0.314177
R75A,R75,A,1,0.641135,0.277993,0.251179,0.645593
R75A,R7A,5,1,0.624006,0.587962,0.28449,0.412054
R75A,5A,7R,2,0.278756,0.75919,0.312635,0.201191
R75A,75,AR,2,0.335966,0.397252,0.265753,0.457881
R75A,7A,5R,2,0.324239,0.693474,0.32072,0.272837
R75A,R5,7A,2,0.679058,0.376474,0.397107,0.573535
R75A,R7,5A,2,0.718023,0.29488,0.405156,0.643955
R75A,RA,57,2,0.66145,0.66145,0.44765,0.411946
R75A,5,7AR,3,0.402835,0.482151,0.333899,0.425606
R75A,7,5AR,3,0.438785,0.415387,0.345288,0.497042
R75A,A,57R,3,0.389509,0.747763,0.400199,0.275043
R75A,R,57A,3,0.747763,0.389509,0.492182,0.611904
R75A,(none),57AR,4,0.497096,0.497096,0.383947,0.475745
R764,R764,(none),0,0.546493,0.294945,0.0,0.542215
R764,764,R,1,0.224001,0.415189,0.152286,0.364047
R764,R64,7,1,0.597766,0.39929,0.245387,0.50341
R764,R74,6,1,0.63381,0.378949,0.248283,0.616001
R764,R76,4,1,0.651563,0.218039,0.254075,0.613824
R764,64,7R,2,0.301073,0.502728,0.256556,0.348929
R764,74,6R,2,0.330433,0.487815,0.261169,0.417005
R764,76,4R,2,0.345017,0.345017,0.270337,0.466753
R764,R4,67,2,0.670535,0.467038,0.393083,0.519145
R764,R6,47,2,0.693474,0.324239,0.401132,0.605003
R764,R7,46,2,0.718023,0.29488,0.405156,0.643955
R764,4,67R,3,0.396002,0.561256,0.328217,0.378829
R764,6,47R,3,0.415387,0.438785,0.339589,0.458268
R764,7,46R,3,0.438785,0.415387,0.345288,0.497042
R764,R,467,3,0.747763,0.389509,0.492182,0.611904
R764,(none),467R,4,0.497096,0.497096,0.383947,0.475745
R765,R765,(none),0,0.552095,0.187176,0.0,0.604016
R765,765,R,1,0.228194,0.314232,0.155182,0.413023
R765,R65,7,1,0.605091,0.298334,0.248283,0.615835
R765,R75,6,1,0.641135,0.277993,0.251179,0.645593
R765,R76,5,1,0.651563,0.218039,0.254075,0.613824
R765,65,7R,2,0.306607,0.412164,0.26114,0.416893
R765,75,6R,2,0.335966,0.397252,0.265753,0.457881
R765,76,5R,2,0.345017,0.345017,0.270337,0.466753
R765,R5,67,2,0.679058,0.376474,0.397107,0.573535
R765,R6,57,2,0.693474,0.324239,0.401132,0.605003
R765,R7,56,2,0.718023,0.29488,0.405156,0.643955
R765,5,67R,3,0.402835,0.482151,0.333899,0.425606
R765,6,57R,3,0.415387,0.438785,0.339589,0.458268
R765,7,56R,3,0.438785,0.415387,0.345288,0.497042
R765,R,567,3,0.747763,0.389509,0.492182,0.611904
R765,(none),567R,4,0.497096,0.497096,0.383947,0.475745
R766,R766,(none),0,0.557698,0.110789,0.637969,0.67003
R766,766,R,1,0.233181,0.242609,0.681158,0.469447
R766,R66,7,1,0.614005,0.23641,0.721032,0.645707
R766,R76,(none),1,0.651563,0.218039,0.254075,0.613824
R766,66,7R,2,0.314067,0.356429,0.710428,0.458276
R766,76,R,2,0.345017,0.345017,0.270337,0.466753
R766,R6,7,2,0.693474,0.324239,0.401132,0.605003
R766,R7,6,2,0.718023,0.29488,0.405156,0.643955
R766,6,7R,3,0.415387,0.438785,0.339589,0.458268
R766,7,6R,3,0.438785,0.415387,0.345288,0.497042
R766,R,67,3,0.747763,0.389509,0.492182,0.611904
R766,(none),67R,4,0.497096,0.497096,0.383947,0.475745
R76A,R76A,(none),0,0.535288,0.535288,0.0,0.378772
R76A,76A,R,1,0.218039,0.651563,0.188493,0.236135
R76A,R6A,7,1,0.587962,0.624006,0.281594,0.36224
R76A,R76,A,1,0.651563,0.218039,0.254075,0.613824
R76A,R7A,6,1,0.624006,0.587962,0.28449,0.412054
R76A,6A,7R,2,0.29488,0.718023,0.316672,0.235907
R76A,76,AR,2,0.345017,0.345017,0.270337,0.466753
R76A,7A,6R,2,0.324239,0.693474,0.32072,0.272837
R76A,R6,7A,2,0.693474,0.324239,0.401132,0.605003
R76A,R7,6A,2,0.718023,0.29488,0.405156,0.643955
R76A,RA,67,2,0.66145,0.66145,0.44765,0.411946
R76A,6,7AR,3,0.415387,0.438785,0.339589,0.458268
R76A,7,6AR,3,0.438785,0.415387,0.345288,0.497042
R76A,A,67R,3,0.389509,0.747763,0.400199,0.275043
R76A,R,67A,3,0.747763,0.389509,0.492182,0.611904
R76A,(none),67AR,4,0.497096,0.497096,0.383947,0.475745
R774,R774,(none),0,0.564,0.269559,0.673684,0.604016
R774,774,R,1,0.238764,0.394091,0.712068,0.414462
R774,R74,(none),1,0.63381,0.378949,0.248283,0.616001
R774,R77,4,1,0.663374,0.18355,0.748493,0.657035
R774,74,R,2,0.330433,0.487815,0.261169,0.417005
R774,77,4R,2,0.356429,0.314067,0.738461,0.510698
R774,R4,7,2,0.670535,0.467038,0.393083,0.519145
R774,R7,4,2,0.718023,0.29488,0.405156,0.643955
R774,4,7R,3,0.396002,0.561256,0.328217,0.378829
R774,7,4R,3,0.438785,0.415387,0.345288,0.497042
R774,R,47,3,0.747763,0.389509,0.492182,0.611904
R774,(none),47R,4,0.497096,0.497096,0.383947,0.475745
R775,R775,(none),0,0.566101,0.16179,0.673684,0.67003
R775,775,R,1,0.240396,0.293135,0.7121,0.468511
R775,R75,(none),1,0.641135,0.277993,0.251179,0.645593
R775,R77,5,1,0.663374,0.18355,0.748493,0.657035
R775,75,R,2,0.335966,0.397252,0.265753,0.457881
R775,77,5R,2,0.356429,0.314067,0.738461,0.510698
R775,R5,7,2,0.679058,0.376474,0.397107,0.573535
R775,R7,5,2,0.718023,0.29488,0.405156,0.643955
R775,5,7R,3,0.402835,0.482151,0.333899,0.425606
R775,7,5R,3,0.438785,0.415387,0.345288,0.497042
R775,R,57,3,0.747763,0.389509,0.492182,0.611904
R775,(none),57R,4,0.497096,0.497096,0.383947,0.475745
R776,R776,(none),0,0.568202,0.098534,0.673684,0.699442
R776,776,R,1,0.242609,0.233181,0.712132,0.503242
R776,R76,(none),1,0.651563,0.218039,0.254075,0.613824
R776,R77,6,1,0.663374,0.18355,0.748493,0.657035
R776,76,R,2,0.345017,0.345017,0.270337,0.466753
R776,77,6R,2,0.356429,0.314067,0.738461,0.510698
R776,R6,7,2,0.693474,0.324239,0.401132,0.605003
R776,R7,6,2,0.718023,0.29488,0.405156,0.643955
R776,6,7R,3,0.415387,0.438785,0.339589,0.458268
R776,7,6R,3,0.438785,0.415387,0.345288,0.497042
R776,R,67,3,0.747763,0.389509,0.492182,0.611904
R776,(none),67R,4,0.497096,0.497096,0.383947,0.475745
R777,R777,(none),0,0.570303,0.052303,0.937521,0.908261
R777,777,R,1,0.244898,0.18937,0.938462,0.619037
R777,R77,(none),1,0.663374,0.18355,0.748493,0.657035
R777,77,R,2,0.356429,0.314067,0.738461,0.510698
R777,R7,(none),2,0.718023,0.29488,0.405156,0.643955
R777,7,R,3,0.438785,0.415387,0.345288,0.497042
R777,R,7,3,0.747763,0.389509,0.492182,0.611904
R777,(none),7R,4,0.497096,0.497096,0.383947,0.475745
R77A,R77A,(none),0,0.559799,0.484517,0.673684,0.412091
R77A,77A,R,1,0.23641,0.614005,0.743883,0.263877
R77A,R77,A,1,0.663374,0.18355,0.748493,0.657035
R77A,R7A,(none),1,0.624006,0.587962,0.28449,0.412054
R77A,77,AR,2,0.356429,0.314067,0.738461,0.510698
R77A,7A,R,2,0.324239,0.693474,0.32072,0.272837
R77A,R7,A,2,0.718023,0.29488,0.405156,0.643955
R77A,RA,7,2,0.66145,0.66145,0.44765,0.411946
R77A,7,AR,3,0.438785,0.415387,0.345288,0.497042
R77A,A,7R,3,0.389509,0.747763,0.400199,0.275043
R77A,R,7A,3,0.747763,0.389509,0.492182,0.611904
R77A,(none),7AR,4,0.497096,0.497096,0.383947,0.475745
R7AA,R7AA,(none),0,0.493271,0.864427,0.434183,0.151034
R7AA,7AA,R,1,0.192322,0.911328,0.555251,0.084723
R7AA,R7A,(none),1,0.624006,0.587962,0.28449,0.412054
R7AA,RAA,7,1,0.544477,0.887348,0.615051,0.152816
R7AA,7A,R,2,0.324239,0.693474,0.32072,0.272837
R7AA,AA,7R,2,0.264751,0.926301,0.625354,0.091058
R7AA,R7,A,2,0.718023,0.29488,0.405156,0.643955
R7AA,RA,7,2,0.66145,0.66145,0.44765,0.411946
R7AA,7,AR,3,0.438785,0.415387,0.345288,0.497042
R7AA,A,7R,3,0.389509,0.747763,0.400199,0.275043
R7AA,R,7A,3,0.747763,0.389509,0.492182,0.611904
R7AA,(none),7AR,4,0.497096,0.497096,0.383947,0.475745
RAAA,RAAA,(none),0,0.393478,0.979626,0.913185,0.024051
RAAA,AAA,R,1,0.130419,0.98943,0.919762,0.012321
RAAA,RAA,(none),1,0.544477,0.887348,0.615051,0.152816
RAAA,AA,R,2,0.264751,0.926301,0.625354,0.091058
RAAA,RA,(none),2,0.66145,0.66145,0.44765,0.411946
RAAA,A,R,3,0.389509,0.747763,0.400199,0.275043
RAAA,R,A,3,0.747763,0.389509,0.492182,0.611904
RAAA,(none),AR,4,0.497096,0.497096,0.383947,0.475745
RC44,RC44,(none),0,0.701258,0.369264,0.566539,0.604016
RC44,C44,R,1,0.364473,0.472202,0.619669,0.413551
RC44,R44,C,1,0.562983,0.469848,0.666111,0.413551
RC44,RC4,(none),1,0.776325,0.358416,0.254075,0.66944
RC44,44,CR,2,0.2765,0.554287,0.654471,0.274964
RC44,C4,R,2,0.473231,0.473231,0.27041,0.519145
RC44,R4,C,2,0.670535,0.467038,0.393083,0.519145
RC44,RC,4,2,0.826477,0.270112,0.413205,0.74681
RC44,4,CR,3,0.396002,0.561256,0.328217,0.378829
RC44,C,4R,3,0.561256,0.396002,0.356718,0.611904
RC44,R,4C,3,0.747763,0.389509,0.492182,0.611904
RC44,(none),4CR,4,0.497096,0.497096,0.383947,0.475745
RC4A,RC4A,(none),0,0.690054,0.690054,0.0,0.412091
RC4A,C4A,R,1,0.358416,0.776325,0.188493,0.26238
RC4A,R4A,C,1,0.55299,0.766521,0.275803,0.26238
RC4A,RC4,A,1,0.776325,0.358416,0.254075,0.66944
RC4A,RCA,4,1,0.766521,0.55299,0.290282,0.612055
RC4A,4A,CR,2,0.270112,0.826477,0.308611,0.164597
RC4A,C4,AR,2,0.473231,0.473231,0.27041,0.519145
RC4A,CA,4R,2,0.467038,0.670535,0.328852,0.411946
RC4A,R4,AC,2,0.670535,0.467038,0.393083,0.519145
RC4A,RA,4C,2,0.66145,0.66145,0.44765,0.411946
RC4A,RC,4A,2,0.826477,0.270112,0.413205,0.74681
RC4A,4,ACR,3,0.396002,0.561256,0.328217,0.378829
RC4A,A,4CR,3,0.389509,0.747763,0.400199,0.275043
RC4A,C,4AR,3,0.561256,0.396002,0.356718,0.611904
RC4A,R,4AC,3,0.747763,0.389509,0.492182,0.611904
RC4A,(none),4ACR,4,0.497096,0.497096,0.383947,0.475745
RC54,RC54,(none),0,0.714564,0.317529,0.0,0.67003
RC54,C54,R,1,0.372094,0.436447,0.155182,0.467149
RC54,R54,C,1,0.575709,0.430485,0.242491,0.467149
RC54,RC4,5,1,0.776325,0.358416,0.254075,0.66944
RC54,RC5,4,1,0.78365,0.25746,0.256971,0.723571
RC54,54,CR,2,0.284949,0.526968,0.251948,0.315654
RC54,C4,5R,2,0.473231,0.473231,0.27041,0.519145
RC54,C5,4R,2,0.478764,0.382667,0.274994,0.573535
RC54,R4,5C,2,0.670535,0.467038,0.393083,0.519145
RC54,R5,4C,2,0.679058,0.376474,0.397107,0.573535
RC54,RC,45,2,0.826477,0.270112,0.413205,0.74681
RC54,4,5CR,3,0.396002,0.561256,0.328217,0.378829
RC54,5,4CR,3,0.402835,0.482151,0.333899,0.425606
RC54,C,45R,3,0.561256,0.396002,0.356718,0.611904
RC54,R,45C,3,0.747763,0.389509,0.492182,0.611904
RC54,(none),45CR,4,0.497096,0.497096,0.383947,0.475745
RC55,RC55,(none),0,0.720166,0.206697,0.602254,0.699442
RC55,C55,R,1,0.37605,0.32792,0.650675,0.504345
RC55,R55,C,1,0.582561,0.325566,0.693572,0.504345
RC55,RC5,(none),1,0.78365,0.25746,0.256971,0.723571
RC55,55,CR,2,0.290039,0.429858,0.682434,0.350274
RC55,C5,R,2,0.478764,0.382667,0.274994,0.573535
RC55,R5,C,2,0.679058,0.376474,0.397107,0.573535
RC55,RC,5,2,0.826477,0.270112,0.413205,0.74681
RC55,5,CR,3,0.402835,0.482151,0.333899,0.425606
RC55,C,5R,3,0.561256,0.396002,0.356718,0.611904
RC55,R,5C,3,0.747763,0.389509,0.492182,0.611904
RC55,(none),5CR,4,0.497096,0.497096,0.383947,0.475745
RC5A,RC5A,(none),0,0.703359,0.580457,0.0,0.48002
RC5A,C5A,R,1,0.366132,0.690503,0.191389,0.314177
RC5A,R5A,C,1,0.565905,0.680699,0.278699,0.314177
RC5A,RC5,A,1,0.78365,0.25746,0.256971,0.723571
RC5A,RCA,5,1,0.766521,0.55299,0.290282,0.612055
RC5A,5A,CR,2,0.278756,0.75919,0.312635,0.201191
RC5A,C5,AR,2,0.478764,0.382667,0.274994,0.573535
RC5A,CA,5R,2,0.467038,0.670535,0.328852,0.411946
RC5A,R5,AC,2,0.679058,0.376474,0.397107,0.573535
RC5A,RA,5C,2,0.66145,0.66145,0.44765,0.411946
RC5A,RC,5A,2,0.826477,0.270112,0.413205,0.74681
RC5A,5,ACR,3,0.402835,0.482151,0.333899,0.425606
RC5A,A,5CR,3,0.389509,0.747763,0.400199,0.275043
RC5A,C,5AR,3,0.561256,0.396002,0.356718,0.611904
RC5A,R,5AC,3,0.747763,0.389509,0.492182,0.611904
RC5A,(none),5ACR,4,0.497096,0.497096,0.383947,0.475745
RC64,RC64,(none),0,0.733472,0.278838,0.0,0.699442
RC64,C64,R,1,0.384911,0.405252,0.158077,0.50341
RC64,R64,C,1,0.597766,0.39929,0.245387,0.50341
RC64,RC4,6,1,0.776325,0.358416,0.254075,0.66944
RC64,RC6,4,1,0.794078,0.197506,0.259866,0.748187
RC64,64,CR,2,0.301073,0.502728,0.256556,0.348929
RC64,C4,6R,2,0.473231,0.473231,0.27041,0.519145
RC64,C6,4R,2,0.487815,0.330433,0.279578,0.605003
RC64,R4,6C,2,0.670535,0.467038,0.393083,0.519145
RC64,R6,4C,2,0.693474,0.324239,0.401132,0.605003
RC64,RC,46,2,0.826477,0.270112,0.413205,0.74681
RC64,4,6CR,3,0.396002,0.561256,0.328217,0.378829
RC64,6,4CR,3,0.415387,0.438785,0.339589,0.458268
RC64,C,46R,3,0.561256,0.396002,0.356718,0.611904
RC64,R,46C,3,0.747763,0.389509,0.492182,0.611904
RC64,(none),46CR,4,0.497096,0.497096,0.383947,0.475745
RC65,RC65,(none),0,0.739074,0.171069,0.0,0.908261
RC65,C65,R,1,0.389104,0.304296,0.160973,0.615835
RC65,R65,C,1,0.605091,0.298334,0.248283,0.615835
RC65,RC5,6,1,0.78365,0.25746,0.256971,0.723571
RC65,RC6,5,1,0.794078,0.197506,0.259866,0.748187
RC65,65,CR,2,0.306607,0.412164,0.26114,0.416893
RC65,C5,6R,2,0.478764,0.382667,0.274994,0.573535
RC65,C6,5R,2,0.487815,0.330433,0.279578,0.605003
RC65,R5,6C,2,0.679058,0.376474,0.397107,0.573535
RC65,R6,5C,2,0.693474,0.324239,0.401132,0.605003
RC65,RC,56,2,0.826477,0.270112,0.413205,0.74681
RC65,5,6CR,3,0.402835,0.482151,0.333899,0.425606
RC65,6,5CR,3,0.415387,0.438785,0.339589,0.458268
RC65,C,56R,3,0.561256,0.396002,0.356718,0.611904
RC65,R,56C,3,0.747763,0.389509,0.492182,0.611904
RC65,(none),56CR,4,0.497096,0.497096,0.383947,0.475745
RC66,RC66,(none),0,0.744677,0.104749,0.637969,0.879374
RC66,C66,R,1,0.394091,0.238764,0.681681,0.645707
RC66,R66,C,1,0.614005,0.23641,0.721032,0.645707
RC66,RC6,(none),1,0.794078,0.197506,0.259866,0.748187
RC66,66,CR,2,0.314067,0.356429,0.710428,0.458276
RC66,C6,R,2,0.487815,0.330433,0.279578,0.605003
RC66,R6,C,2,0.693474,0.324239,0.401132,0.605003
RC66,RC,6,2,0.826477,0.270112,0.413205,0.74681
RC66,6,CR,3,0.415387,0.438785,0.339589,0.458268
RC66,C,6R,3,0.561256,0.396002,0.356718,0.611904
RC66,R,6C,3,0.747763,0.389509,0.492182,0.611904
RC66,(none),6CR,4,0.497096,0.497096,0.383947,0.475745
RC6A,RC6A,(none),0,0.722267,0.503075,0.0,0.542215
RC6A,C6A,R,1,0.378949,0.63381,0.194285,0.36224
RC6A,R6A,C,1,0.587962,0.624006,0.281594,0.36224
RC6A,RC6,A,1,0.794078,0.197506,0.259866,0.748187
RC6A,RCA,6,1,0.766521,0.55299,0.290282,0.612055
RC6A,6A,CR,2,0.29488,0.718023,0.316672,0.235907
RC6A,C6,AR,2,0.487815,0.330433,0.279578,0.605003
RC6A,CA,6R,2,0.467038,0.670535,0.328852,0.411946
RC6A,R6,AC,2,0.693474,0.324239,0.401132,0.605003
RC6A,RA,6C,2,0.66145,0.66145,0.44765,0.411946
RC6A,RC,6A,2,0.826477,0.270112,0.413205,0.74681
RC6A,6,ACR,3,0.415387,0.438785,0.339589,0.458268
RC6A,A,6CR,3,0.389509,0.747763,0.400199,0.275043
RC6A,C,6AR,3,0.561256,0.396002,0.356718,0.611904
RC6A,R,6AC,3,0.747763,0.389509,0.492182,0.611904
RC6A,(none),6ACR,4,0.497096,0.497096,0.383947,0.475745
RC74,RC74,(none),0,0.757982,0.253452,0.0,0.908261
RC74,C74,R,1,0.405252,0.384911,0.160973,0.616001
RC74,R74,C,1,0.63381,0.378949,0.248283,0.616001
RC74,RC4,7,1,0.776325,0.358416,0.254075,0.66944
RC74,RC7,4,1,0.808822,0.163773,0.262762,0.780073
RC74,74,CR,2,0.330433,0.487815,0.261169,0.417005
RC74,C4,7R,2,0.473231,0.473231,0.27041,0.519145
RC74,C7,4R,2,0.502728,0.301073,0.284162,0.643955
RC74,R4,7C,2,0.670535,0.467038,0.393083,0.519145
RC74,R7,4C,2,0.718023,0.29488,0.405156,0.643955
RC74,RC,47,2,0.826477,0.270112,0.413205,0.74681
RC74,4,7CR,3,0.396002,0.561256,0.328217,0.378829
RC74,7,4CR,3,0.438785,0.415387,0.345288,0.497042
RC74,C,47R,3,0.561256,0.396002,0.356718,0.611904
RC74,R,47C,3,0.747763,0.389509,0.492182,0.611904
RC74,(none),47CR,4,0.497096,0.497096,0.383947,0.475745
RC75,RC75,(none),0,0.763585,0.145683,0.0,0.879374
RC75,C75,R,1,0.409444,0.283955,0.163869,0.645593
RC75,R75,C,1,0.641135,0.277993,0.251179,0.645593
RC75,RC5,7,1,0.78365,0.25746,0.256971,0.723571
RC75,RC7,5,1,0.808822,0.163773,0.262762,0.780073
RC75,75,CR,2,0.335966,0.397252,0.265753,0.457881
RC75,C5,7R,2,0.478764,0.382667,0.274994,0.573535
RC75,C7,5R,2,0.502728,0.301073,0.284162,0.643955
RC75,R5,7C,2,0.679058,0.376474,0.397107,0.573535
RC75,R7,5C,2,0.718023,0.29488,0.405156,0.643955
RC75,RC,57,2,0.826477,0.270112,0.413205,0.74681
RC75,5,7CR,3,0.402835,0.482151,0.333899,0.425606
RC75,7,5CR,3,0.438785,0.415387,0.345288,0.497042
RC75,C,57R,3,0.561256,0.396002,0.356718,0.611904
RC75,R,57C,3,0.747763,0.389509,0.492182,0.611904
RC75,(none),57CR,4,0.497096,0.497096,0.383947,0.475745
RC76,RC76,(none),0,0.769187,0.082427,0.0,0.732531
RC76,C76,R,1,0.415189,0.224001,0.166765,0.613824
RC76,R76,C,1,0.651563,0.218039,0.254075,0.613824
RC76,RC6,7,1,0.794078,0.197506,0.259866,0.748187
RC76,RC7,6,1,0.808822,0.163773,0.262762,0.780073
RC76,76,CR,2,0.345017,0.345017,0.270337,0.466753
RC76,C6,7R,2,0.487815,0.330433,0.279578,0.605003
RC76,C7,6R,2,0.502728,0.301073,0.284162,0.643955
RC76,R6,7C,2,0.693474,0.324239,0.401132,0.605003
RC76,R7,6C,2,0.718023,0.29488,0.405156,0.643955
RC76,RC,67,2,0.826477,0.270112,0.413205,0.74681
RC76,6,7CR,3,0.415387,0.438785,0.339589,0.458268
RC76,7,6CR,3,0.438785,0.415387,0.345288,0.497042
RC76,C,67R,3,0.561256,0.396002,0.356718,0.611904
RC76,R,67C,3,0.747763,0.389509,0.492182,0.611904
RC76,(none),67CR,4,0.497096,0.497096,0.383947,0.475745
RC77,RC77,(none),0,0.774789,0.046263,0.673684,0.75354
RC77,C77,R,1,0.421624,0.185904,0.712687,0.657035
RC77,R77,C,1,0.663374,0.18355,0.748493,0.657035
RC77,RC7,(none),1,0.808822,0.163773,0.262762,0.780073
RC77,77,CR,2,0.356429,0.314067,0.738461,0.510698
RC77,C7,R,2,0.502728,0.301073,0.284162,0.643955
RC77,R7,C,2,0.718023,0.29488,0.405156,0.643955
RC77,RC,7,2,0.826477,0.270112,0.413205,0.74681
RC77,7,CR,3,0.438785,0.415387,0.345288,0.497042
RC77,C,7R,3,0.561256,0.396002,0.356718,0.611904
RC77,R,7C,3,0.747763,0.389509,0.492182,0.611904
RC77,(none),7CR,4,0.497096,0.497096,0.383947,0.475745
RC7A,RC7A,(none),0,0.746778,0.452303,0.0,0.604016
RC7A,C7A,R,1,0.39929,0.597766,0.19718,0.412054
RC7A,R7A,C,1,0.624006,0.587962,0.28449,0.412054
RC7A,RC7,A,1,0.808822,0.163773,0.262762,0.780073
RC7A,RCA,7,1,0.766521,0.55299,0.290282,0.612055
RC7A,7A,CR,2,0.324239,0.693474,0.32072,0.272837
RC7A,C7,AR,2,0.502728,0.301073,0.284162,0.643955
RC7A,CA,7R,2,0.467038,0.670535,0.328852,0.411946
RC7A,R7,AC,2,0.718023,0.29488,0.405156,0.643955
RC7A,RA,7C,2,0.66145,0.66145,0.44765,0.411946
RC7A,RC,7A,2,0.826477,0.270112,0.413205,0.74681
RC7A,7,ACR,3,0.438785,0.415387,0.345288,0.497042
RC7A,A,7CR,3,0.389509,0.747763,0.400199,0.275043
RC7A,C,7AR,3,0.561256,0.396002,0.356718,0.611904
RC7A,R,7AC,3,0.747763,0.389509,0.492182,0.611904
RC7A,(none),7ACR,4,0.497096,0.497096,0.383947,0.475745
RCAA,RCAA,(none),0,0.680249,0.83624,0.434183,0.253857
RCAA,CAA,R,1,0.353233,0.89586,0.555775,0.152816
RCAA,RAA,C,1,0.544477,0.887348,0.615051,0.152816
RCAA,RCA,(none),1,0.766521,0.55299,0.290282,0.612055
RCAA,AA,CR,2,0.264751,0.926301,0.625354,0.091058
RCAA,CA,R,2,0.467038,0.670535,0.328852,0.411946
RCAA,RA,C,2,0.66145,0.66145,0.44765,0.411946
RCAA,RC,A,2,0.826477,0.270112,0.413205,0.74681
RCAA,A,CR,3,0.389509,0.747763,0.400199,0.275043
RCAA,C,AR,3,0.561256,0.396002,0.356718,0.611904
RCAA,R,AC,3,0.747763,0.389509,0.492182,0.611904
RCAA,(none),ACR,4,0.497096,0.497096,0.383947,0.475745
RCC4,RCC4,(none),0,0.816807,0.231393,0.745114,0.75354
RCC4,CC4,R,1,0.472202,0.364473,0.774539,0.66944
RCC4,RC4,(none),1,0.776325,0.358416,0.254075,0.66944
RCC4,RCC,4,1,0.849193,0.138373,0.803414,0.842662
RCC4,C4,R,2,0.473231,0.473231,0.27041,0.519145
RCC4,CC,4R,2,0.554287,0.2765,0.79467,0.74681
RCC4,R4,C,2,0.670535,0.467038,0.393083,0.519145
RCC4,RC,4,2,0.826477,0.270112,0.413205,0.74681
RCC4,4,CR,3,0.396002,0.561256,0.328217,0.378829
RCC4,C,4R,3,0.561256,0.396002,0.356718,0.611904
RCC4,R,4C,3,0.747763,0.389509,0.492182,0.611904
RCC4,(none),4CR,4,0.497096,0.497096,0.383947,0.475745
RCC5,RCC5,(none),0,0.818908,0.123624,0.745114,0.785928
RCC5,CC5,R,1,0.473834,0.263516,0.774571,0.723571
RCC5,RC5,(none),1,0.78365,0.25746,0.256971,0.723571
RCC5,RCC,5,1,0.849193,0.138373,0.803414,0.842662
RCC5,C5,R,2,0.478764,0.382667,0.274994,0.573535
RCC5,CC,5R,2,0.554287,0.2765,0.79467,0.74681
RCC5,R5,C,2,0.679058,0.376474,0.397107,0.573535
RCC5,RC,5,2,0.826477,0.270112,0.413205,0.74681
RCC5,5,CR,3,0.402835,0.482151,0.333899,0.425606
RCC5,C,5R,3,0.561256,0.396002,0.356718,0.611904
RCC5,R,5C,3,0.747763,0.389509,0.492182,0.611904
RCC5,(none),5CR,4,0.497096,0.497096,0.383947,0.475745
RCC6,RCC6,(none),0,0.821009,0.060368,0.745114,0.810439
RCC6,CC6,R,1,0.476047,0.203563,0.774603,0.748187
RCC6,RC6,(none),1,0.794078,0.197506,0.259866,0.748187
RCC6,RCC,6,1,0.849193,0.138373,0.803414,0.842662
RCC6,C6,R,2,0.487815,0.330433,0.279578,0.605003
RCC6,CC,6R,2,0.554287,0.2765,0.79467,0.74681
RCC6,R6,C,2,0.693474,0.324239,0.401132,0.605003
RCC6,RC,6,2,0.826477,0.270112,0.413205,0.74681
RCC6,6,CR,3,0.415387,0.438785,0.339589,0.458268
RCC6,C,6R,3,0.561256,0.396002,0.356718,0.611904
RCC6,R,6C,3,0.747763,0.389509,0.492182,0.611904
RCC6,(none),6CR,4,0.497096,0.497096,0.383947,0.475745
RCC7,RCC7,(none),0,0.82311,0.027268,0.745114,0.834949
RCC7,CC7,R,1,0.479069,0.16983,0.774635,0.780073
RCC7,RC7,(none),1,0.808822,0.163773,0.262762,0.780073
RCC7,RCC,7,1,0.849193,0.138373,0.803414,0.842662
RCC7,C7,R,2,0.502728,0.301073,0.284162,0.643955
RCC7,CC,7R,2,0.554287,0.2765,0.79467,0.74681
RCC7,R7,C,2,0.718023,0.29488,0.405156,0.643955
RCC7,RC,7,2,0.826477,0.270112,0.413205,0.74681
RCC7,7,CR,3,0.438785,0.415387,0.345288,0.497042
RCC7,C,7R,3,0.561256,0.396002,0.356718,0.611904
RCC7,R,7C,3,0.747763,0.389509,0.492182,0.611904
RCC7,(none),7CR,4,0.497096,0.497096,0.383947,0.475745
RCCA,RCCA,(none),0,0.812605,0.408185,0.745114,0.908261
RCCA,CCA,R,1,0.469848,0.562983,0.79933,0.612055
RCCA,RCA,(none),1,0.766521,0.55299,0.290282,0.612055
RCCA,RCC,A,1,0.849193,0.138373,0.803414,0.842662
RCCA,CA,R,2,0.467038,0.670535,0.328852,0.411946
RCCA,CC,AR,2,0.554287,0.2765,0.79467,0.74681
RCCA,RA,C,2,0.66145,0.66145,0.44765,0.411946
RCCA,RC,A,2,0.826477,0.270112,0.413205,0.74681
RCCA,A,CR,3,0.389509,0.747763,0.400199,0.275043
RCCA,C,AR,3,0.561256,0.396002,0.356718,0.611904
RCCA,R,AC,3,0.747763,0.389509,0.492182,0.611904
RCCA,(none),ACR,4,0.497096,0.497096,0.383947,0.475745
RCCC,RCCC,(none),0,0.827312,0.005055,0.940672,0.859459
RCCC,CCC,R,1,0.486723,0.140774,0.941724,0.842662
RCCC,RCC,(none),1,0.849193,0.138373,0.803414,0.842662
RCCC,CC,R,2,0.554287,0.2765,0.79467,0.74681
RCCC,RC,(none),2,0.826477,0.270112,0.413205,0.74681
RCCC,C,R,3,0.561256,0.396002,0.356718,0.611904
RCCC,R,C,3,0.747763,0.389509,0.492182,0.611904
RCCC,(none),CR,4,0.497096,0.497096,0.383947,0.475745
RCCS,RCCS,(none),0,0.825211,0.012769,0.745114,0.859459
RCCS,CCS,R,1,0.483128,0.152268,0.774667,0.842662
RCCS,RCC,S,1,0.849193,0.138373,0.803414,0.842662
RCCS,RCS,(none),1,0.829093,0.146211,0.265658,0.842662
RCCS,CC,RS,2,0.554287,0.2765,0.79467,0.74681
RCCS,CS,R,2,0.526968,0.284949,0.288746,0.74681
RCCS,RC,S,2,0.826477,0.270112,0.413205,0.74681
RCCS,RS,C,2,0.75919,0.278756,0.40918,0.74681
RCCS,C,RS,3,0.561256,0.396002,0.356718,0.611904
RCCS,R,CS,3,0.747763,0.389509,0.492182,0.611904
RCCS,S,CR,3,0.482151,0.402835,0.350997,0.611904
RCCS,(none),CRS,4,0.497096,0.497096,0.383947,0.475745
RCS4,RCS4,(none),0,0.788095,0.238571,0.0,0.75354
RCS4,CS4,R,1,0.436447,0.372094,0.163869,0.66944
RCS4,RC4,S,1,0.776325,0.358416,0.254075,0.66944
RCS4,RCS,4,1,0.829093,0.146211,0.265658,0.842662
RCS4,RS4,C,1,0.690503,0.366132,0.251179,0.66944
RCS4,C4,RS,2,0.473231,0.473231,0.27041,0.519145
RCS4,CS,4R,2,0.526968,0.284949,0.288746,0.74681
RCS4,R4,CS,2,0.670535,0.467038,0.393083,0.519145
RCS4,RC,4S,2,0.826477,0.270112,0.413205,0.74681
RCS4,RS,4C,2,0.75919,0.278756,0.40918,0.74681
RCS4,S4,CR,2,0.382667,0.478764,0.265787,0.519145
RCS4,4,CRS,3,0.396002,0.561256,0.328217,0.378829
RCS4,C,4RS,3,0.561256,0.396002,0.356718,0.611904
RCS4,R,4CS,3,0.747763,0.389509,0.492182,0.611904
RCS4,S,4CR,3,0.482151,0.402835,0.350997,0.611904
RCS4,(none),4CRS,4,0.497096,0.497096,0.383947,0.475745
RCS5,RCS5,(none),0,0.793697,0.130802,0.0,0.785928
RCS5,CS5,R,1,0.440639,0.271138,0.166765,0.723571
RCS5,RC5,S,1,0.78365,0.25746,0.256971,0.723571
RCS5,RCS,5,1,0.829093,0.146211,0.265658,0.842662
RCS5,RS5,C,1,0.697828,0.265176,0.254075,0.723571
RCS5,C5,RS,2,0.478764,0.382667,0.274994,0.573535
RCS5,CS,5R,2,0.526968,0.284949,0.288746,0.74681
RCS5,R5,CS,2,0.679058,0.376474,0.397107,0.573535
RCS5,RC,5S,2,0.826477,0.270112,0.413205,0.74681
RCS5,RS,5C,2,0.75919,0.278756,0.40918,0.74681
RCS5,S5,CR,2,0.3882,0.3882,0.270371,0.573535
RCS5,5,CRS,3,0.402835,0.482151,0.333899,0.425606
RCS5,C,5RS,3,0.561256,0.396002,0.356718,0.611904
RCS5,R,5CS,3,0.747763,0.389509,0.492182,0.611904
RCS5,S,5CR,3,0.482151,0.402835,0.350997,0.611904
RCS5,(none),5CRS,4,0.497096,0.497096,0.383947,0.475745
RCS6,RCS6,(none),0,0.7993,0.067546,0.0,0.810439
RCS6,CS6,R,1,0.446384,0.211184,0.169661,0.748187
RCS6,RC6,S,1,0.794078,0.197506,0.259866,0.748187
RCS6,RCS,6,1,0.829093,0.146211,0.265658,0.842662
RCS6,RS6,C,1,0.708257,0.205222,0.256971,0.748187
RCS6,C6,RS,2,0.487815,0.330433,0.279578,0.605003
RCS6,CS,6R,2,0.526968,0.284949,0.288746,0.74681
RCS6,R6,CS,2,0.693474,0.324239,0.401132,0.605003
RCS6,RC,6S,2,0.826477,0.270112,0.413205,0.74681
RCS6,RS,6C,2,0.75919,0.278756,0.40918,0.74681
RCS6,S6,CR,2,0.397252,0.335966,0.274955,0.605003
RCS6,6,CRS,3,0.415387,0.438785,0.339589,0.458268
RCS6,C,6RS,3,0.561256,0.396002,0.356718,0.611904
RCS6,R,6CS,3,0.747763,0.389509,0.492182,0.611904
RCS6,S,6CR,3,0.482151,0.402835,0.350997,0.611904
RCS6,(none),6CRS,4,0.497096,0.497096,0.383947,0.475745
RCS7,RCS7,(none),0,0.804902,0.034446,0.0,0.834949
RCS7,CS7,R,1,0.454286,0.177452,0.172557,0.780073
RCS7,RC7,S,1,0.808822,0.163773,0.262762,0.780073
RCS7,RCS,7,1,0.829093,0.146211,0.265658,0.842662
RCS7,RS7,C,1,0.723001,0.17149,0.259866,0.780073
RCS7,C7,RS,2,0.502728,0.301073,0.284162,0.643955
RCS7,CS,7R,2,0.526968,0.284949,0.288746,0.74681
RCS7,R7,CS,2,0.718023,0.29488,0.405156,0.643955
RCS7,RC,7S,2,0.826477,0.270112,0.413205,0.74681
RCS7,RS,7C,2,0.75919,0.278756,0.40918,0.74681
RCS7,S7,CR,2,0.412164,0.306607,0.279539,0.643955
RCS7,7,CRS,3,0.438785,0.415387,0.345288,0.497042
RCS7,C,7RS,3,0.561256,0.396002,0.356718,0.611904
RCS7,R,7CS,3,0.747763,0.389509,0.492182,0.611904
RCS7,S,7CR,3,0.482151,0.402835,0.350997,0.611904
RCS7,(none),7CRS,4,0.497096,0.497096,0.383947,0.475745
RCSA,RCSA,(none),0,0.77689,0.422541,0.0,0.908261
RCSA,CSA,R,1,0.430485,0.575709,0.200076,0.612055
RCSA,RCA,S,1,0.766521,0.55299,0.290282,0.612055
RCSA,RCS,A,1,0.829093,0.146211,0.265658,0.842662
RCSA,RSA,C,1,0.680699,0.565905,0.287386,0.612055
RCSA,CA,RS,2,0.467038,0.670535,0.328852,0.411946
RCSA,CS,AR,2,0.526968,0.284949,0.288746,0.74681
RCSA,RA,CS,2,0.66145,0.66145,0.44765,0.411946
RCSA,RC,AS,2,0.826477,0.270112,0.413205,0.74681
RCSA,RS,AC,2,0.75919,0.278756,0.40918,0.74681
RCSA,SA,CR,2,0.376474,0.679058,0.32478,0.411946
RCSA,A,CRS,3,0.389509,0.747763,0.400199,0.275043
RCSA,C,ARS,3,0.561256,0.396002,0.356718,0.611904
RCSA,R,ACS,3,0.747763,0.389509,0.492182,0.611904
RCSA,S,ACR,3,0.482151,0.402835,0.350997,0.611904
RCSA,(none),ACRS,4,0.497096,0.497096,0.383947,0.475745
RCSS,RCSS,(none),0,0.810504,0.016884,0.709399,0.859459
RCSS,CSS,R,1,0.462585,0.156145,0.743693,0.842662
RCSS,RCS,(none),1,0.829093,0.146211,0.265658,0.842662
RCSS,RSS,C,1,0.73854,0.153791,0.775953,0.842662
RCSS,CS,R,2,0.526968,0.284949,0.288746,0.74681
RCSS,RC,S,2,0.826477,0.270112,0.413205,0.74681
RCSS,RS,C,2,0.75919,0.278756,0.40918,0.74681
RCSS,SS,CR,2,0.429858,0.290039,0.766539,0.74681
RCSS,C,RS,3,0.561256,0.396002,0.356718,0.611904
RCSS,R,CS,3,0.747763,0.389509,0.492182,0.611904
RCSS,S,CR,3,0.482151,0.402835,0.350997,0.611904
RCSS,(none),CRS,4,0.497096,0.497096,0.383947,0.475745
RR44,RR44,(none),0,0.846044,0.367425,0.988204,0.604016
RR44,R44,(none),1,0.562983,0.469848,0.666111,0.413551
RR44,RR4,(none),1,0.89586,0.353233,0.82382,0.66944
RR44,44,R,2,0.2765,0.554287,0.654471,0.274964
RR44,R4,(none),2,0.670535,0.467038,0.393083,0.519145
RR44,RR,4,2,0.926301,0.264751,0.848348,0.74681
RR44,4,R,3,0.396002,0.561256,0.328217,0.378829
RR44,R,4,3,0.747763,0.389509,0.492182,0.611904
RR44,(none),4R,4,0.497096,0.497096,0.383947,0.475745
RR4A,RR4A,(none),0,0.83624,0.680249,0.780829,0.412091
RR4A,R4A,(none),1,0.55299,0.766521,0.275803,0.26238
RR4A,RR4,A,1,0.89586,0.353233,0.82382,0.66944
RR4A,RRA,4,1,0.887348,0.544477,0.844615,0.612055
RR4A,4A,R,2,0.270112,0.826477,0.308611,0.164597
RR4A,R4,A,2,0.670535,0.467038,0.393083,0.519145
RR4A,RA,4,2,0.66145,0.66145,0.44765,0.411946
RR4A,RR,4A,2,0.926301,0.264751,0.848348,0.74681
RR4A,4,AR,3,0.396002,0.561256,0.328217,0.378829
RR4A,A,4R,3,0.389509,0.747763,0.400199,0.275043
RR4A,R,4A,3,0.747763,0.389509,0.492182,0.611904
RR4A,(none),4AR,4,0.497096,0.497096,0.383947,0.475745
RR54,RR54,(none),0,0.857687,0.312627,0.780829,0.67003
RR54,R54,(none),1,0.575709,0.430485,0.242491,0.467149
RR54,RR4,5,1,0.89586,0.353233,0.82382,0.66944
RR54,RR5,4,1,0.902236,0.252276,0.823969,0.723571
RR54,54,R,2,0.284949,0.526968,0.251948,0.315654
RR54,R4,5,2,0.670535,0.467038,0.393083,0.519145
RR54,R5,4,2,0.679058,0.376474,0.397107,0.573535
RR54,RR,45,2,0.926301,0.264751,0.848348,0.74681
RR54,4,5R,3,0.396002,0.561256,0.328217,0.378829
RR54,5,4R,3,0.402835,0.482151,0.333899,0.425606
RR54,R,45,3,0.747763,0.389509,0.492182,0.611904
RR54,(none),45R,4,0.497096,0.497096,0.383947,0.475745
RR55,RR55,(none),0,0.862589,0.204858,0.990043,0.699442
RR55,R55,(none),1,0.582561,0.325566,0.693572,0.504345
RR55,RR5,(none),1,0.902236,0.252276,0.823969,0.723571
RR55,55,R,2,0.290039,0.429858,0.682434,0.350274
RR55,R5,(none),2,0.679058,0.376474,0.397107,0.573535
RR55,RR,5,2,0.926301,0.264751,0.848348,0.74681
RR55,5,R,3,0.402835,0.482151,0.333899,0.425606
RR55,R,5,3,0.747763,0.389509,0.492182,0.611904
RR55,(none),5R,4,0.497096,0.497096,0.383947,0.475745
RR5A,RR5A,(none),0,0.847883,0.570653,0.780829,0.48002
RR5A,R5A,(none),1,0.565905,0.680699,0.278699,0.314177
RR5A,RR5,A,1,0.902236,0.252276,0.823969,0.723571
RR5A,RRA,5,1,0.887348,0.544477,0.844615,0.612055
RR5A,5A,R,2,0.278756,0.75919,0.312635,0.201191
RR5A,R5,A,2,0.679058,0.376474,0.397107,0.573535
RR5A,RA,5,2,0.66145,0.66145,0.44765,0.411946
RR5A,RR,5A,2,0.926301,0.264751,0.848348,0.74681
RR5A,5,AR,3,0.402835,0.482151,0.333899,0.425606
RR5A,A,5R,3,0.389509,0.747763,0.400199,0.275043
RR5A,R,5A,3,0.747763,0.389509,0.492182,0.611904
RR5A,(none),5AR,4,0.497096,0.497096,0.383947,0.475745
RR64,RR64,(none),0,0.874231,0.273936,0.780829,0.699442
RR64,R64,(none),1,0.597766,0.39929,0.245387,0.50341
RR64,RR4,6,1,0.89586,0.353233,0.82382,0.66944
RR64,RR6,4,1,0.911328,0.192322,0.824118,0.748187
RR64,64,R,2,0.301073,0.502728,0.256556,0.348929
RR64,R4,6,2,0.670535,0.467038,0.393083,0.519145
RR64,R6,4,2,0.693474,0.324239,0.401132,0.605003
RR64,RR,46,2,0.926301,0.264751,0.848348,0.74681
RR64,4,6R,3,0.396002,0.561256,0.328217,0.378829
RR64,6,4R,3,0.415387,0.438785,0.339589,0.458268
RR64,R,46,3,0.747763,0.389509,0.492182,0.611904
RR64,(none),46R,4,0.497096,0.497096,0.383947,0.475745
RR65,RR65,(none),0,0.879133,0.166167,0.780829,0.908261
RR65,R65,(none),1,0.605091,0.298334,0.248283,0.615835
RR65,RR5,6,1,0.902236,0.252276,0.823969,0.723571
RR65,RR6,5,1,0.911328,0.192322,0.824118,0.748187
RR65,65,R,2,0.306607,0.412164,0.26114,0.416893
RR65,R5,6,2,0.679058,0.376474,0.397107,0.573535
RR65,R6,5,2,0.693474,0.324239,0.401132,0.605003
RR65,RR,56,2,0.926301,0.264751,0.848348,0.74681
RR65,5,6R,3,0.402835,0.482151,0.333899,0.425606
RR65,6,5R,3,0.415387,0.438785,0.339589,0.458268
RR65,R,56,3,0.747763,0.389509,0.492182,0.611904
RR65,(none),56R,4,0.497096,0.497096,0.383947,0.475745
RR66,RR66,(none),0,0.884035,0.102911,0.991881,0.879374
RR66,R66,(none),1,0.614005,0.23641,0.721032,0.645707
RR66,RR6,(none),1,0.911328,0.192322,0.824118,0.748187
RR66,66,R,2,0.314067,0.356429,0.710428,0.458276
RR66,R6,(none),2,0.693474,0.324239,0.401132,0.605003
RR66,RR,6,2,0.926301,0.264751,0.848348,0.74681
RR66,6,R,3,0.415387,0.438785,0.339589,0.458268
RR66,R,6,3,0.747763,0.389509,0.492182,0.611904
RR66,(none),6R,4,0.497096,0.497096,0.383947,0.475745
RR6A,RR6A,(none),0,0.864427,0.493271,0.780829,0.542215
RR6A,R6A,(none),1,0.587962,0.624006,0.281594,0.36224
RR6A,RR6,A,1,0.911328,0.192322,0.824118,0.748187
RR6A,RRA,6,1,0.887348,0.544477,0.844615,0.612055
RR6A,6A,R,2,0.29488,0.718023,0.316672,0.235907
RR6A,R6,A,2,0.693474,0.324239,0.401132,0.605003
RR6A,RA,6,2,0.66145,0.66145,0.44765,0.411946
RR6A,RR,6A,2,0.926301,0.264751,0.848348,0.74681
RR6A,6,AR,3,0.415387,0.438785,0.339589,0.458268
RR6A,A,6R,3,0.389509,0.747763,0.400199,0.275043
RR6A,R,6A,3,0.747763,0.389509,0.492182,0.611904
RR6A,(none),6AR,4,0.497096,0.497096,0.383947,0.475745
RR74,RR74,(none),0,0.895678,0.24855,0.780829,0.908261
RR74,R74,(none),1,0.63381,0.378949,0.248283,0.616001
RR74,RR4,7,1,0.89586,0.353233,0.82382,0.66944
RR74,RR7,4,1,0.924196,0.15859,0.824267,0.780073
RR74,74,R,2,0.330433,0.487815,0.261169,0.417005
RR74,R4,7,2,0.670535,0.467038,0.393083,0.519145
RR74,R7,4,2,0.718023,0.29488,0.405156,0.643955
RR74,RR,47,2,0.926301,0.264751,0.848348,0.74681
RR74,4,7R,3,0.396002,0.561256,0.328217,0.378829
RR74,7,4R,3,0.438785,0.415387,0.345288,0.497042
RR74,R,47,3,0.747763,0.389509,0.492182,0.611904
RR74,(none),47R,4,0.497096,0.497096,0.383947,0.475745
RR75,RR75,(none),0,0.90058,0.140781,0.780829,0.879374
RR75,R75,(none),1,0.641135,0.277993,0.251179,0.645593
RR75,RR5,7,1,0.902236,0.252276,0.823969,0.723571
RR75,RR7,5,1,0.924196,0.15859,0.824267,0.780073
RR75,75,R,2,0.335966,0.397252,0.265753,0.457881
RR75,R5,7,2,0.679058,0.376474,0.397107,0.573535
RR75,R7,5,2,0.718023,0.29488,0.405156,0.643955
RR75,RR,57,2,0.926301,0.264751,0.848348,0.74681
RR75,5,7R,3,0.402835,0.482151,0.333899,0.425606
RR75,7,5R,3,0.438785,0.415387,0.345288,0.497042
RR75,R,57,3,0.747763,0.389509,0.492182,0.611904
RR75,(none),57R,4,0.497096,0.497096,0.383947,0.475745
RR76,RR76,(none),0,0.905482,0.077525,0.780829,0.732531
RR76,R76,(none),1,0.651563,0.218039,0.254075,0.613824
RR76,RR6,7,1,0.911328,0.192322,0.824118,0.748187
RR76,RR7,6,1,0.924196,0.15859,0.824267,0.780073
RR76,76,R,2,0.345017,0.345017,0.270337,0.466753
RR76,R6,7,2,0.693474,0.324239,0.401132,0.605003
RR76,R7,6,2,0.718023,0.29488,0.405156,0.643955
RR76,RR,67,2,0.926301,0.264751,0.848348,0.74681
RR76,6,7R,3,0.415387,0.438785,0.339589,0.458268
RR76,7,6R,3,0.438785,0.415387,0.345288,0.497042
RR76,R,67,3,0.747763,0.389509,0.492182,0.611904
RR76,(none),67R,4,0.497096,0.497096,0.383947,0.475745
RR77,RR77,(none),0,0.910384,0.044425,0.993719,0.75354
RR77,R77,(none),1,0.663374,0.18355,0.748493,0.657035
RR77,RR7,(none),1,0.924196,0.15859,0.824267,0.780073
RR77,77,R,2,0.356429,0.314067,0.738461,0.510698
RR77,R7,(none),2,0.718023,0.29488,0.405156,0.643955
RR77,RR,7,2,0.926301,0.264751,0.848348,0.74681
RR77,7,R,3,0.438785,0.415387,0.345288,0.497042
RR77,R,7,3,0.747763,0.389509,0.492182,0.611904
RR77,(none),7R,4,0.497096,0.497096,0.383947,0.475745
RR7A,RR7A,(none),0,0.885874,0.442499,0.780829,0.604016
RR7A,R7A,(none),1,0.624006,0.587962,0.28449,0.412054
RR7A,RR7,A,1,0.924196,0.15859,0.824267,0.780073
RR7A,RRA,7,1,0.887348,0.544477,0.844615,0.612055
RR7A,7A,R,2,0.324239,0.693474,0.32072,0.272837
RR7A,R7,A,2,0.718023,0.29488,0.405156,0.643955
RR7A,RA,7,2,0.66145,0.66145,0.44765,0.411946
RR7A,RR,7A,2,0.926301,0.264751,0.848348,0.74681
RR7A,7,AR,3,0.438785,0.415387,0.345288,0.497042
RR7A,A,7R,3,0.389509,0.747763,0.400199,0.275043
RR7A,R,7A,3,0.747763,0.389509,0.492182,0.611904
RR7A,(none),7AR,4,0.497096,0.497096,0.383947,0.475745
RRAA,RRAA,(none),0,0.827662,0.827662,0.979626,0.253857
RRAA,RAA,(none),1,0.544477,0.887348,0.615051,0.152816
RRAA,RRA,(none),1,0.887348,0.544477,0.844615,0.612055
RRAA,AA,R,2,0.264751,0.926301,0.625354,0.091058
RRAA,RA,(none),2,0.66145,0.66145,0.44765,0.411946
RRAA,RR,A,2,0.926301,0.264751,0.848348,0.74681
RRAA,A,R,3,0.389509,0.747763,0.400199,0.275043
RRAA,R,A,3,0.747763,0.389509,0.492182,0.611904
RRAA,(none),AR,4,0.497096,0.497096,0.383947,0.475745
RRC4,RRC4,(none),0,0.953277,0.226491,0.780829,0.75354
RRC4,RC4,(none),1,0.776325,0.358416,0.254075,0.66944
RRC4,RR4,C,1,0.89586,0.353233,0.82382,0.66944
RRC4,RRC,4,1,0.965499,0.133106,0.824565,0.842662
RRC4,C4,R,2,0.473231,0.473231,0.27041,0.519145
RRC4,R4,C,2,0.670535,0.467038,0.393083,0.519145
RRC4,RC,4,2,0.826477,0.270112,0.413205,0.74681
RRC4,RR,4C,2,0.926301,0.264751,0.848348,0.74681
RRC4,4,CR,3,0.396002,0.561256,0.328217,0.378829
RRC4,C,4R,3,0.561256,0.396002,0.356718,0.611904
RRC4,R,4C,3,0.747763,0.389509,0.492182,0.611904
RRC4,(none),4CR,4,0.497096,0.497096,0.383947,0.475745
RRC5,RRC5,(none),0,0.958179,0.118722,0.780829,0.785928
RRC5,RC5,(none),1,0.78365,0.25746,0.256971,0.723571
RRC5,RR5,C,1,0.902236,0.252276,0.823969,0.723571
RRC5,RRC,5,1,0.965499,0.133106,0.824565,0.842662
RRC5,C5,R,2,0.478764,0.382667,0.274994,0.573535
RRC5,R5,C,2,0.679058,0.376474,0.397107,0.573535
RRC5,RC,5,2,0.826477,0.270112,0.413205,0.74681
RRC5,RR,5C,2,0.926301,0.264751,0.848348,0.74681
RRC5,5,CR,3,0.402835,0.482151,0.333899,0.425606
RRC5,C,5R,3,0.561256,0.396002,0.356718,0.611904
RRC5,R,5C,3,0.747763,0.389509,0.492182,0.611904
RRC5,(none),5CR,4,0.497096,0.497096,0.383947,0.475745
RRC6,RRC6,(none),0,0.963081,0.055466,0.780829,0.810439
RRC6,RC6,(none),1,0.794078,0.197506,0.259866,0.748187
RRC6,RR6,C,1,0.911328,0.192322,0.824118,0.748187
RRC6,RRC,6,1,0.965499,0.133106,0.824565,0.842662
RRC6,C6,R,2,0.487815,0.330433,0.279578,0.605003
RRC6,R6,C,2,0.693474,0.324239,0.401132,0.605003
RRC6,RC,6,2,0.826477,0.270112,0.413205,0.74681
RRC6,RR,6C,2,0.926301,0.264751,0.848348,0.74681
RRC6,6,CR,3,0.415387,0.438785,0.339589,0.458268
RRC6,C,6R,3,0.561256,0.396002,0.356718,0.611904
RRC6,R,6C,3,0.747763,0.389509,0.492182,0.611904
RRC6,(none),6CR,4,0.497096,0.497096,0.383947,0.475745
RRC7,RRC7,(none),0,0.967983,0.022366,0.780829,0.834949
RRC7,RC7,(none),1,0.808822,0.163773,0.262762,0.780073
RRC7,RR7,C,1,0.924196,0.15859,0.824267,0.780073
RRC7,RRC,7,1,0.965499,0.133106,0.824565,0.842662
RRC7,C7,R,2,0.502728,0.301073,0.284162,0.643955
RRC7,R7,C,2,0.718023,0.29488,0.405156,0.643955
RRC7,RC,7,2,0.826477,0.270112,0.413205,0.74681
RRC7,RR,7C,2,0.926301,0.264751,0.848348,0.74681
RRC7,7,CR,3,0.438785,0.415387,0.345288,0.497042
RRC7,C,7R,3,0.561256,0.396002,0.356718,0.611904
RRC7,R,7C,3,0.747763,0.389509,0.492182,0.611904
RRC7,(none),7CR,4,0.497096,0.497096,0.383947,0.475745
RRCA,RRCA,(none),0,0.943473,0.398381,0.780829,0.908261
RRCA,RCA,(none),1,0.766521,0.55299,0.290282,0.612055
RRCA,RRA,C,1,0.887348,0.544477,0.844615,0.612055
RRCA,RRC,A,1,0.965499,0.133106,0.824565,0.842662
RRCA,CA,R,2,0.467038,0.670535,0.328852,0.411946
RRCA,RA,C,2,0.66145,0.66145,0.44765,0.411946
RRCA,RC,A,2,0.826477,0.270112,0.413205,0.74681
RRCA,RR,AC,2,0.926301,0.264751,0.848348,0.74681
RRCA,A,CR,3,0.389509,0.747763,0.400199,0.275043
RRCA,C,AR,3,0.561256,0.396002,0.356718,0.611904
RRCA,R,AC,3,0.747763,0.389509,0.492182,0.611904
RRCA,(none),ACR,4,0.497096,0.497096,0.383947,0.475745
RRCC,RRCC,(none),0,0.977788,0.003217,0.997396,0.859459
RRCC,RCC,(none),1,0.849193,0.138373,0.803414,0.842662
RRCC,RRC,(none),1,0.965499,0.133106,0.824565,0.842662
RRCC,CC,R,2,0.554287,0.2765,0.79467,0.74681
RRCC,RC,(none),2,0.826477,0.270112,0.413205,0.74681
RRCC,RR,C,2,0.926301,0.264751,0.848348,0.74681
RRCC,C,R,3,0.561256,0.396002,0.356718,0.611904
RRCC,R,C,3,0.747763,0.389509,0.492182,0.611904
RRCC,(none),CR,4,0.497096,0.497096,0.383947,0.475745
RRCS,RRCS,(none),0,0.972885,0.007867,0.780829,0.859459
RRCS,RCS,(none),1,0.829093,0.146211,0.265658,0.842662
RRCS,RRC,S,1,0.965499,0.133106,0.824565,0.842662
RRCS,RRS,C,1,0.9419,0.141028,0.824416,0.842662
RRCS,CS,R,2,0.526968,0.284949,0.288746,0.74681
RRCS,RC,S,2,0.826477,0.270112,0.413205,0.74681
RRCS,RR,CS,2,0.926301,0.264751,0.848348,0.74681
RRCS,RS,C,2,0.75919,0.278756,0.40918,0.74681
RRCS,C,RS,3,0.561256,0.396002,0.356718,0.611904
RRCS,R,CS,3,0.747763,0.389509,0.492182,0.611904
RRCS,S,CR,3,0.482151,0.402835,0.350997,0.611904
RRCS,(none),CRS,4,0.497096,0.497096,0.383947,0.475745
RRR4,RRR4,(none),0,0.984528,0.22404,0.942248,0.75354
RRR4,RR4,(none),1,0.89586,0.353233,0.82382,0.66944
RRR4,RRR,4,1,0.98943,0.130419,0.949948,0.842662
RRR4,R4,(none),2,0.670535,0.467038,0.393083,0.519145
RRR4,RR,4,2,0.926301,0.264751,0.848348,0.74681
RRR4,4,R,3,0.396002,0.561256,0.328217,0.378829
RRR4,R,4,3,0.747763,0.389509,0.492182,0.611904
RRR4,(none),4R,4,0.497096,0.497096,0.383947,0.475745
RRR5,RRR5,(none),0,0.986979,0.116271,0.942248,0.785928
RRR5,RR5,(none),1,0.902236,0.252276,0.823969,0.723571
RRR5,RRR,5,1,0.98943,0.130419,0.949948,0.842662
RRR5,R5,(none),2,0.679058,0.376474,0.397107,0.573535
RRR5,RR,5,2,0.926301,0.264751,0.848348,0.74681
RRR5,5,R,3,0.402835,0.482151,0.333899,0.425606
RRR5,R,5,3,0.747763,0.389509,0.492182,0.611904
RRR5,(none),5R,4,0.497096,0.497096,0.383947,0.475745
RRR6,RRR6,(none),0,0.98943,0.053015,0.942248,0.810439
RRR6,RR6,(none),1,0.911328,0.192322,0.824118,0.748187
RRR6,RRR,6,1,0.98943,0.130419,0.949948,0.842662
RRR6,R6,(none),2,0.693474,0.324239,0.401132,0.605003
RRR6,RR,6,2,0.926301,0.264751,0.848348,0.74681
RRR6,6,R,3,0.415387,0.438785,0.339589,0.458268
RRR6,R,6,3,0.747763,0.389509,0.492182,0.611904
RRR6,(none),6R,4,0.497096,0.497096,0.383947,0.475745
RRR7,RRR7,(none),0,0.991881,0.019915,0.942248,0.834949
RRR7,RR7,(none),1,0.924196,0.15859,0.824267,0.780073
RRR7,RRR,7,1,0.98943,0.130419,0.949948,0.842662
RRR7,R7,(none),2,0.718023,0.29488,0.405156,0.643955
RRR7,RR,7,2,0.926301,0.264751,0.848348,0.74681
RRR7,7,R,3,0.438785,0.415387,0.345288,0.497042
RRR7,R,7,3,0.747763,0.389509,0.492182,0.611904
RRR7,(none),7R,4,0.497096,0.497096,0.383947,0.475745
RRRA,RRRA,(none),0,0.979626,0.393478,0.942248,0.908261
RRRA,RRA,(none),1,0.887348,0.544477,0.844615,0.612055
RRRA,RRR,A,1,0.98943,0.130419,0.949948,0.842662
RRRA,RA,(none),2,0.66145,0.66145,0.44765,0.411946
RRRA,RR,A,2,0.926301,0.264751,0.848348,0.74681
RRRA,A,R,3,0.389509,0.747763,0.400199,0.275043
RRRA,R,A,3,0.747763,0.389509,0.492182,0.611904
RRRA,(none),AR,4,0.497096,0.497096,0.383947,0.475745
RRRC,RRRC,(none),0,0.996783,0.000766,0.942248,0.859459
RRRC,RRC,(none),1,0.965499,0.133106,0.824565,0.842662
RRRC,RRR,C,1,0.98943,0.130419,0.949948,0.842662
RRRC,RC,(none),2,0.826477,0.270112,0.413205,0.74681
RRRC,RR,C,2,0.926301,0.264751,0.848348,0.74681
RRRC,C,R,3,0.561256,0.396002,0.356718,0.611904
RRRC,R,C,3,0.747763,0.389509,0.492182,0.611904
RRRC,(none),CR,4,0.497096,0.497096,0.383947,0.475745
RRRR,RRRR,(none),0,0.999234,0.0,0.999234,0.859459
RRRR,RRR,(none),1,0.98943,0.130419,0.949948,0.842662
RRRR,RR,(none),2,0.926301,0.264751,0.848348,0.74681
RRRR,R,(none),3,0.747763,0.389509,0.492182,0.611904
RRRR,(none),R,4,0.497096,0.497096,0.383947,0.475745
RRRS,RRRS,(none),0,0.994332,0.005416,0.942248,0.859459
RRRS,RRR,S,1,0.98943,0.130419,0.949948,0.842662
RRRS,RRS,(none),1,0.9419,0.141028,0.824416,0.842662
RRRS,RR,S,2,0.926301,0.264751,0.848348,0.74681
RRRS,RS,(none),2,0.75919,0.278756,0.40918,0.74681
RRRS,R,S,3,0.747763,0.389509,0.492182,0.611904
RRRS,S,R,3,0.482151,0.402835,0.350997,0.611904
RRRS,(none),RS,4,0.497096,0.497096,0.383947,0.475745
RRS4,RRS4,(none),0,0.922026,0.233669,0.780829,0.75354
RRS4,RR4,S,1,0.89586,0.353233,0.82382,0.66944
RRS4,RRS,4,1,0.9419,0.141028,0.824416,0.842662
RRS4,RS4,(none),1,0.690503,0.366132,0.251179,0.66944
RRS4,R4,S,2,0.670535,0.467038,0.393083,0.519145
RRS4,RR,4S,2,0.926301,0.264751,0.848348,0.74681
RRS4,RS,4,2,0.75919,0.278756,0.40918,0.74681
RRS4,S4,R,2,0.382667,0.478764,0.265787,0.519145
RRS4,4,RS,3,0.396002,0.561256,0.328217,0.378829
RRS4,R,4S,3,0.747763,0.389509,0.492182,0.611904
RRS4,S,4R,3,0.482151,0.402835,0.350997,0.611904
RRS4,(none),4RS,4,0.497096,0.497096,0.383947,0.475745
RRS5,RRS5,(none),0,0.926929,0.1259,0.780829,0.785928
RRS5,RR5,S,1,0.902236,0.252276,0.823969,0.723571
RRS5,RRS,5,1,0.9419,0.141028,0.824416,0.842662
RRS5,RS5,(none),1,0.697828,0.265176,0.254075,0.723571
RRS5,R5,S,2,0.679058,0.376474,0.397107,0.573535
RRS5,RR,5S,2,0.926301,0.264751,0.848348,0.74681
RRS5,RS,5,2,0.75919,0.278756,0.40918,0.74681
RRS5,S5,R,2,0.3882,0.3882,0.270371,0.573535
RRS5,5,RS,3,0.402835,0.482151,0.333899,0.425606
RRS5,R,5S,3,0.747763,0.389509,0.492182,0.611904
RRS5,S,5R,3,0.482151,0.402835,0.350997,0.611904
RRS5,(none),5RS,4,0.497096,0.497096,0.383947,0.475745
RRS6,RRS6,(none),0,0.931831,0.062644,0.780829,0.810439
RRS6,RR6,S,1,0.911328,0.192322,0.824118,0.748187
RRS6,RRS,6,1,0.9419,0.141028,0.824416,0.842662
RRS6,RS6,(none),1,0.708257,0.205222,0.256971,0.748187
RRS6,R6,S,2,0.693474,0.324239,0.401132,0.605003
RRS6,RR,6S,2,0.926301,0.264751,0.848348,0.74681
RRS6,RS,6,2,0.75919,0.278756,0.40918,0.74681
RRS6,S6,R,2,0.397252,0.335966,0.274955,0.605003
RRS6,6,RS,3,0.415387,0.438785,0.339589,0.458268
RRS6,R,6S,3,0.747763,0.389509,0.492182,0.611904
RRS6,S,6R,3,0.482151,0.402835,0.350997,0.611904
RRS6,(none),6RS,4,0.497096,0.497096,0.383947,0.475745
RRS7,RRS7,(none),0,0.936733,0.029544,0.780829,0.834949
RRS7,RR7,S,1,0.924196,0.15859,0.824267,0.780073
RRS7,RRS,7,1,0.9419,0.141028,0.824416,0.842662
RRS7,RS7,(none),1,0.723001,0.17149,0.259866,0.780073
RRS7,R7,S,2,0.718023,0.29488,0.405156,0.643955
RRS7,RR,7S,2,0.926301,0.264751,0.848348,0.74681
RRS7,RS,7,2,0.75919,0.278756,0.40918,0.74681
RRS7,S7,R,2,0.412164,0.306607,0.279539,0.643955
RRS7,7,RS,3,0.438785,0.415387,0.345288,0.497042
RRS7,R,7S,3,0.747763,0.389509,0.492182,0.611904
RRS7,S,7R,3,0.482151,0.402835,0.350997,0.611904
RRS7,(none),7RS,4,0.497096,0.497096,0.383947,0.475745
RRSA,RRSA,(none),0,0.912222,0.412737,0.780829,0.908261
RRSA,RRA,S,1,0.887348,0.544477,0.844615,0.612055
RRSA,RRS,A,1,0.9419,0.141028,0.824416,0.842662
RRSA,RSA,(none),1,0.680699,0.565905,0.287386,0.612055
RRSA,RA,S,2,0.66145,0.66145,0.44765,0.411946
RRSA,RR,AS,2,0.926301,0.264751,0.848348,0.74681
RRSA,RS,A,2,0.75919,0.278756,0.40918,0.74681
RRSA,SA,R,2,0.376474,0.679058,0.32478,0.411946
RRSA,A,RS,3,0.389509,0.747763,0.400199,0.275043
RRSA,R,AS,3,0.747763,0.389509,0.492182,0.611904
RRSA,S,AR,3,0.482151,0.402835,0.350997,0.611904
RRSA,(none),ARS,4,0.497096,0.497096,0.383947,0.475745
RRSS,RRSS,(none),0,0.941635,0.015045,0.995558,0.859459
RRSS,RRS,(none),1,0.9419,0.141028,0.824416,0.842662
RRSS,RSS,(none),1,0.73854,0.153791,0.775953,0.842662
RRSS,RR,S,2,0.926301,0.264751,0.848348,0.74681
RRSS,RS,(none),2,0.75919,0.278756,0.40918,0.74681
RRSS,SS,R,2,0.429858,0.290039,0.766539,0.74681
RRSS,R,S,3,0.747763,0.389509,0.492182,0.611904
RRSS,S,R,3,0.482151,0.402835,0.350997,0.611904
RRSS,(none),RS,4,0.497096,0.497096,0.383947,0.475745
RS44,RS44,(none),0,0.591662,0.371758,0.566539,0.604016
RS44,R44,S,1,0.562983,0.469848,0.666111,0.413551
RS44,RS4,(none),1,0.690503,0.366132,0.251179,0.66944
RS44,S44,R,1,0.263516,0.473834,0.619392,0.413551
RS44,44,RS,2,0.2765,0.554287,0.654471,0.274964
RS44,R4,S,2,0.670535,0.467038,0.393083,0.519145
RS44,RS,4,2,0.75919,0.278756,0.40918,0.74681
RS44,S4,R,2,0.382667,0.478764,0.265787,0.519145
RS44,4,RS,3,0.396002,0.561256,0.328217,0.378829
RS44,R,4S,3,0.747763,0.389509,0.492182,0.611904
RS44,S,4R,3,0.482151,0.402835,0.350997,0.611904
RS44,(none),4RS,4,0.497096,0.497096,0.383947,0.475745
RS4A,RS4A,(none),0,0.580457,0.703359,0.0,0.412091
RS4A,R4A,S,1,0.55299,0.766521,0.275803,0.26238
RS4A,RS4,A,1,0.690503,0.366132,0.251179,0.66944
RS4A,RSA,4,1,0.680699,0.565905,0.287386,0.612055
RS4A,S4A,R,1,0.25746,0.78365,0.185597,0.26238
RS4A,4A,RS,2,0.270112,0.826477,0.308611,0.164597
RS4A,R4,AS,2,0.670535,0.467038,0.393083,0.519145
RS4A,RA,4S,2,0.66145,0.66145,0.44765,0.411946
RS4A,RS,4A,2,0.75919,0.278756,0.40918,0.74681
RS4A,S4,AR,2,0.382667,0.478764,0.265787,0.519145
RS4A,SA,4R,2,0.376474,0.679058,0.32478,0.411946
RS4A,4,ARS,3,0.396002,0.561256,0.328217,0.378829
RS4A,A,4RS,3,0.389509,0.747763,0.400199,0.275043
RS4A,R,4AS,3,0.747763,0.389509,0.492182,0.611904
RS4A,S,4AR,3,0.482151,0.402835,0.350997,0.611904
RS4A,(none),4ARS,4,0.497096,0.497096,0.383947,0.475745
RS54,RS54,(none),0,0.604968,0.324182,0.0,0.67003
RS54,R54,S,1,0.575709,0.430485,0.242491,0.467149
RS54,RS4,5,1,0.690503,0.366132,0.251179,0.66944
RS54,RS5,4,1,0.697828,0.265176,0.254075,0.723571
RS54,S54,R,1,0.271138,0.440639,0.152286,0.467149
RS54,54,RS,2,0.284949,0.526968,0.251948,0.315654
RS54,R4,5S,2,0.670535,0.467038,0.393083,0.519145
RS54,R5,4S,2,0.679058,0.376474,0.397107,0.573535
RS54,RS,45,2,0.75919,0.278756,0.40918,0.74681
RS54,S4,5R,2,0.382667,0.478764,0.265787,0.519145
RS54,S5,4R,2,0.3882,0.3882,0.270371,0.573535
RS54,4,5RS,3,0.396002,0.561256,0.328217,0.378829
RS54,5,4RS,3,0.402835,0.482151,0.333899,0.425606
RS54,R,45S,3,0.747763,0.389509,0.492182,0.611904
RS54,S,45R,3,0.482151,0.402835,0.350997,0.611904
RS54,(none),45RS,4,0.497096,0.497096,0.383947,0.475745
RS55,RS55,(none),0,0.61057,0.209191,0.602254,0.699442
RS55,R55,S,1,0.582561,0.325566,0.693572,0.504345
RS55,RS5,(none),1,0.697828,0.265176,0.254075,0.723571
RS55,S55,R,1,0.275094,0.329551,0.650398,0.504345
RS55,55,RS,2,0.290039,0.429858,0.682434,0.350274
RS55,R5,S,2,0.679058,0.376474,0.397107,0.573535
RS55,RS,5,2,0.75919,0.278756,0.40918,0.74681
RS55,S5,R,2,0.3882,0.3882,0.270371,0.573535
RS55,5,RS,3,0.402835,0.482151,0.333899,0.425606
RS55,R,5S,3,0.747763,0.389509,0.492182,0.611904
RS55,S,5R,3,0.482151,0.402835,0.350997,0.611904
RS55,(none),5RS,4,0.497096,0.497096,0.383947,0.475745
RS5A,RS5A,(none),0,0.593763,0.593763,0.0,0.48002
RS5A,R5A,S,1,0.565905,0.680699,0.278699,0.314177
RS5A,RS5,A,1,0.697828,0.265176,0.254075,0.723571
RS5A,RSA,5,1,0.680699,0.565905,0.287386,0.612055
RS5A,S5A,R,1,0.265176,0.697828,0.188493,0.314177
RS5A,5A,RS,2,0.278756,0.75919,0.312635,0.201191
RS5A,R5,AS,2,0.679058,0.376474,0.397107,0.573535
RS5A,RA,5S,2,0.66145,0.66145,0.44765,0.411946
RS5A,RS,5A,2,0.75919,0.278756,0.40918,0.74681
RS5A,S5,AR,2,0.3882,0.3882,0.270371,0.573535
RS5A,SA,5R,2,0.376474,0.679058,0.32478,0.411946
RS5A,5,ARS,3,0.402835,0.482151,0.333899,0.425606
RS5A,A,5RS,3,0.389509,0.747763,0.400199,0.275043
RS5A,R,5AS,3,0.747763,0.389509,0.492182,0.611904
RS5A,S,5AR,3,0.482151,0.402835,0.350997,0.611904
RS5A,(none),5ARS,4,0.497096,0.497096,0.383947,0.475745
RS64,RS64,(none),0,0.623876,0.285491,0.0,0.699442
RS64,R64,S,1,0.597766,0.39929,0.245387,0.50341
RS64,RS4,6,1,0.690503,0.366132,0.251179,0.66944
RS64,RS6,4,1,0.708257,0.205222,0.256971,0.748187
RS64,S64,R,1,0.283955,0.409444,0.155182,0.50341
RS64,64,RS,2,0.301073,0.502728,0.256556,0.348929
RS64,R4,6S,2,0.670535,0.467038,0.393083,0.519145
RS64,R6,4S,2,0.693474,0.324239,0.401132,0.605003
RS64,RS,46,2,0.75919,0.278756,0.40918,0.74681
RS64,S4,6R,2,0.382667,0.478764,0.265787,0.519145
RS64,S6,4R,2,0.397252,0.335966,0.274955,0.605003
RS64,4,6RS,3,0.396002,0.561256,0.328217,0.378829
RS64,6,4RS,3,0.415387,0.438785,0.339589,0.458268
RS64,R,46S,3,0.747763,0.389509,0.492182,0.611904
RS64,S,46R,3,0.482151,0.402835,0.350997,0.611904
RS64,(none),46RS,4,0.497096,0.497096,0.383947,0.475745
RS65,RS65,(none),0,0.629478,0.177722,0.0,0.908261
RS65,R65,S,1,0.605091,0.298334,0.248283,0.615835
RS65,RS5,6,1,0.697828,0.265176,0.254075,0.723571
RS65,RS6,5,1,0.708257,0.205222,0.256971,0.748187
RS65,S65,R,1,0.288147,0.308488,0.158077,0.615835
RS65,65,RS,2,0.306607,0.412164,0.26114,0.416893
RS65,R5,6S,2,0.679058,0.376474,0.397107,0.573535
RS65,R6,5S,2,0.693474,0.324239,0.401132,0.605003
RS65,RS,56,2,0.75919,0.278756,0.40918,0.74681
RS65,S5,6R,2,0.3882,0.3882,0.270371,0.573535
RS65,S6,5R,2,0.397252,0.335966,0.274955,0.605003
RS65,5,6RS,3,0.402835,0.482151,0.333899,0.425606
RS65,6,5RS,3,0.415387,0.438785,0.339589,0.458268
RS65,R,56S,3,0.747763,0.389509,0.492182,0.611904
RS65,S,56R,3,0.482151,0.402835,0.350997,0.611904
RS65,(none),56RS,4,0.497096,0.497096,0.383947,0.475745
RS66,RS66,(none),0,0.63508,0.107244,0.637969,0.879374
RS66,R66,S,1,0.614005,0.23641,0.721032,0.645707
RS66,RS6,(none),1,0.708257,0.205222,0.256971,0.748187
RS66,S66,R,1,0.293135,0.240396,0.681403,0.645707
RS66,66,RS,2,0.314067,0.356429,0.710428,0.458276
RS66,R6,S,2,0.693474,0.324239,0.401132,0.605003
RS66,RS,6,2,0.75919,0.278756,0.40918,0.74681
RS66,S6,R,2,0.397252,0.335966,0.274955,0.605003
RS66,6,RS,3,0.415387,0.438785,0.339589,0.458268
RS66,R,6S,3,0.747763,0.389509,0.492182,0.611904
RS66,S,6R,3,0.482151,0.402835,0.350997,0.611904
RS66,(none),6RS,4,0.497096,0.497096,0.383947,0.475745
RS6A,RS6A,(none),0,0.612671,0.51638,0.0,0.542215
RS6A,R6A,S,1,0.587962,0.624006,0.281594,0.36224
RS6A,RS6,A,1,0.708257,0.205222,0.256971,0.748187
RS6A,RSA,6,1,0.680699,0.565905,0.287386,0.612055
RS6A,S6A,R,1,0.277993,0.641135,0.191389,0.36224
RS6A,6A,RS,2,0.29488,0.718023,0.316672,0.235907
RS6A,R6,AS,2,0.693474,0.324239,0.401132,0.605003
RS6A,RA,6S,2,0.66145,0.66145,0.44765,0.411946
RS6A,RS,6A,2,0.75919,0.278756,0.40918,0.74681
RS6A,S6,AR,2,0.397252,0.335966,0.274955,0.605003
RS6A,SA,6R,2,0.376474,0.679058,0.32478,0.411946
RS6A,6,ARS,3,0.415387,0.438785,0.339589,0.458268
RS6A,A,6RS,3,0.389509,0.747763,0.400199,0.275043
RS6A,R,6AS,3,0.747763,0.389509,0.492182,0.611904
RS6A,S,6AR,3,0.482151,0.402835,0.350997,0.611904
RS6A,(none),6ARS,4,0.497096,0.497096,0.383947,0.475745
RS74,RS74,(none),0,0.648386,0.260105,0.0,0.908261
RS74,R74,S,1,0.63381,0.378949,0.248283,0.616001
RS74,RS4,7,1,0.690503,0.366132,0.251179,0.66944
RS74,RS7,4,1,0.723001,0.17149,0.259866,0.780073
RS74,S74,R,1,0.304296,0.389104,0.158077,0.616001
RS74,74,RS,2,0.330433,0.487815,0.261169,0.417005
RS74,R4,7S,2,0.670535,0.467038,0.393083,0.519145
RS74,R7,4S,2,0.718023,0.29488,0.405156,0.643955
RS74,RS,47,2,0.75919,0.278756,0.40918,0.74681
RS74,S4,7R,2,0.382667,0.478764,0.265787,0.519145
RS74,S7,4R,2,0.412164,0.306607,0.279539,0.643955
RS74,4,7RS,3,0.396002,0.561256,0.328217,0.378829
RS74,7,4RS,3,0.438785,0.415387,0.345288,0.497042
RS74,R,47S,3,0.747763,0.389509,0.492182,0.611904
RS74,S,47R,3,0.482151,0.402835,0.350997,0.611904
RS74,(none),47RS,4,0.497096,0.497096,0.383947,0.475745
RS75,RS75,(none),0,0.653988,0.152336,0.0,0.879374
RS75,R75,S,1,0.641135,0.277993,0.251179,0.645593
RS75,RS5,7,1,0.697828,0.265176,0.254075,0.723571
RS75,RS7,5,1,0.723001,0.17149,0.259866,0.780073
RS75,S75,R,1,0.308488,0.288147,0.160973,0.645593
RS75,75,RS,2,0.335966,0.397252,0.265753,0.457881
RS75,R5,7S,2,0.679058,0.376474,0.397107,0.573535
RS75,R7,5S,2,0.718023,0.29488,0.405156,0.643955
RS75,RS,57,2,0.75919,0.278756,0.40918,0.74681
RS75,S5,7R,2,0.3882,0.3882,0.270371,0.573535
RS75,S7,5R,2,0.412164,0.306607,0.279539,0.643955
RS75,5,7RS,3,0.402835,0.482151,0.333899,0.425606
RS75,7,5RS,3,0.438785,0.415387,0.345288,0.497042
RS75,R,57S,3,0.747763,0.389509,0.492182,0.611904
RS75,S,57R,3,0.482151,0.402835,0.350997,0.611904
RS75,(none),57RS,4,0.497096,0.497096,0.383947,0.475745
RS76,RS76,(none),0,0.659591,0.08908,0.0,0.732531
RS76,R76,S,1,0.651563,0.218039,0.254075,0.613824
RS76,RS6,7,1,0.708257,0.205222,0.256971,0.748187
RS76,RS7,6,1,0.723001,0.17149,0.259866,0.780073
RS76,S76,R,1,0.314232,0.228194,0.163869,0.613824
RS76,76,RS,2,0.345017,0.345017,0.270337,0.466753
RS76,R6,7S,2,0.693474,0.324239,0.401132,0.605003
RS76,R7,6S,2,0.718023,0.29488,0.405156,0.643955
RS76,RS,67,2,0.75919,0.278756,0.40918,0.74681
RS76,S6,7R,2,0.397252,0.335966,0.274955,0.605003
RS76,S7,6R,2,0.412164,0.306607,0.279539,0.643955
RS76,6,7RS,3,0.415387,0.438785,0.339589,0.458268
RS76,7,6RS,3,0.438785,0.415387,0.345288,0.497042
RS76,R,67S,3,0.747763,0.389509,0.492182,0.611904
RS76,S,67R,3,0.482151,0.402835,0.350997,0.611904
RS76,(none),67RS,4,0.497096,0.497096,0.383947,0.475745
RS77,RS77,(none),0,0.665193,0.048758,0.673684,0.75354
RS77,R77,S,1,0.663374,0.18355,0.748493,0.657035
RS77,RS7,(none),1,0.723001,0.17149,0.259866,0.780073
RS77,S77,R,1,0.320667,0.187535,0.712409,0.657035
RS77,77,RS,2,0.356429,0.314067,0.738461,0.510698
RS77,R7,S,2,0.718023,0.29488,0.405156,0.643955
RS77,RS,7,2,0.75919,0.278756,0.40918,0.74681
RS77,S7,R,2,0.412164,0.306607,0.279539,0.643955
RS77,7,RS,3,0.438785,0.415387,0.345288,0.497042
RS77,R,7S,3,0.747763,0.389509,0.492182,0.611904
RS77,S,7R,3,0.482151,0.402835,0.350997,0.611904
RS77,(none),7RS,4,0.497096,0.497096,0.383947,0.475745
RS7A,RS7A,(none),0,0.637181,0.465609,0.0,0.604016
RS7A,R7A,S,1,0.624006,0.587962,0.28449,0.412054
RS7A,RS7,A,1,0.723001,0.17149,0.259866,0.780073
RS7A,RSA,7,1,0.680699,0.565905,0.287386,0.612055
RS7A,S7A,R,1,0.298334,0.605091,0.194285,0.412054
RS7A,7A,RS,2,0.324239,0.693474,0.32072,0.272837
RS7A,R7,AS,2,0.718023,0.29488,0.405156,0.643955
RS7A,RA,7S,2,0.66145,0.66145,0.44765,0.411946
RS7A,RS,7A,2,0.75919,0.278756,0.40918,0.74681
RS7A,S7,AR,2,0.412164,0.306607,0.279539,0.643955
RS7A,SA,7R,2,0.376474,0.679058,0.32478,0.411946
RS7A,7,ARS,3,0.438785,0.415387,0.345288,0.497042
RS7A,A,7RS,3,0.389509,0.747763,0.400199,0.275043
RS7A,R,7AS,3,0.747763,0.389509,0.492182,0.611904
RS7A,S,7AR,3,0.482151,0.402835,0.350997,0.611904
RS7A,(none),7ARS,4,0.497096,0.497096,0.383947,0.475745
RSAA,RSAA,(none),0,0.570653,0.847883,0.434183,0.253857
RSAA,RAA,S,1,0.544477,0.887348,0.615051,0.152816
RSAA,RSA,(none),1,0.680699,0.565905,0.287386,0.612055
RSAA,SAA,R,1,0.252276,0.902236,0.555497,0.152816
RSAA,AA,RS,2,0.264751,0.926301,0.625354,0.091058
RSAA,RA,S,2,0.66145,0.66145,0.44765,0.411946
RSAA,RS,A,2,0.75919,0.278756,0.40918,0.74681
RSAA,SA,R,2,0.376474,0.679058,0.32478,0.411946
RSAA,A,RS,3,0.389509,0.747763,0.400199,0.275043
RSAA,R,AS,3,0.747763,0.389509,0.492182,0.611904
RSAA,S,AR,3,0.482151,0.402835,0.350997,0.611904
RSAA,(none),ARS,4,0.497096,0.497096,0.383947,0.475745
RSS4,RSS4,(none),0,0.671496,0.245224,0.709399,0.75354
RSS4,RS4,(none),1,0.690503,0.366132,0.251179,0.66944
RSS4,RSS,4,1,0.73854,0.153791,0.775953,0.842662
RSS4,SS4,R,1,0.32792,0.37605,0.743287,0.66944
RSS4,R4,S,2,0.670535,0.467038,0.393083,0.519145
RSS4,RS,4,2,0.75919,0.278756,0.40918,0.74681
RSS4,S4,R,2,0.382667,0.478764,0.265787,0.519145
RSS4,SS,4R,2,0.429858,0.290039,0.766539,0.74681
RSS4,4,RS,3,0.396002,0.561256,0.328217,0.378829
RSS4,R,4S,3,0.747763,0.389509,0.492182,0.611904
RSS4,S,4R,3,0.482151,0.402835,0.350997,0.611904
RSS4,(none),4RS,4,0.497096,0.497096,0.383947,0.475745
RSS5,RSS5,(none),0,0.673597,0.137455,0.709399,0.785928
RSS5,RS5,(none),1,0.697828,0.265176,0.254075,0.723571
RSS5,RSS,5,1,0.73854,0.153791,0.775953,0.842662
RSS5,SS5,R,1,0.329551,0.275094,0.743319,0.723571
RSS5,R5,S,2,0.679058,0.376474,0.397107,0.573535
RSS5,RS,5,2,0.75919,0.278756,0.40918,0.74681
RSS5,S5,R,2,0.3882,0.3882,0.270371,0.573535
RSS5,SS,5R,2,0.429858,0.290039,0.766539,0.74681
RSS5,5,RS,3,0.402835,0.482151,0.333899,0.425606
RSS5,R,5S,3,0.747763,0.389509,0.492182,0.611904
RSS5,S,5R,3,0.482151,0.402835,0.350997,0.611904
RSS5,(none),5RS,4,0.497096,0.497096,0.383947,0.475745
RSS6,RSS6,(none),0,0.675698,0.074198,0.709399,0.810439
RSS6,RS6,(none),1,0.708257,0.205222,0.256971,0.748187
RSS6,RSS,6,1,0.73854,0.153791,0.775953,0.842662
RSS6,SS6,R,1,0.331764,0.21514,0.743351,0.748187
RSS6,R6,S,2,0.693474,0.324239,0.401132,0.605003
RSS6,RS,6,2,0.75919,0.278756,0.40918,0.74681
RSS6,S6,R,2,0.397252,0.335966,0.274955,0.605003
RSS6,SS,6R,2,0.429858,0.290039,0.766539,0.74681
RSS6,6,RS,3,0.415387,0.438785,0.339589,0.458268
RSS6,R,6S,3,0.747763,0.389509,0.492182,0.611904
RSS6,S,6R,3,0.482151,0.402835,0.350997,0.611904
RSS6,(none),6RS,4,0.497096,0.497096,0.383947,0.475745
RSS7,RSS7,(none),0,0.677798,0.041099,0.709399,0.834949
RSS7,RS7,(none),1,0.723001,0.17149,0.259866,0.780073
RSS7,RSS,7,1,0.73854,0.153791,0.775953,0.842662
RSS7,SS7,R,1,0.334787,0.181407,0.743383,0.780073
RSS7,R7,S,2,0.718023,0.29488,0.405156,0.643955
RSS7,RS,7,2,0.75919,0.278756,0.40918,0.74681
RSS7,S7,R,2,0.412164,0.306607,0.279539,0.643955
RSS7,SS,7R,2,0.429858,0.290039,0.766539,0.74681
RSS7,7,RS,3,0.438785,0.415387,0.345288,0.497042
RSS7,R,7S,3,0.747763,0.389509,0.492182,0.611904
RSS7,S,7R,3,0.482151,0.402835,0.350997,0.611904
RSS7,(none),7RS,4,0.497096,0.497096,0.383947,0.475745
RSSA,RSSA,(none),0,0.667294,0.435846,0.709399,0.908261
RSSA,RSA,(none),1,0.680699,0.565905,0.287386,0.612055
RSSA,RSS,A,1,0.73854,0.153791,0.775953,0.842662
RSSA,SSA,R,1,0.325566,0.582561,0.771569,0.612055
RSSA,RA,S,2,0.66145,0.66145,0.44765,0.411946
RSSA,RS,A,2,0.75919,0.278756,0.40918,0.74681
RSSA,SA,R,2,0.376474,0.679058,0.32478,0.411946
RSSA,SS,AR,2,0.429858,0.290039,0.766539,0.74681
RSSA,A,RS,3,0.389509,0.747763,0.400199,0.275043
RSSA,R,AS,3,0.747763,0.389509,0.492182,0.611904
RSSA,S,AR,3,0.482151,0.402835,0.350997,0.611904
RSSA,(none),ARS,4,0.497096,0.497096,0.383947,0.475745
RSSS,RSSS,(none),0,0.679899,0.019378,0.939096,0.859459
RSSS,RSS,(none),1,0.73854,0.153791,0.775953,0.842662
RSSS,SSS,R,1,0.337662,0.157658,0.940088,0.842662
RSSS,RS,(none),2,0.75919,0.278756,0.40918,0.74681
RSSS,SS,R,2,0.429858,0.290039,0.766539,0.74681
RSSS,R,S,3,0.747763,0.389509,0.492182,0.611904
RSSS,S,R,3,0.482151,0.402835,0.350997,0.611904
RSSS,(none),RS,4,0.497096,0.497096,0.383947,0.475745
S444,S444,(none),0,0.125725,0.392767,0.932794,0.253857
S444,444,S,1,0.140774,0.486723,0.933649,0.155954
S444,S44,(none),1,0.263516,0.473834,0.619392,0.413551
S444,44,S,2,0.2765,0.554287,0.654471,0.274964
S444,S4,(none),2,0.382667,0.478764,0.265787,0.519145
S444,4,S,3,0.396002,0.561256,0.328217,0.378829
S444,S,4,3,0.482151,0.402835,0.350997,0.611904
S444,(none),4S,4,0.497096,0.497096,0.383947,0.475745
S44A,S44A,(none),0,0.123624,0.818908,0.566539,0.151034
S44A,44A,S,1,0.138373,0.849193,0.661271,0.085317
S44A,S44,A,1,0.263516,0.473834,0.619392,0.413551
S44A,S4A,(none),1,0.25746,0.78365,0.185597,0.26238
S44A,44,AS,2,0.2765,0.554287,0.654471,0.274964
S44A,4A,S,2,0.270112,0.826477,0.308611,0.164597
S44A,S4,A,2,0.382667,0.478764,0.265787,0.519145
S44A,SA,4,2,0.376474,0.679058,0.32478,0.411946
S44A,4,AS,3,0.396002,0.561256,0.328217,0.378829
S44A,A,4S,3,0.389509,0.747763,0.400199,0.275043
S44A,S,4A,3,0.482151,0.402835,0.350997,0.611904
S44A,(none),4AS,4,0.497096,0.497096,0.383947,0.475745
S4AA,S4AA,(none),0,0.118722,0.958179,0.434183,0.061954
S4AA,4AA,S,1,0.133106,0.965499,0.554706,0.033386
S4AA,S4A,(none),1,0.25746,0.78365,0.185597,0.26238
S4AA,SAA,4,1,0.252276,0.902236,0.555497,0.152816
S4AA,4A,S,2,0.270112,0.826477,0.308611,0.164597
S4AA,AA,4S,2,0.264751,0.926301,0.625354,0.091058
S4AA,S4,A,2,0.382667,0.478764,0.265787,0.519145
S4AA,SA,4,2,0.376474,0.679058,0.32478,0.411946
S4AA,4,AS,3,0.396002,0.561256,0.328217,0.378829
S4AA,A,4S,3,0.389509,0.747763,0.400199,0.275043
S4AA,S,4A,3,0.482151,0.402835,0.350997,0.611904
S4AA,(none),4AS,4,0.497096,0.497096,0.383947,0.475745
S544,S544,(none),0,0.136404,0.388697,0.566539,0.340431
S544,544,S,1,0.152268,0.483128,0.61875,0.208194
S544,S44,5,1,0.263516,0.473834,0.619392,0.413551
S544,S54,(none),1,0.271138,0.440639,0.152286,0.467149
S544,44,5S,2,0.2765,0.554287,0.654471,0.274964
S544,54,S,2,0.284949,0.526968,0.251948,0.315654
S544,S4,5,2,0.382667,0.478764,0.265787,0.519145
S544,S5,4,2,0.3882,0.3882,0.270371,0.573535
S544,4,5S,3,0.396002,0.561256,0.328217,0.378829
S544,5,4S,3,0.402835,0.482151,0.333899,0.425606
S544,S,45,3,0.482151,0.402835,0.350997,0.611904
S544,(none),45S,4,0.497096,0.497096,0.383947,0.475745
S54A,S54A,(none),0,0.130802,0.793697,0.0,0.1885
S54A,54A,S,1,0.146211,0.829093,0.17691,0.1083
S54A,S4A,5,1,0.25746,0.78365,0.185597,0.26238
S54A,S54,A,1,0.271138,0.440639,0.152286,0.467149
S54A,S5A,4,1,0.265176,0.697828,0.188493,0.314177
S54A,4A,5S,2,0.270112,0.826477,0.308611,0.164597
S54A,54,AS,2,0.284949,0.526968,0.251948,0.315654
S54A,5A,4S,2,0.278756,0.75919,0.312635,0.201191
S54A,S4,5A,2,0.382667,0.478764,0.265787,0.519145
S54A,S5,4A,2,0.3882,0.3882,0.270371,0.573535
S54A,SA,45,2,0.376474,0.679058,0.32478,0.411946
S54A,4,5AS,3,0.396002,0.561256,0.328217,0.378829
S54A,5,4AS,3,0.402835,0.482151,0.333899,0.425606
S54A,A,45S,3,0.389509,0.747763,0.400199,0.275043
S54A,S,45A,3,0.482151,0.402835,0.350997,0.611904
S54A,(none),45AS,4,0.497096,0.497096,0.383947,0.475745
S554,S554,(none),0,0.139556,0.364099,0.602254,0.378772
S554,554,S,1,0.156145,0.462585,0.649724,0.237104
S554,S54,(none),1,0.271138,0.440639,0.152286,0.467149
S554,S55,4,1,0.275094,0.329551,0.650398,0.504345
S554,54,S,2,0.284949,0.526968,0.251948,0.315654
S554,55,4S,2,0.290039,0.429858,0.682434,0.350274
S554,S4,5,2,0.382667,0.478764,0.265787,0.519145
S554,S5,4,2,0.3882,0.3882,0.270371,0.573535
S554,4,5S,3,0.396002,0.561256,0.328217,0.378829
S554,5,4S,3,0.402835,0.482151,0.333899,0.425606
S554,S,45,3,0.482151,0.402835,0.350997,0.611904
S554,(none),45S,4,0.497096,0.497096,0.383947,0.475745
S555,S555,(none),0,0.140606,0.223504,0.934369,0.412091
S555,555,S,1,0.157658,0.337662,0.935243,0.26399
S555,S55,(none),1,0.275094,0.329551,0.650398,0.504345
S555,55,S,2,0.290039,0.429858,0.682434,0.350274
S555,S5,(none),2,0.3882,0.3882,0.270371,0.573535
S555,5,S,3,0.402835,0.482151,0.333899,0.425606
S555,S,5,3,0.482151,0.402835,0.350997,0.611904
S555,(none),5S,4,0.497096,0.497096,0.383947,0.475745
S55A,S55A,(none),0,0.137455,0.673597,0.602254,0.217617
S55A,55A,S,1,0.153791,0.73854,0.688734,0.129417
S55A,S55,A,1,0.275094,0.329551,0.650398,0.504345
S55A,S5A,(none),1,0.265176,0.697828,0.188493,0.314177
S55A,55,AS,2,0.290039,0.429858,0.682434,0.350274
S55A,5A,S,2,0.278756,0.75919,0.312635,0.201191
S55A,S5,A,2,0.3882,0.3882,0.270371,0.573535
S55A,SA,5,2,0.376474,0.679058,0.32478,0.411946
S55A,5,AS,3,0.402835,0.482151,0.333899,0.425606
S55A,A,5S,3,0.389509,0.747763,0.400199,0.275043
S55A,S,5A,3,0.482151,0.402835,0.350997,0.611904
S55A,(none),5AS,4,0.497096,0.497096,0.383947,0.475745
S5AA,S5AA,(none),0,0.1259,0.926929,0.434183,0.091465
S5AA,5AA,S,1,0.141028,0.9419,0.554855,0.050177
S5AA,S5A,(none),1,0.265176,0.697828,0.188493,0.314177
S5AA,SAA,5,1,0.252276,0.902236,0.555497,0.152816
S5AA,5A,S,2,0.278756,0.75919,0.312635,0.201191
S5AA,AA,5S,2,0.264751,0.926301,0.625354,0.091058
S5AA,S5,A,2,0.3882,0.3882,0.270371,0.573535
S5AA,SA,5,2,0.376474,0.679058,0.32478,0.411946
S5AA,5,AS,3,0.402835,0.482151,0.333899,0.425606
S5AA,A,5S,3,0.389509,0.747763,0.400199,0.275043
S5AA,S,5A,3,0.482151,0.402835,0.350997,0.611904
S5AA,(none),5AS,4,0.497096,0.497096,0.383947,0.475745
S644,S644,(none),0,0.151286,0.383051,0.566539,0.378772
S644,644,S,1,0.16983,0.479069,0.618932,0.236902
S644,S44,6,1,0.263516,0.473834,0.619392,0.413551
S644,S64,(none),1,0.283955,0.409444,0.155182,0.50341
S644,44,6S,2,0.2765,0.554287,0.654471,0.274964
S644,64,S,2,0.301073,0.502728,0.256556,0.348929
S644,S4,6,2,0.382667,0.478764,0.265787,0.519145
S644,S6,4,2,0.397252,0.335966,0.274955,0.605003
S644,4,6S,3,0.396002,0.561256,0.328217,0.378829
S644,6,4S,3,0.415387,0.438785,0.339589,0.458268
S644,S,46,3,0.482151,0.402835,0.350997,0.611904
S644,(none),46S,4,0.497096,0.497096,0.383947,0.475745
S64A,S64A,(none),0,0.145683,0.763585,0.0,0.217617
S64A,64A,S,1,0.163773,0.808822,0.179806,0.128865
S64A,S4A,6,1,0.25746,0.78365,0.185597,0.26238
S64A,S64,A,1,0.283955,0.409444,0.155182,0.50341
S64A,S6A,4,1,0.277993,0.641135,0.191389,0.36224
S64A,4A,6S,2,0.270112,0.826477,0.308611,0.164597
S64A,64,AS,2,0.301073,0.502728,0.256556,0.348929
S64A,6A,4S,2,0.29488,0.718023,0.316672,0.235907
S64A,S4,6A,2,0.382667,0.478764,0.265787,0.519145
S64A,S6,4A,2,0.397252,0.335966,0.274955,0.605003
S64A,SA,46,2,0.376474,0.679058,0.32478,0.411946
S64A,4,6AS,3,0.396002,0.561256,0.328217,0.378829
S64A,6,4AS,3,0.415387,0.438785,0.339589,0.458268
S64A,A,46S,3,0.389509,0.747763,0.400199,0.275043
S64A,S,46A,3,0.482151,0.402835,0.350997,0.611904
S64A,(none),46AS,4,0.497096,0.497096,0.383947,0.475745
S654,S654,(none),0,0.157939,0.354295,0.0,0.412091
S654,654,S,1,0.177452,0.454286,0.146494,0.264215
S654,S54,6,1,0.271138,0.440639,0.152286,0.467149
S654,S64,5,1,0.283955,0.409444,0.155182,0.50341
S654,S65,4,1,0.288147,0.308488,0.158077,0.615835
S654,54,6S,2,0.284949,0.526968,0.251948,0.315654
S654,64,5S,2,0.301073,0.502728,0.256556,0.348929
S654,65,4S,2,0.306607,0.412164,0.26114,0.416893
S654,S4,56,2,0.382667,0.478764,0.265787,0.519145
S654,S5,46,2,0.3882,0.3882,0.270371,0.573535
S654,S6,45,2,0.397252,0.335966,0.274955,0.605003
S654,4,56S,3,0.396002,0.561256,0.328217,0.378829
S654,5,46S,3,0.402835,0.482151,0.333899,0.425606
S654,6,45S,3,0.415387,0.438785,0.339589,0.458268
S654,S,456,3,0.482151,0.402835,0.350997,0.611904
S654,(none),456S,4,0.497096,0.497096,0.383947,0.475745
S655,S655,(none),0,0.16074,0.220484,0.602254,0.48002
S655,655,S,1,0.181407,0.334787,0.649938,0.31688
S655,S55,6,1,0.275094,0.329551,0.650398,0.504345
S655,S65,(none),1,0.288147,0.308488,0.158077,0.615835
S655,55,6S,2,0.290039,0.429858,0.682434,0.350274
S655,65,S,2,0.306607,0.412164,0.26114,0.416893
S655,S5,6,2,0.3882,0.3882,0.270371,0.573535
S655,S6,5,2,0.397252,0.335966,0.274955,0.605003
S655,5,6S,3,0.402835,0.482151,0.333899,0.425606
S655,6,5S,3,0.415387,0.438785,0.339589,0.458268
S655,S,56,3,0.482151,0.402835,0.350997,0.611904
S655,(none),56S,4,0.497096,0.497096,0.383947,0.475745
S65A,S65A,(none),0,0.152336,0.653988,0.0,0.253857
S65A,65A,S,1,0.17149,0.723001,0.182701,0.154583
S65A,S5A,6,1,0.265176,0.697828,0.188493,0.314177
S65A,S65,A,1,0.288147,0.308488,0.158077,0.615835
S65A,S6A,5,1,0.277993,0.641135,0.191389,0.36224
S65A,5A,6S,2,0.278756,0.75919,0.312635,0.201191
S65A,65,AS,2,0.306607,0.412164,0.26114,0.416893
S65A,6A,5S,2,0.29488,0.718023,0.316672,0.235907
S65A,S5,6A,2,0.3882,0.3882,0.270371,0.573535
S65A,S6,5A,2,0.397252,0.335966,0.274955,0.605003
S65A,SA,56,2,0.376474,0.679058,0.32478,0.411946
S65A,5,6AS,3,0.402835,0.482151,0.333899,0.425606
S65A,6,5AS,3,0.415387,0.438785,0.339589,0.458268
S65A,A,56S,3,0.389509,0.747763,0.400199,0.275043
S65A,S,56A,3,0.482151,0.402835,0.350997,0.611904
S65A,(none),56AS,4,0.497096,0.497096,0.383947,0.475745
S664,S664,(none),0,0.163891,0.310351,0.637969,0.48002
S664,664,S,1,0.185904,0.421624,0.68088,0.316688
S664,S64,(none),1,0.283955,0.409444,0.155182,0.50341
S664,S66,4,1,0.293135,0.240396,0.681403,0.645707
S664,64,S,2,0.301073,0.502728,0.256556,0.348929
S664,66,4S,2,0.314067,0.356429,0.710428,0.458276
S664,S4,6,2,0.382667,0.478764,0.265787,0.519145
S664,S6,4,2,0.397252,0.335966,0.274955,0.605003
S664,4,6S,3,0.396002,0.561256,0.328217,0.378829
S664,6,4S,3,0.415387,0.438785,0.339589,0.458268
S664,S,46,3,0.482151,0.402835,0.350997,0.611904
S664,(none),46S,4,0.497096,0.497096,0.383947,0.475745
S665,S665,(none),0,0.164941,0.202582,0.637969,0.542215
S665,665,S,1,0.187535,0.320667,0.680912,0.364104
S665,S65,(none),1,0.288147,0.308488,0.158077,0.615835
S665,S66,5,1,0.293135,0.240396,0.681403,0.645707
S665,65,S,2,0.306607,0.412164,0.26114,0.416893
S665,66,5S,2,0.314067,0.356429,0.710428,0.458276
S665,S5,6,2,0.3882,0.3882,0.270371,0.573535
S665,S6,5,2,0.397252,0.335966,0.274955,0.605003
S665,5,6S,3,0.402835,0.482151,0.333899,0.425606
S665,6,5S,3,0.415387,0.438785,0.339589,0.458268
S665,S,56,3,0.482151,0.402835,0.350997,0.611904
S665,(none),56S,4,0.497096,0.497096,0.383947,0.475745
S666,S666,(none),0,0.165992,0.11591,0.935945,0.604016
S666,666,S,1,0.18937,0.244898,0.936847,0.412887
S666,S66,(none),1,0.293135,0.240396,0.681403,0.645707
S666,66,S,2,0.314067,0.356429,0.710428,0.458276
S666,S6,(none),2,0.397252,0.335966,0.274955,0.605003
S666,6,S,3,0.415387,0.438785,0.339589,0.458268
S666,S,6,3,0.482151,0.402835,0.350997,0.611904
S666,(none),6S,4,0.497096,0.497096,0.383947,0.475745
S66A,S66A,(none),0,0.16179,0.566101,0.637969,0.340431
S66A,66A,S,1,0.18355,0.663374,0.716271,0.207057
S66A,S66,A,1,0.293135,0.240396,0.681403,0.645707
S66A,S6A,(none),1,0.277993,0.641135,0.191389,0.36224
S66A,66,AS,2,0.314067,0.356429,0.710428,0.458276
S66A,6A,S,2,0.29488,0.718023,0.316672,0.235907
S66A,S6,A,2,0.397252,0.335966,0.274955,0.605003
S66A,SA,6,2,0.376474,0.679058,0.32478,0.411946
S66A,6,AS,3,0.415387,0.438785,0.339589,0.458268
S66A,A,6S,3,0.389509,0.747763,0.400199,0.275043
S66A,S,6A,3,0.482151,0.402835,0.350997,0.611904
S66A,(none),6AS,4,0.497096,0.497096,0.383947,0.475745
S6AA,S6AA,(none),0,0.140781,0.90058,0.434183,0.121053
S6AA,6AA,S,1,0.15859,0.924196,0.555037,0.06702
S6AA,S6A,(none),1,0.277993,0.641135,0.191389,0.36224
S6AA,SAA,6,1,0.252276,0.902236,0.555497,0.152816
S6AA,6A,S,2,0.29488,0.718023,0.316672,0.235907
S6AA,AA,6S,2,0.264751,0.926301,0.625354,0.091058
S6AA,S6,A,2,0.397252,0.335966,0.274955,0.605003
S6AA,SA,6,2,0.376474,0.679058,0.32478,0.411946
S6AA,6,AS,3,0.415387,0.438785,0.339589,0.458268
S6AA,A,6S,3,0.389509,0.747763,0.400199,0.275043
S6AA,S,6A,3,0.482151,0.402835,0.350997,0.611904
S6AA,(none),6AS,4,0.497096,0.497096,0.383947,0.475745
S744,S744,(none),0,0.176671,0.378455,0.566539,0.412091
S744,744,S,1,0.203563,0.476047,0.619146,0.264249
S744,S44,7,1,0.263516,0.473834,0.619392,0.413551
S744,S74,(none),1,0.304296,0.389104,0.158077,0.616001
S744,44,7S,2,0.2765,0.554287,0.654471,0.274964
S744,74,S,2,0.330433,0.487815,0.261169,0.417005
S744,S4,7,2,0.382667,0.478764,0.265787,0.519145
S744,S7,4,2,0.412164,0.306607,0.279539,0.643955
S744,4,7S,3,0.396002,0.561256,0.328217,0.378829
S744,7,4S,3,0.438785,0.415387,0.345288,0.497042
S744,S,47,3,0.482151,0.402835,0.350997,0.611904
S744,(none),47S,4,0.497096,0.497096,0.383947,0.475745
S74A,S74A,(none),0,0.171069,0.739074,0.0,0.253857
S74A,74A,S,1,0.197506,0.794078,0.182701,0.15457
S74A,S4A,7,1,0.25746,0.78365,0.185597,0.26238
S74A,S74,A,1,0.304296,0.389104,0.158077,0.616001
S74A,S7A,4,1,0.298334,0.605091,0.194285,0.412054
S74A,4A,7S,2,0.270112,0.826477,0.308611,0.164597
S74A,74,AS,2,0.330433,0.487815,0.261169,0.417005
S74A,7A,4S,2,0.324239,0.693474,0.32072,0.272837
S74A,S4,7A,2,0.382667,0.478764,0.265787,0.519145
S74A,S7,4A,2,0.412164,0.306607,0.279539,0.643955
S74A,SA,47,2,0.376474,0.679058,0.32478,0.411946
S74A,4,7AS,3,0.396002,0.561256,0.328217,0.378829
S74A,7,4AS,3,0.438785,0.415387,0.345288,0.497042
S74A,A,47S,3,0.389509,0.747763,0.400199,0.275043
S74A,S,47A,3,0.482151,0.402835,0.350997,0.611904
S74A,(none),47AS,4,0.497096,0.497096,0.383947,0.475745
S754,S754,(none),0,0.183324,0.34204,0.0,0.48002
S754,754,S,1,0.211184,0.446384,0.14939,0.315327
S754,S54,7,1,0.271138,0.440639,0.152286,0.467149
S754,S74,5,1,0.304296,0.389104,0.158077,0.616001
S754,S75,4,1,0.308488,0.288147,0.160973,0.645593
S754,54,7S,2,0.284949,0.526968,0.251948,0.315654
S754,74,5S,2,0.330433,0.487815,0.261169,0.417005
S754,75,4S,2,0.335966,0.397252,0.265753,0.457881
S754,S4,57,2,0.382667,0.478764,0.265787,0.519145
S754,S5,47,2,0.3882,0.3882,0.270371,0.573535
S754,S7,45,2,0.412164,0.306607,0.279539,0.643955
S754,4,57S,3,0.396002,0.561256,0.328217,0.378829
S754,5,47S,3,0.402835,0.482151,0.333899,0.425606
S754,7,45S,3,0.438785,0.415387,0.345288,0.497042
S754,S,457,3,0.482151,0.402835,0.350997,0.611904
S754,(none),457S,4,0.497096,0.497096,0.383947,0.475745
S755,S755,(none),0,0.186125,0.215888,0.602254,0.542215
S755,755,S,1,0.21514,0.331764,0.650152,0.365408
S755,S55,7,1,0.275094,0.329551,0.650398,0.504345
S755,S75,(none),1,0.308488,0.288147,0.160973,0.645593
S755,55,7S,2,0.290039,0.429858,0.682434,0.350274
S755,75,S,2,0.335966,0.397252,0.265753,0.457881
S755,S5,7,2,0.3882,0.3882,0.270371,0.573535
S755,S7,5,2,0.412164,0.306607,0.279539,0.643955
S755,5,7S,3,0.402835,0.482151,0.333899,0.425606
S755,7,5S,3,0.438785,0.415387,0.345288,0.497042
S755,S,57,3,0.482151,0.402835,0.350997,0.611904
S755,(none),57S,4,0.497096,0.497096,0.383947,0.475745
S75A,S75A,(none),0,0.177722,0.629478,0.0,0.340431
S75A,75A,S,1,0.205222,0.708257,0.185597,0.206854
S75A,S5A,7,1,0.265176,0.697828,0.188493,0.314177
S75A,S75,A,1,0.308488,0.288147,0.160973,0.645593
S75A,S7A,5,1,0.298334,0.605091,0.194285,0.412054
S75A,5A,7S,2,0.278756,0.75919,0.312635,0.201191
S75A,75,AS,2,0.335966,0.397252,0.265753,0.457881
S75A,7A,5S,2,0.324239,0.693474,0.32072,0.272837
S75A,S5,7A,2,0.3882,0.3882,0.270371,0.573535
S75A,S7,5A,2,0.412164,0.306607,0.279539,0.643955
S75A,SA,57,2,0.376474,0.679058,0.32478,0.411946
S75A,5,7AS,3,0.402835,0.482151,0.333899,0.425606
S75A,7,5AS,3,0.438785,0.415387,0.345288,0.497042
S75A,A,57S,3,0.389509,0.747763,0.400199,0.275043
S75A,S,57A,3,0.482151,0.402835,0.350997,0.611904
S75A,(none),57AS,4,0.497096,0.497096,0.383947,0.475745
S764,S764,(none),0,0.192778,0.303348,0.0,0.542215
S764,764,S,1,0.224001,0.415189,0.152286,0.364047
S764,S64,7,1,0.283955,0.409444,0.155182,0.50341
S764,S74,6,1,0.304296,0.389104,0.158077,0.616001
S764,S76,4,1,0.314232,0.228194,0.163869,0.613824
S764,64,7S,2,0.301073,0.502728,0.256556,0.348929
S764,74,6S,2,0.330433,0.487815,0.261169,0.417005
S764,76,4S,2,0.345017,0.345017,0.270337,0.466753
S764,S4,67,2,0.382667,0.478764,0.265787,0.519145
S764,S6,47,2,0.397252,0.335966,0.274955,0.605003
S764,S7,46,2,0.412164,0.306607,0.279539,0.643955
S764,4,67S,3,0.396002,0.561256,0.328217,0.378829
S764,6,47S,3,0.415387,0.438785,0.339589,0.458268
S764,7,46S,3,0.438785,0.415387,0.345288,0.497042
S764,S,467,3,0.482151,0.402835,0.350997,0.611904
S764,(none),467S,4,0.497096,0.497096,0.383947,0.475745
S765,S765,(none),0,0.195579,0.195579,0.0,0.604016
S765,765,S,1,0.228194,0.314232,0.155182,0.413023
S765,S65,7,1,0.288147,0.308488,0.158077,0.615835
S765,S75,6,1,0.308488,0.288147,0.160973,0.645593
S765,S76,5,1,0.314232,0.228194,0.163869,0.613824
S765,65,7S,2,0.306607,0.412164,0.26114,0.416893
S765,75,6S,2,0.335966,0.397252,0.265753,0.457881
S765,76,5S,2,0.345017,0.345017,0.270337,0.466753
S765,S5,67,2,0.3882,0.3882,0.270371,0.573535
S765,S6,57,2,0.397252,0.335966,0.274955,0.605003
S765,S7,56,2,0.412164,0.306607,0.279539,0.643955
S765,5,67S,3,0.402835,0.482151,0.333899,0.425606
S765,6,57S,3,0.415387,0.438785,0.339589,0.458268
S765,7,56S,3,0.438785,0.415387,0.345288,0.497042
S765,S,567,3,0.482151,0.402835,0.350997,0.611904
S765,(none),567S,4,0.497096,0.497096,0.383947,0.475745
S766,S766,(none),0,0.198381,0.11394,0.637969,0.67003
S766,766,S,1,0.233181,0.242609,0.681158,0.469447
S766,S66,7,1,0.293135,0.240396,0.681403,0.645707
S766,S76,(none),1,0.314232,0.228194,0.163869,0.613824
S766,66,7S,2,0.314067,0.356429,0.710428,0.458276
S766,76,S,2,0.345017,0.345017,0.270337,0.466753
S766,S6,7,2,0.397252,0.335966,0.274955,0.605003
S766,S7,6,2,0.412164,0.306607,0.279539,0.643955
S766,6,7S,3,0.415387,0.438785,0.339589,0.458268
S766,7,6S,3,0.438785,0.415387,0.345288,0.497042
S766,S,67,3,0.482151,0.402835,0.350997,0.611904
S766,(none),67S,4,0.497096,0.497096,0.383947,0.475745
S76A,S76A,(none),0,0.187176,0.552095,0.0,0.378772
S76A,76A,S,1,0.218039,0.651563,0.188493,0.236135
S76A,S6A,7,1,0.277993,0.641135,0.191389,0.36224
S76A,S76,A,1,0.314232,0.228194,0.163869,0.613824
S76A,S7A,6,1,0.298334,0.605091,0.194285,0.412054
S76A,6A,7S,2,0.29488,0.718023,0.316672,0.235907
S76A,76,AS,2,0.345017,0.345017,0.270337,0.466753
S76A,7A,6S,2,0.324239,0.693474,0.32072,0.272837
S76A,S6,7A,2,0.397252,0.335966,0.274955,0.605003
S76A,S7,6A,2,0.412164,0.306607,0.279539,0.643955
S76A,SA,67,2,0.376474,0.679058,0.32478,0.411946
S76A,6,7AS,3,0.415387,0.438785,0.339589,0.458268
S76A,7,6AS,3,0.438785,0.415387,0.345288,0.497042
S76A,A,67S,3,0.389509,0.747763,0.400199,0.275043
S76A,S,67A,3,0.482151,0.402835,0.350997,0.611904
S76A,(none),67AS,4,0.497096,0.497096,0.383947,0.475745
S774,S774,(none),0,0.201532,0.27271,0.673684,0.604016
S774,774,S,1,0.238764,0.394091,0.712068,0.414462
S774,S74,(none),1,0.304296,0.389104,0.158077,0.616001
S774,S77,4,1,0.320667,0.187535,0.712409,0.657035
S774,74,S,2,0.330433,0.487815,0.261169,0.417005
S774,77,4S,2,0.356429,0.314067,0.738461,0.510698
S774,S4,7,2,0.382667,0.478764,0.265787,0.519145
S774,S7,4,2,0.412164,0.306607,0.279539,0.643955
S774,4,7S,3,0.396002,0.561256,0.328217,0.378829
S774,7,4S,3,0.438785,0.415387,0.345288,0.497042
S774,S,47,3,0.482151,0.402835,0.350997,0.611904
S774,(none),47S,4,0.497096,0.497096,0.383947,0.475745
S775,S775,(none),0,0.202582,0.164941,0.673684,0.67003
S775,775,S,1,0.240396,0.293135,0.7121,0.468511
S775,S75,(none),1,0.308488,0.288147,0.160973,0.645593
S775,S77,5,1,0.320667,0.187535,0.712409,0.657035
S775,75,S,2,0.335966,0.397252,0.265753,0.457881
S775,77,5S,2,0.356429,0.314067,0.738461,0.510698
S775,S5,7,2,0.3882,0.3882,0.270371,0.573535
S775,S7,5,2,0.412164,0.306607,0.279539,0.643955
S775,5,7S,3,0.402835,0.482151,0.333899,0.425606
S775,7,5S,3,0.438785,0.415387,0.345288,0.497042
S775,S,57,3,0.482151,0.402835,0.350997,0.611904
S775,(none),57S,4,0.497096,0.497096,0.383947,0.475745
S776,S776,(none),0,0.203633,0.101685,0.673684,0.699442
S776,776,S,1,0.242609,0.233181,0.712132,0.503242
S776,S76,(none),1,0.314232,0.228194,0.163869,0.613824
S776,S77,6,1,0.320667,0.187535,0.712409,0.657035
S776,76,S,2,0.345017,0.345017,0.270337,0.466753
S776,77,6S,2,0.356429,0.314067,0.738461,0.510698
S776,S6,7,2,0.397252,0.335966,0.274955,0.605003
S776,S7,6,2,0.412164,0.306607,0.279539,0.643955
S776,6,7S,3,0.415387,0.438785,0.339589,0.458268
S776,7,6S,3,0.438785,0.415387,0.345288,0.497042
S776,S,67,3,0.482151,0.402835,0.350997,0.611904
S776,(none),67S,4,0.497096,0.497096,0.383947,0.475745
S777,S777,(none),0,0.204683,0.052829,0.937521,0.908261
S777,777,S,1,0.244898,0.18937,0.938462,0.619037
S777,S77,(none),1,0.320667,0.187535,0.712409,0.657035
S777,77,S,2,0.356429,0.314067,0.738461,0.510698
S777,S7,(none),2,0.412164,0.306607,0.279539,0.643955
S777,7,S,3,0.438785,0.415387,0.345288,0.497042
S777,S,7,3,0.482151,0.402835,0.350997,0.611904
S777,(none),7S,4,0.497096,0.497096,0.383947,0.475745
S77A,S77A,(none),0,0.199431,0.49082,0.673684,0.412091
S77A,77A,S,1,0.23641,0.614005,0.743883,0.263877
S77A,S77,A,1,0.320667,0.187535,0.712409,0.657035
S77A,S7A,(none),1,0.298334,0.605091,0.194285,0.412054
S77A,77,AS,2,0.356429,0.314067,0.738461,0.510698
S77A,7A,S,2,0.324239,0.693474,0.32072,0.272837
S77A,S7,A,2,0.412164,0.306607,0.279539,0.643955
S77A,SA,7,2,0.376474,0.679058,0.32478,0.411946
S77A,7,AS,3,0.438785,0.415387,0.345288,0.497042
S77A,A,7S,3,0.389509,0.747763,0.400199,0.275043
S77A,S,7A,3,0.482151,0.402835,0.350997,0.611904
S77A,(none),7AS,4,0.497096,0.497096,0.383947,0.475745
S7AA,S7AA,(none),0,0.166167,0.879133,0.434183,0.151034
S7AA,7AA,S,1,0.192322,0.911328,0.555251,0.084723
S7AA,S7A,(none),1,0.298334,0.605091,0.194285,0.412054
S7AA,SAA,7,1,0.252276,0.902236,0.555497,0.152816
S7AA,7A,S,2,0.324239,0.693474,0.32072,0.272837
S7AA,AA,7S,2,0.264751,0.926301,0.625354,0.091058
S7AA,S7,A,2,0.412164,0.306607,0.279539,0.643955
S7AA,SA,7,2,0.376474,0.679058,0.32478,0.411946
S7AA,7,AS,3,0.438785,0.415387,0.345288,0.497042
S7AA,A,7S,3,0.389509,0.747763,0.400199,0.275043
S7AA,S,7A,3,0.482151,0.402835,0.350997,0.611904
S7AA,(none),7AS,4,0.497096,0.497096,0.383947,0.475745
SAAA,SAAA,(none),0,0.116271,0.986979,0.913185,0.024051
SAAA,AAA,S,1,0.130419,0.98943,0.919762,0.012321
SAAA,SAA,(none),1,0.252276,0.902236,0.555497,0.152816
SAAA,AA,S,2,0.264751,0.926301,0.625354,0.091058
SAAA,SA,(none),2,0.376474,0.679058,0.32478,0.411946
SAAA,A,S,3,0.389509,0.747763,0.400199,0.275043
SAAA,S,A,3,0.482151,0.402835,0.350997,0.611904
SAAA,(none),AS,4,0.497096,0.497096,0.383947,0.475745
SS44,SS44,(none),0,0.208797,0.37491,0.97422,0.604016
SS44,S44,(none),1,0.263516,0.473834,0.619392,0.413551
SS44,SS4,(none),1,0.32792,0.37605,0.743287,0.66944
SS44,44,S,2,0.2765,0.554287,0.654471,0.274964
SS44,S4,(none),2,0.382667,0.478764,0.265787,0.519145
SS44,SS,4,2,0.429858,0.290039,0.766539,0.74681
SS44,4,S,3,0.396002,0.561256,0.328217,0.378829
SS44,S,4,3,0.482151,0.402835,0.350997,0.611904
SS44,(none),4S,4,0.497096,0.497096,0.383947,0.475745
SS4A,SS4A,(none),0,0.206697,0.720166,0.709399,0.412091
SS4A,S4A,(none),1,0.25746,0.78365,0.185597,0.26238
SS4A,SS4,A,1,0.32792,0.37605,0.743287,0.66944
SS4A,SSA,4,1,0.325566,0.582561,0.771569,0.612055
SS4A,4A,S,2,0.270112,0.826477,0.308611,0.164597
SS4A,S4,A,2,0.382667,0.478764,0.265787,0.519145
SS4A,SA,4,2,0.376474,0.679058,0.32478,0.411946
SS4A,SS,4A,2,0.429858,0.290039,0.766539,0.74681
SS4A,4,AS,3,0.396002,0.561256,0.328217,0.378829
SS4A,A,4S,3,0.389509,0.747763,0.400199,0.275043
SS4A,S,4A,3,0.482151,0.402835,0.350997,0.611904
SS4A,(none),4AS,4,0.497096,0.497096,0.383947,0.475745
SS54,SS54,(none),0,0.211292,0.332586,0.709399,0.67003
SS54,S54,(none),1,0.271138,0.440639,0.152286,0.467149
SS54,SS4,5,1,0.32792,0.37605,0.743287,0.66944
SS54,SS5,4,1,0.329551,0.275094,0.743319,0.723571
SS54,54,S,2,0.284949,0.526968,0.251948,0.315654
SS54,S4,5,2,0.382667,0.478764,0.265787,0.519145
SS54,S5,4,2,0.3882,0.3882,0.270371,0.573535
SS54,SS,45,2,0.429858,0.290039,0.766539,0.74681
SS54,4,5S,3,0.396002,0.561256,0.328217,0.378829
SS54,5,4S,3,0.402835,0.482151,0.333899,0.425606
SS54,S,45,3,0.482151,0.402835,0.350997,0.611904
SS54,(none),45S,4,0.497096,0.497096,0.383947,0.475745
SS55,SS55,(none),0,0.212343,0.212343,0.974614,0.699442
SS55,S55,(none),1,0.275094,0.329551,0.650398,0.504345
SS55,SS5,(none),1,0.329551,0.275094,0.743319,0.723571
SS55,55,S,2,0.290039,0.429858,0.682434,0.350274
SS55,S5,(none),2,0.3882,0.3882,0.270371,0.573535
SS55,SS,5,2,0.429858,0.290039,0.766539,0.74681
SS55,5,S,3,0.402835,0.482151,0.333899,0.425606
SS55,S,5,3,0.482151,0.402835,0.350997,0.611904
SS55,(none),5S,4,0.497096,0.497096,0.383947,0.475745
SS5A,SS5A,(none),0,0.209191,0.61057,0.709399,0.48002
SS5A,S5A,(none),1,0.265176,0.697828,0.188493,0.314177
SS5A,SS5,A,1,0.329551,0.275094,0.743319,0.723571
SS5A,SSA,5,1,0.325566,0.582561,0.771569,0.612055
SS5A,5A,S,2,0.278756,0.75919,0.312635,0.201191
SS5A,S5,A,2,0.3882,0.3882,0.270371,0.573535
SS5A,SA,5,2,0.376474,0.679058,0.32478,0.411946
SS5A,SS,5A,2,0.429858,0.290039,0.766539,0.74681
SS5A,5,AS,3,0.402835,0.482151,0.333899,0.425606
SS5A,A,5S,3,0.389509,0.747763,0.400199,0.275043
SS5A,S,5A,3,0.482151,0.402835,0.350997,0.611904
SS5A,(none),5AS,4,0.497096,0.497096,0.383947,0.475745
SS64,SS64,(none),0,0.214838,0.293894,0.709399,0.699442
SS64,S64,(none),1,0.283955,0.409444,0.155182,0.50341
SS64,SS4,6,1,0.32792,0.37605,0.743287,0.66944
SS64,SS6,4,1,0.331764,0.21514,0.743351,0.748187
SS64,64,S,2,0.301073,0.502728,0.256556,0.348929
SS64,S4,6,2,0.382667,0.478764,0.265787,0.519145
SS64,S6,4,2,0.397252,0.335966,0.274955,0.605003
SS64,SS,46,2,0.429858,0.290039,0.766539,0.74681
SS64,4,6S,3,0.396002,0.561256,0.328217,0.378829
SS64,6,4S,3,0.415387,0.438785,0.339589,0.458268
SS64,S,46,3,0.482151,0.402835,0.350997,0.611904
SS64,(none),46S,4,0.497096,0.497096,0.383947,0.475745
SS65,SS65,(none),0,0.215888,0.186125,0.709399,0.908261
SS65,S65,(none),1,0.288147,0.308488,0.158077,0.615835
SS65,SS5,6,1,0.329551,0.275094,0.743319,0.723571
SS65,SS6,5,1,0.331764,0.21514,0.743351,0.748187
SS65,65,S,2,0.306607,0.412164,0.26114,0.416893
SS65,S5,6,2,0.3882,0.3882,0.270371,0.573535
SS65,S6,5,2,0.397252,0.335966,0.274955,0.605003
SS65,SS,56,2,0.429858,0.290039,0.766539,0.74681
SS65,5,6S,3,0.402835,0.482151,0.333899,0.425606
SS65,6,5S,3,0.415387,0.438785,0.339589,0.458268
SS65,S,56,3,0.482151,0.402835,0.350997,0.611904
SS65,(none),56S,4,0.497096,0.497096,0.383947,0.475745
SS66,SS66,(none),0,0.216938,0.110395,0.975008,0.879374
SS66,S66,(none),1,0.293135,0.240396,0.681403,0.645707
SS66,SS6,(none),1,0.331764,0.21514,0.743351,0.748187
SS66,66,S,2,0.314067,0.356429,0.710428,0.458276
SS66,S6,(none),2,0.397252,0.335966,0.274955,0.605003
SS66,SS,6,2,0.429858,0.290039,0.766539,0.74681
SS66,6,S,3,0.415387,0.438785,0.339589,0.458268
SS66,S,6,3,0.482151,0.402835,0.350997,0.611904
SS66,(none),6S,4,0.497096,0.497096,0.383947,0.475745
SS6A,SS6A,(none),0,0.212737,0.533187,0.709399,0.542215
SS6A,S6A,(none),1,0.277993,0.641135,0.191389,0.36224
SS6A,SS6,A,1,0.331764,0.21514,0.743351,0.748187
SS6A,SSA,6,1,0.325566,0.582561,0.771569,0.612055
SS6A,6A,S,2,0.29488,0.718023,0.316672,0.235907
SS6A,S6,A,2,0.397252,0.335966,0.274955,0.605003
SS6A,SA,6,2,0.376474,0.679058,0.32478,0.411946
SS6A,SS,6A,2,0.429858,0.290039,0.766539,0.74681
SS6A,6,AS,3,0.415387,0.438785,0.339589,0.458268
SS6A,A,6S,3,0.389509,0.747763,0.400199,0.275043
SS6A,S,6A,3,0.482151,0.402835,0.350997,0.611904
SS6A,(none),6AS,4,0.497096,0.497096,0.383947,0.475745
SS74,SS74,(none),0,0.219433,0.268509,0.709399,0.908261
SS74,S74,(none),1,0.304296,0.389104,0.158077,0.616001
SS74,SS4,7,1,0.32792,0.37605,0.743287,0.66944
SS74,SS7,4,1,0.334787,0.181407,0.743383,0.780073
SS74,74,S,2,0.330433,0.487815,0.261169,0.417005
SS74,S4,7,2,0.382667,0.478764,0.265787,0.519145
SS74,S7,4,2,0.412164,0.306607,0.279539,0.643955
SS74,SS,47,2,0.429858,0.290039,0.766539,0.74681
SS74,4,7S,3,0.396002,0.561256,0.328217,0.378829
SS74,7,4S,3,0.438785,0.415387,0.345288,0.497042
SS74,S,47,3,0.482151,0.402835,0.350997,0.611904
SS74,(none),47S,4,0.497096,0.497096,0.383947,0.475745
SS75,SS75,(none),0,0.220484,0.16074,0.709399,0.879374
SS75,S75,(none),1,0.308488,0.288147,0.160973,0.645593
SS75,SS5,7,1,0.329551,0.275094,0.743319,0.723571
SS75,SS7,5,1,0.334787,0.181407,0.743383,0.780073
SS75,75,S,2,0.335966,0.397252,0.265753,0.457881
SS75,S5,7,2,0.3882,0.3882,0.270371,0.573535
SS75,S7,5,2,0.412164,0.306607,0.279539,0.643955
SS75,SS,57,2,0.429858,0.290039,0.766539,0.74681
SS75,5,7S,3,0.402835,0.482151,0.333899,0.425606
SS75,7,5S,3,0.438785,0.415387,0.345288,0.497042
SS75,S,57,3,0.482151,0.402835,0.350997,0.611904
SS75,(none),57S,4,0.497096,0.497096,0.383947,0.475745
SS76,SS76,(none),0,0.221534,0.097483,0.709399,0.732531
SS76,S76,(none),1,0.314232,0.228194,0.163869,0.613824
SS76,SS6,7,1,0.331764,0.21514,0.743351,0.748187
SS76,SS7,6,1,0.334787,0.181407,0.743383,0.780073
SS76,76,S,2,0.345017,0.345017,0.270337,0.466753
SS76,S6,7,2,0.397252,0.335966,0.274955,0.605003
SS76,S7,6,2,0.412164,0.306607,0.279539,0.643955
SS76,SS,67,2,0.429858,0.290039,0.766539,0.74681
SS76,6,7S,3,0.415387,0.438785,0.339589,0.458268
SS76,7,6S,3,0.438785,0.415387,0.345288,0.497042
SS76,S,67,3,0.482151,0.402835,0.350997,0.611904
SS76,(none),67S,4,0.497096,0.497096,0.383947,0.475745
SS77,SS77,(none),0,0.222585,0.051909,0.975402,0.75354
SS77,S77,(none),1,0.320667,0.187535,0.712409,0.657035
SS77,SS7,(none),1,0.334787,0.181407,0.743383,0.780073
SS77,77,S,2,0.356429,0.314067,0.738461,0.510698
SS77,S7,(none),2,0.412164,0.306607,0.279539,0.643955
SS77,SS,7,2,0.429858,0.290039,0.766539,0.74681
SS77,7,S,3,0.438785,0.415387,0.345288,0.497042
SS77,S,7,3,0.482151,0.402835,0.350997,0.611904
SS77,(none),7S,4,0.497096,0.497096,0.383947,0.475745
SS7A,SS7A,(none),0,0.217332,0.482416,0.709399,0.604016
SS7A,S7A,(none),1,0.298334,0.605091,0.194285,0.412054
SS7A,SS7,A,1,0.334787,0.181407,0.743383,0.780073
SS7A,SSA,7,1,0.325566,0.582561,0.771569,0.612055
SS7A,7A,S,2,0.324239,0.693474,0.32072,0.272837
SS7A,S7,A,2,0.412164,0.306607,0.279539,0.643955
SS7A,SA,7,2,0.376474,0.679058,0.32478,0.411946
SS7A,SS,7A,2,0.429858,0.290039,0.766539,0.74681
SS7A,7,AS,3,0.438785,0.415387,0.345288,0.497042
SS7A,A,7S,3,0.389509,0.747763,0.400199,0.275043
SS7A,S,7A,3,0.482151,0.402835,0.350997,0.611904
SS7A,(none),7AS,4,0.497096,0.497096,0.383947,0.475745
SSAA,SSAA,(none),0,0.204858,0.862589,0.972382,0.253857
SSAA,SAA,(none),1,0.252276,0.902236,0.555497,0.152816
SSAA,SSA,(none),1,0.325566,0.582561,0.771569,0.612055
SSAA,AA,S,2,0.264751,0.926301,0.625354,0.091058
SSAA,SA,(none),2,0.376474,0.679058,0.32478,0.411946
SSAA,SS,A,2,0.429858,0.290039,0.766539,0.74681
SSAA,A,S,3,0.389509,0.747763,0.400199,0.275043
SSAA,S,A,3,0.482151,0.402835,0.350997,0.611904
SSAA,(none),AS,4,0.497096,0.497096,0.383947,0.475745
SSS4,SSS4,(none),0,0.223329,0.248375,0.939096,0.75354
SSS4,SS4,(none),1,0.32792,0.37605,0.743287,0.66944
SSS4,SSS,4,1,0.337662,0.157658,0.940088,0.842662
SSS4,S4,(none),2,0.382667,0.478764,0.265787,0.519145
SSS4,SS,4,2,0.429858,0.290039,0.766539,0.74681
SSS4,4,S,3,0.396002,0.561256,0.328217,0.378829
SSS4,S,4,3,0.482151,0.402835,0.350997,0.611904
SSS4,(none),4S,4,0.497096,0.497096,0.383947,0.475745
SSS5,SSS5,(none),0,0.223504,0.140606,0.939096,0.785928
SSS5,SS5,(none),1,0.329551,0.275094,0.743319,0.723571
SSS5,SSS,5,1,0.337662,0.157658,0.940088,0.842662
SSS5,S5,(none),2,0.3882,0.3882,0.270371,0.573535
SSS5,SS,5,2,0.429858,0.290039,0.766539,0.74681
SSS5,5,S,3,0.402835,0.482151,0.333899,0.425606
SSS5,S,5,3,0.482151,0.402835,0.350997,0.611904
SSS5,(none),5S,4,0.497096,0.497096,0.383947,0.475745
SSS6,SSS6,(none),0,0.223679,0.07735,0.939096,0.810439
SSS6,SS6,(none),1,0.331764,0.21514,0.743351,0.748187
SSS6,SSS,6,1,0.337662,0.157658,0.940088,0.842662
SSS6,S6,(none),2,0.397252,0.335966,0.274955,0.605003
SSS6,SS,6,2,0.429858,0.290039,0.766539,0.74681
SSS6,6,S,3,0.415387,0.438785,0.339589,0.458268
SSS6,S,6,3,0.482151,0.402835,0.350997,0.611904
SSS6,(none),6S,4,0.497096,0.497096,0.383947,0.475745
SSS7,SSS7,(none),0,0.223854,0.04425,0.939096,0.834949
SSS7,SS7,(none),1,0.334787,0.181407,0.743383,0.780073
SSS7,SSS,7,1,0.337662,0.157658,0.940088,0.842662
SSS7,S7,(none),2,0.412164,0.306607,0.279539,0.643955
SSS7,SS,7,2,0.429858,0.290039,0.766539,0.74681
SSS7,7,S,3,0.438785,0.415387,0.345288,0.497042
SSS7,S,7,3,0.482151,0.402835,0.350997,0.611904
SSS7,(none),7S,4,0.497096,0.497096,0.383947,0.475745
SSSA,SSSA,(none),0,0.222978,0.442149,0.939096,0.908261
SSSA,SSA,(none),1,0.325566,0.582561,0.771569,0.612055
SSSA,SSS,A,1,0.337662,0.157658,0.940088,0.842662
SSSA,SA,(none),2,0.376474,0.679058,0.32478,0.411946
SSSA,SS,A,2,0.429858,0.290039,0.766539,0.74681
SSSA,A,S,3,0.389509,0.747763,0.400199,0.275043
SSSA,S,A,3,0.482151,0.402835,0.350997,0.611904
SSSA,(none),AS,4,0.497096,0.497096,0.383947,0.475745
SSSS,SSSS,(none),0,0.224029,0.019904,0.975796,0.859459
SSSS,SSS,(none),1,0.337662,0.157658,0.940088,0.842662
SSSS,SS,(none),2,0.429858,0.290039,0.766539,0.74681
SSSS,S,(none),3,0.482151,0.402835,0.350997,0.611904
SSSS,(none),S,4,0.497096,0.497096,0.383947,0.475745
